Log file open, 08/30/26 22:03:08
LogConfig: No local boot hotfix file found at: [../../../../../../UE5_My_Project/LyraStarterGame/Saved/PersistentDownloadDir/HotfixForNextBoot.txt]
LogConfig: Display: Loading VulkanPC ini files took 0.05 seconds
LogConfig: Display: Loading IOS ini files took 0.05 seconds
LogConfig: Display: Loading Mac ini files took 0.05 seconds
LogConfig: Display: Loading Android ini files took 0.06 seconds
LogConfig: Display: Loading VisionOS ini files took 0.06 seconds
LogConfig: Display: Loading Windows ini files took 0.06 seconds
LogConfig: Display: Loading Unix ini files took 0.06 seconds
LogConfig: Display: Loading TVOS ini files took 0.06 seconds
LogConfig: Display: Loading LinuxArm64 ini files took 0.06 seconds
LogConfig: Display: Loading Linux ini files took 0.06 seconds
LogPluginManager: Mounting Engine plugin AudioGameplay
LogPluginManager: Mounting Engine plugin AudioGameplayVolume
LogPluginManager: Mounting Engine plugin Bridge
LogPluginManager: Mounting Engine plugin ChaosCloth
LogPluginManager: Mounting Engine plugin CmdLinkServer
LogPluginManager: Mounting Engine plugin ChaosVD
LogPluginManager: Found config from plugin[ChaosVD] Engine
LogPluginManager: Mounting Engine plugin EnhancedInput
LogPluginManager: Found config from plugin[EnhancedInput] Input
LogPluginManager: Mounting Engine plugin Fab
LogPluginManager: Mounting Engine plugin FastBuildController
LogPluginManager: Mounting Engine plugin MeshPainting
LogPluginManager: Mounting Engine plugin RenderGraphInsights
LogPluginManager: Mounting Engine plugin TraceUtilities
LogPluginManager: Mounting Engine plugin WorldMetrics
LogPluginManager: Mounting Engine plugin XGEController
LogPluginManager: Mounting Engine plugin AISupport
LogPluginManager: Mounting Engine plugin EnvironmentQueryEditor
LogPluginManager: Mounting Engine plugin Niagara
LogPluginManager: Mounting Engine plugin NiagaraSimCaching
LogPluginManager: Mounting Engine plugin AlembicImporter
LogPluginManager: Mounting Engine plugin ACLPlugin
LogPluginManager: Mounting Engine plugin AnimationData
LogPluginManager: Mounting Engine plugin AnimationLocomotionLibrary
LogPluginManager: Mounting Engine plugin AnimationWarping
LogPluginManager: Mounting Engine plugin ControlRigModules
LogPluginManager: Mounting Engine plugin BlendSpaceMotionAnalysis
LogPluginManager: Mounting Engine plugin ControlRig
LogPluginManager: Mounting Engine plugin GameplayInsights
LogPluginManager: Mounting Engine plugin AnimationModifierLibrary
LogPluginManager: Mounting Engine plugin ControlRigSpline
LogPluginManager: Mounting Engine plugin IKRig
LogPluginManager: Mounting Engine plugin MotionWarping
LogPluginManager: Mounting Engine plugin AndroidMedia
LogPluginManager: Mounting Engine plugin AvfMedia
LogPluginManager: Mounting Engine plugin ImgMedia
LogPluginManager: Mounting Engine plugin MediaIOFramework
LogPluginManager: Mounting Engine plugin MediaCompositing
LogPluginManager: Mounting Engine plugin MediaPlate
LogPluginManager: Mounting Engine plugin MediaPlayerEditor
LogPluginManager: Mounting Engine plugin WebMMedia
LogPluginManager: Mounting Engine plugin WmfMedia
LogPluginManager: Mounting Engine plugin CameraShakePreviewer
LogPluginManager: Mounting Engine plugin GameplayCameras
LogPluginManager: Mounting Engine plugin ActorSequence
LogPluginManager: Mounting Engine plugin LevelSequenceEditor
LogPluginManager: Mounting Engine plugin MoviePipelineMaskRenderPass
LogPluginManager: Mounting Engine plugin MovieRenderPipeline
LogPluginManager: Mounting Engine plugin SequencerScripting
LogPluginManager: Mounting Engine plugin TemplateSequence
LogPluginManager: Mounting Engine plugin UdpMessaging
LogPluginManager: Mounting Engine plugin TcpMessaging
LogPluginManager: Mounting Engine plugin OodleNetwork
LogPluginManager: Mounting Engine plugin Takes
LogPluginManager: Mounting Engine plugin OpenColorIO
LogPluginManager: Mounting Engine plugin AnimationSharing
LogPluginManager: Mounting Engine plugin CLionSourceCodeAccess
LogPluginManager: Mounting Engine plugin CodeLiteSourceCodeAccess
LogPluginManager: Mounting Engine plugin DumpGPUServices
LogPluginManager: Mounting Engine plugin GitSourceControl
LogPluginManager: Mounting Engine plugin KDevelopSourceCodeAccess
LogPluginManager: Mounting Engine plugin NullSourceCodeAccess
LogPluginManager: Mounting Engine plugin N10XSourceCodeAccess
LogPluginManager: Mounting Engine plugin PerforceSourceControl
LogPluginManager: Mounting Engine plugin PixWinPlugin
LogPluginManager: Mounting Engine plugin PlasticSourceControl
LogPluginManager: Mounting Engine plugin EOSOverlayInputProvider
LogPluginManager: Mounting Engine plugin PluginUtils
LogPluginManager: Mounting Engine plugin PropertyAccessNode
LogPluginManager: Mounting Engine plugin RiderSourceCodeAccess
LogPluginManager: Mounting Engine plugin SubversionSourceControl
LogPluginManager: Mounting Engine plugin RenderDocPlugin
LogPluginManager: Mounting Engine plugin TextureFormatOodle
LogPluginManager: Mounting Engine plugin TraceDataFilters
LogPluginManager: Mounting Engine plugin UObjectPlugin
LogPluginManager: Mounting Engine plugin VisualStudioCodeSourceCodeAccess
LogPluginManager: Mounting Engine plugin VisualStudioSourceCodeAccess
LogPluginManager: Mounting Engine plugin XCodeSourceCodeAccess
LogPluginManager: Mounting Engine plugin EOSShared
LogPluginManager: Mounting Engine plugin AssetManagerEditor
LogPluginManager: Mounting Engine plugin AssetReferenceRestrictions
LogPluginManager: Mounting Engine plugin OnlineBase
LogPluginManager: Mounting Engine plugin AssetSearch
LogPluginManager: Mounting Engine plugin OnlineFramework
LogPluginManager: Mounting Engine plugin BlueprintHeaderView
LogPluginManager: Mounting Engine plugin OnlineServices
LogPluginManager: Mounting Engine plugin OnlineServicesEOS
LogPluginManager: Mounting Engine plugin BlueprintMaterialTextureNodes
LogPluginManager: Mounting Engine plugin OnlineServicesEOSGS
LogPluginManager: Found config from plugin[OnlineServicesEOSGS] Engine
LogPluginManager: Mounting Engine plugin OnlineServicesNull
LogPluginManager: Found config from plugin[OnlineServicesNull] Engine
LogPluginManager: Mounting Engine plugin OnlineServicesOSSAdapter
LogPluginManager: Mounting Engine plugin ChangelistReview
LogPluginManager: Mounting Engine plugin OnlineSubsystem
LogPluginManager: Mounting Engine plugin OnlineSubsystemNull
LogPluginManager: Mounting Engine plugin OnlineSubsystemEOS
LogPluginManager: Mounting Engine plugin OnlineSubsystemSteam
LogPluginManager: Mounting Engine plugin SocketSubsystemEOS
LogPluginManager: Mounting Engine plugin OnlineSubsystemUtils
LogPluginManager: Mounting Engine plugin ConsoleVariables
LogPluginManager: Mounting Engine plugin CryptoKeys
LogPluginManager: Mounting Engine plugin CurveEditorTools
LogPluginManager: Mounting Engine plugin DataValidation
LogPluginManager: Mounting Engine plugin EditorDebugTools
LogPluginManager: Mounting Engine plugin EditorScriptingUtilities
LogPluginManager: Mounting Engine plugin EngineAssetDefinitions
LogPluginManager: Mounting Engine plugin FacialAnimation
LogPluginManager: Mounting Engine plugin GameplayTagsEditor
LogPluginManager: Mounting Engine plugin GeometryMode
LogPluginManager: Mounting Engine plugin MacGraphicsSwitching
LogPluginManager: Mounting Engine plugin LauncherChunkInstaller
LogPluginManager: Mounting Engine plugin MaterialAnalyzer
LogPluginManager: Mounting Engine plugin MobileLauncherProfileWizard
LogPluginManager: Mounting Engine plugin ModelingToolsEditorMode
LogPluginManager: Mounting Engine plugin MeshLODToolset
LogPluginManager: Mounting Engine plugin PluginBrowser
LogPluginManager: Mounting Engine plugin ProxyLODPlugin
LogPluginManager: Mounting Engine plugin ActorPalette
LogPluginManager: Mounting Engine plugin SequencerAnimTools
LogPluginManager: Mounting Engine plugin SpeedTreeImporter
LogPluginManager: Mounting Engine plugin DatasmithContent
LogPluginManager: Mounting Engine plugin UVEditor
LogPluginManager: Mounting Engine plugin WorldPartitionHLODUtilities
LogPluginManager: Mounting Engine plugin GLTFExporter
LogPluginManager: Mounting Engine plugin VariantManagerContent
LogPluginManager: Mounting Engine plugin VariantManager
LogPluginManager: Mounting Engine plugin AutomationUtils
LogPluginManager: Mounting Engine plugin BackChannel
LogPluginManager: Mounting Engine plugin ChaosCaching
LogPluginManager: Mounting Engine plugin ChaosEditor
LogPluginManager: Mounting Engine plugin ChaosSolverPlugin
LogPluginManager: Mounting Engine plugin ChaosNiagara
LogPluginManager: Mounting Engine plugin ChaosUserDataPT
LogPluginManager: Mounting Engine plugin CharacterAI
LogPluginManager: Mounting Engine plugin CommonConversation
LogPluginManager: Mounting Engine plugin ControlFlows
LogPluginManager: Mounting Engine plugin Dataflow
LogPluginManager: Mounting Engine plugin Fracture
LogPluginManager: Mounting Engine plugin FullBodyIK
LogPluginManager: Mounting Engine plugin GameplayBehaviors
LogPluginManager: Mounting Engine plugin TargetingSystem
LogPluginManager: Mounting Engine plugin Gauntlet
LogPluginManager: Mounting Engine plugin GeometryCollectionPlugin
LogPluginManager: Mounting Engine plugin GeometryFlow
LogPluginManager: Mounting Engine plugin Landmass
LogPluginManager: Mounting Engine plugin LocalizableMessage
LogPluginManager: Mounting Engine plugin MeshModelingToolsetExp
LogPluginManager: Mounting Engine plugin OpenImageDenoise
LogPluginManager: Mounting Engine plugin PlanarCut
LogPluginManager: Mounting Engine plugin PlatformCrypto
LogPluginManager: Mounting Engine plugin PythonScriptPlugin
LogPluginManager: Mounting Engine plugin RemoteSession
LogPluginManager: Mounting Engine plugin SkeletalReduction
LogPluginManager: Mounting Engine plugin StructUtils
LogPluginManager: Mounting Engine plugin StudioTelemetry
LogPluginManager: Mounting Engine plugin ToolPresets
LogPluginManager: Mounting Engine plugin ActorLayerUtilities
LogPluginManager: Mounting Engine plugin Volumetrics
LogPluginManager: Mounting Engine plugin Water
LogPluginManager: Mounting Engine plugin AndroidDeviceProfileSelector
LogPluginManager: Mounting Engine plugin AndroidFileServer
LogPluginManager: Mounting Engine plugin AndroidMoviePlayer
LogPluginManager: Mounting Engine plugin AndroidPermission
LogPluginManager: Mounting Engine plugin AppleImageUtils
LogPluginManager: Mounting Engine plugin AppleMoviePlayer
LogPluginManager: Mounting Engine plugin ArchVisCharacter
LogPluginManager: Mounting Engine plugin AssetTags
LogPluginManager: Mounting Engine plugin AudioCapture
LogPluginManager: Mounting Engine plugin AudioModulation
LogPluginManager: Mounting Engine plugin AudioWidgets
LogPluginManager: Mounting Engine plugin AudioSynesthesia
LogPluginManager: Mounting Engine plugin ChunkDownloader
LogPluginManager: Mounting Engine plugin CableComponent
LogPluginManager: Mounting Engine plugin CommonUI
LogPluginManager: Mounting Engine plugin CustomMeshComponent
LogPluginManager: Mounting Engine plugin DataRegistry
LogPluginManager: Mounting Engine plugin ExampleDeviceProfileSelector
LogPluginManager: Mounting Engine plugin GameFeatures
LogPluginManager: Mounting Engine plugin GameplayAbilities
LogPluginManager: Mounting Engine plugin GameplayBehaviorSmartObjects
LogPluginManager: Mounting Engine plugin GameplayInteractions
LogPluginManager: Mounting Engine plugin GameplayStateTree
LogPluginManager: Mounting Engine plugin GeometryCache
LogPluginManager: Mounting Engine plugin GeometryProcessing
LogPluginManager: Mounting Engine plugin GeometryScripting
LogPluginManager: Mounting Engine plugin GoogleCloudMessaging
LogPluginManager: Mounting Engine plugin GooglePAD
LogPluginManager: Mounting Engine plugin InputDebugging
LogPluginManager: Found config from plugin[InputDebugging] Input
LogPluginManager: Mounting Engine plugin IOSDeviceProfileSelector
LogPluginManager: Mounting Engine plugin LinuxDeviceProfileSelector
LogPluginManager: Mounting Engine plugin LocationServicesBPLibrary
LogPluginManager: Mounting Engine plugin MeshModelingToolset
LogPluginManager: Mounting Engine plugin Metasound
LogPluginManager: Mounting Engine plugin MobilePatchingUtils
LogPluginManager: Mounting Engine plugin ModularGameplay
LogPluginManager: Mounting Engine plugin MsQuic
LogPluginManager: Mounting Engine plugin NavCorridor
LogPluginManager: Mounting Engine plugin ProceduralMeshComponent
LogPluginManager: Mounting Engine plugin PropertyAccessEditor
LogPluginManager: Mounting Engine plugin PropertyBindingUtils
LogPluginManager: Mounting Engine plugin ReplicationGraph
LogPluginManager: Mounting Engine plugin RigVM
LogPluginManager: Mounting Engine plugin SignificanceManager
LogPluginManager: Mounting Engine plugin SmartObjects
LogPluginManager: Mounting Engine plugin SoundFields
LogPluginManager: Mounting Engine plugin InterchangeEditor
LogPluginManager: Mounting Engine plugin SoundUtilities
LogPluginManager: Mounting Engine plugin Paper2D
LogPluginManager: Mounting Engine plugin Interchange
LogPluginManager: Mounting Engine plugin FunctionalTestingEditor
LogPluginManager: Mounting Engine plugin InterchangeTests
LogPluginManager: Mounting Engine plugin Spatialization
LogPluginManager: Mounting Engine plugin StateTree
LogPluginManager: Mounting Engine plugin Synthesis
LogPluginManager: Mounting Engine plugin WaveTable
LogPluginManager: Mounting Engine plugin WebMMoviePlayer
LogPluginManager: Mounting Engine plugin WindowsDeviceProfileSelector
LogPluginManager: Mounting Engine plugin WindowsMoviePlayer
LogPluginManager: Mounting Engine plugin WorldConditions
LogPluginManager: Mounting Engine plugin XRBase
LogPluginManager: Mounting Engine plugin MetaHumanProjectUtilities
LogPluginManager: Mounting Engine plugin EOSVoiceChat
LogPluginManager: Mounting Engine plugin SteamShared
LogPluginManager: Mounting Engine plugin SteamSockets
LogPluginManager: Mounting Engine plugin ContextualAnimation
LogPluginManager: Mounting Engine plugin LightMixer
LogPluginManager: Mounting Engine plugin ContentBrowserFileDataSource
LogPluginManager: Mounting Engine plugin ObjectMixer
LogPluginManager: Mounting Engine plugin ContentBrowserAssetDataSource
LogPluginManager: Mounting Engine plugin ContentBrowserClassDataSource
LogPluginManager: Mounting Engine plugin PortableObjectFileDataSource
LogPluginManager: Mounting Engine plugin BaseCharacterFXEditor
LogPluginManager: Mounting Engine plugin WinDualShock
LogPluginManager: Found config from plugin[WinDualShock] Input
LogPluginManager: Mounting Engine plugin XInputDevice
LogPluginManager: Mounting Engine plugin OnlineSubsystemGooglePlay
LogPluginManager: Mounting Engine plugin SQLiteCore
LogPluginManager: Mounting Engine plugin ConcertMain
LogPluginManager: Mounting Engine plugin AESGCMHandlerComponent
LogPluginManager: Mounting Engine plugin DTLSHandlerComponent
LogPluginManager: Mounting Engine plugin OnlineSubsystemIOS
LogPluginManager: Mounting Engine plugin ConcertSharedSlate
LogPluginManager: Mounting Engine plugin ConcertSyncCore
LogPluginManager: Mounting Engine plugin ConcertSyncClient
LogPluginManager: Mounting Project plugin AsyncMixin
LogPluginManager: Mounting Project plugin CommonGame
LogPluginManager: Mounting Project plugin CommonUser
LogPluginManager: Mounting Project plugin CommonLoadingScreen
LogPluginManager: Mounting Project plugin GameSettings
LogPluginManager: Mounting Project plugin GameplayMessageRouter
LogPluginManager: Mounting Project plugin LyraExtTool
LogPluginManager: Mounting Project plugin GameSubtitles
LogPluginManager: Mounting Project plugin UIExtension
LogPluginManager: Mounting Project plugin LyraExampleContent
LogPluginManager: Mounting Project plugin PocketWorlds
LogPluginManager: Mounting Project plugin ModularGameplayActors
SourceControl: Revision control is disabled
SourceControl: Revision control is disabled
SourceControl: Revision control is disabled
LogWindows: Failed to load 'WinPixGpuCapturer.dll' (GetLastError=126)
LogWindows: File 'WinPixGpuCapturer.dll' does not exist
PixWinPlugin: PIX capture plugin failed to initialize! Check that the process is launched from PIX.
LogConfig: Applying CVar settings from Section [/Script/RenderDocPlugin.RenderDocPluginSettings] File [Engine]
RenderDocPlugin: Display: RenderDoc plugin will not be loaded. Use '-AttachRenderDoc' on the cmd line or enable 'renderdoc.AutoAttach' in the plugin settings.
LogEOSSDK: Initializing EOSSDK Version:1.16.3-32303053
LogInit: Using libcurl 8.4.0
LogInit:  - built for Windows
LogInit:  - supports SSL with OpenSSL/1.1.1t
LogInit:  - supports HTTP deflate (compression) using libz 1.3
LogInit:  - other features:
LogInit:      CURL_VERSION_SSL
LogInit:      CURL_VERSION_LIBZ
LogInit:      CURL_VERSION_IPV6
LogInit:      CURL_VERSION_ASYNCHDNS
LogInit:      CURL_VERSION_LARGEFILE
LogInit:  CurlRequestOptions (configurable via config and command line):
LogInit:  - bVerifyPeer = true  - Libcurl will verify peer certificate
LogInit:  - bUseHttpProxy = true  - Libcurl will use HTTP proxy
LogInit:  - HttpProxyAddress = '127.0.0.1:7897'
LogInit:  - bDontReuseConnections = false  - Libcurl will reuse connections
LogInit:  - MaxHostConnections = 16  - Libcurl will limit the number of connections to a host
LogInit:  - LocalHostAddr = Default
LogInit:  - BufferSize = 65536
LogInit: CreateHttpThread using FCurlHttpThread
LogInit: WinSock: version 1.1 (2.2), MaxSocks=32767, MaxUdp=65467
LogOnline: OSS: Created online subsystem instance for: NULL
LogOnline: OSS: TryLoadSubsystemAndSetDefault: Loaded subsystem for type [NULL]
LogInit: ExecutableName: UnrealEditor-Cmd.exe
LogInit: Build: ++UE5+Release-5.4-CL-35576357
LogInit: Platform=WindowsEditor
LogInit: MachineId=499f95eb43efe17821de4795b737690d
LogInit: DeviceId=
LogInit: Engine Version: 5.4.4-35576357+++UE5+Release-5.4
LogInit: Compatible Engine Version: 5.4.0-33043543+++UE5+Release-5.4
LogInit: Net CL: 33043543
LogInit: OS: Windows 11 (25H2) [10.0.26200.9168] (), CPU: Intel(R) Core(TM) i7-14650HX, GPU: NVIDIA GeForce RTX 4060 Laptop GPU
LogInit: Compiled (64-bit): Aug 16 2024 04:10:34
LogInit: Architecture: x64
LogInit: Compiled with Visual C++: 19.38.33130.00
LogInit: Build Configuration: Development
LogInit: Branch Name: ++UE5+Release-5.4
LogInit: Command Line: /Game/WeaponSystem/Maps/L_WS_WeaponTest -game -nullrhi -nosound -unattended -nop4 -stdout -FullStdOutLogOutput -benchmark -seconds=15
LogInit: Base Directory: D:/UE_Engine/UE_.5.4/UE_5.4/Engine/Binaries/Win64/
LogInit: Allocator: Mimalloc
LogInit: Installed Engine Build: 1
LogInit: This binary is optimized with LTO: no, PGO: no, instrumented for PGO data collection: no
LogDevObjectVersion: Number of dev versions registered: 36
LogDevObjectVersion:   Dev-Blueprints (B0D832E4-1F89-4F0D-ACCF-7EB736FD4AA2): 10
LogDevObjectVersion:   Dev-Build (E1C64328-A22C-4D53-A36C-8E866417BD8C): 0
LogDevObjectVersion:   Dev-Core (375EC13C-06E4-48FB-B500-84F0262A717E): 4
LogDevObjectVersion:   Dev-Editor (E4B068ED-F494-42E9-A231-DA0B2E46BB41): 40
LogDevObjectVersion:   Dev-Framework (CFFC743F-43B0-4480-9391-14DF171D2073): 37
LogDevObjectVersion:   Dev-Mobile (B02B49B5-BB20-44E9-A304-32B752E40360): 3
LogDevObjectVersion:   Dev-Networking (A4E4105C-59A1-49B5-A7C5-40C4547EDFEE): 0
LogDevObjectVersion:   Dev-Online (39C831C9-5AE6-47DC-9A44-9C173E1C8E7C): 0
LogDevObjectVersion:   Dev-Physics (78F01B33-EBEA-4F98-B9B4-84EACCB95AA2): 20
LogDevObjectVersion:   Dev-Platform (6631380F-2D4D-43E0-8009-CF276956A95A): 0
LogDevObjectVersion:   Dev-Rendering (12F88B9F-8875-4AFC-A67C-D90C383ABD29): 48
LogDevObjectVersion:   Dev-Sequencer (7B5AE74C-D270-4C10-A958-57980B212A5A): 13
LogDevObjectVersion:   Dev-VR (D7296918-1DD6-4BDD-9DE2-64A83CC13884): 3
LogDevObjectVersion:   Dev-LoadTimes (C2A15278-BFE7-4AFE-6C17-90FF531DF755): 1
LogDevObjectVersion:   Private-Geometry (6EACA3D4-40EC-4CC1-B786-8BED09428FC5): 3
LogDevObjectVersion:   Dev-AnimPhys (29E575DD-E0A3-4627-9D10-D276232CDCEA): 17
LogDevObjectVersion:   Dev-Anim (AF43A65D-7FD3-4947-9873-3E8ED9C1BB05): 15
LogDevObjectVersion:   Dev-ReflectionCapture (6B266CEC-1EC7-4B8F-A30B-E4D90942FC07): 1
LogDevObjectVersion:   Dev-Automation (0DF73D61-A23F-47EA-B727-89E90C41499A): 1
LogDevObjectVersion:   FortniteMain (601D1886-AC64-4F84-AA16-D3DE0DEAC7D6): 134
LogDevObjectVersion:   FortniteValkyrie (8DBC2C5B-54A7-43E0-A768-FCBB7DA29060): 8
LogDevObjectVersion:   FortniteSeason (5B4C06B7-2463-4AF8-805B-BF70CDF5D0DD): 12
LogDevObjectVersion:   FortniteRelease (E7086368-6B23-4C58-8439-1B7016265E91): 13
LogDevObjectVersion:   Dev-Enterprise (9DFFBCD6-494F-0158-E221-12823C92A888): 10
LogDevObjectVersion:   Dev-Niagara (F2AED0AC-9AFE-416F-8664-AA7FFA26D6FC): 1
LogDevObjectVersion:   Dev-Destruction (174F1F0B-B4C6-45A5-B13F-2EE8D0FB917D): 10
LogDevObjectVersion:   Dev-Physics-Ext (35F94A83-E258-406C-A318-09F59610247C): 41
LogDevObjectVersion:   Dev-PhysicsMaterial-Chaos (B68FC16E-8B1B-42E2-B453-215C058844FE): 1
LogDevObjectVersion:   Dev-CineCamera (B2E18506-4273-CFC2-A54E-F4BB758BBA07): 1
LogDevObjectVersion:   Dev-VirtualProduction (64F58936-FD1B-42BA-BA96-7289D5D0FA4E): 1
LogDevObjectVersion:   UE5-Main (697DD581-E64F-41AB-AA4A-51ECBEB7B628): 119
LogDevObjectVersion:   UE5-Release (D89B5E42-24BD-4D46-8412-ACA8DF641779): 51
LogDevObjectVersion:   UE5-PrivateFrosty (59DA5D52-1232-4948-B878-597870B8E98B): 8
LogDevObjectVersion:   UE5-Dev-Cooker (26075A32-730F-4708-88E9-8C32F1599D05): 0
LogDevObjectVersion:   Dev-MediaFramework (6F0ED827-A609-4895-9C91-998D90180EA4): 2
LogDevObjectVersion:   UE5-Dev-LWCRendering (30D58BE3-95EA-4282-A6E3-B159D8EBB06A): 1
LogInit: Presizing for max 25165824 objects, including 0 objects not considered by GC, pre-allocating 0 bytes for permanent pool.
LogStreaming: Display: AsyncLoading2 - Created: Event Driven Loader: false, Async Loading Thread: false, Async Post Load: false
LogStreaming: Display: AsyncLoading2 - Initialized
LogInit: Object subsystem initialized
LogConfig: Set CVar [[con.DebugEarlyDefault:1]]
LogConfig: CVar [[con.DebugLateDefault:1]] deferred - dummy variable created
LogConfig: CVar [[con.DebugLateCheat:1]] deferred - dummy variable created
LogConfig: CVar [[LogNamedEventFilters:Frame *]] deferred - dummy variable created
LogConfig: Set CVar [[net.SubObjects.DefaultUseSubObjectReplicationList:1]]
LogConfig: Set CVar [[r.setres:1280x720]]
[2026.08.30-14.03.10:817][  0]LogConfig: CVar [[framepro.ScopeMinTimeMicroseconds:10]] deferred - dummy variable created
[2026.08.30-14.03.10:817][  0]LogConfig: Set CVar [[fx.NiagaraAllowRuntimeScalabilityChanges:1]]
[2026.08.30-14.03.10:817][  0]LogConfig: CVar [[QualityLevelMapping:high]] deferred - dummy variable created
[2026.08.30-14.03.10:817][  0]LogConfig: CVar [[r.Occlusion.SingleRHIThreadStall:1]] deferred - dummy variable created
[2026.08.30-14.03.10:817][  0]LogConfig: Set CVar [[r.Shadow.DetectVertexShaderLayerAtRuntime:1]]
[2026.08.30-14.03.10:817][  0]LogConfig: CVar [[D3D12.Bindless.ResourceDescriptorHeapSize:100000]] deferred - dummy variable created
[2026.08.30-14.03.10:817][  0]LogConfig: CVar [[D3D12.Bindless.SamplerDescriptorHeapSize:2048]] deferred - dummy variable created
[2026.08.30-14.03.10:817][  0]LogConfig: CVar [[con.DebugLateDefault:1]] deferred - dummy variable created
[2026.08.30-14.03.10:817][  0]LogConfig: CVar [[con.DebugLateCheat:1]] deferred - dummy variable created
[2026.08.30-14.03.10:817][  0]LogConfig: CVar [[LogNamedEventFilters:Frame *]] deferred - dummy variable created
[2026.08.30-14.03.10:817][  0]LogConfig: CVar [[framepro.ScopeMinTimeMicroseconds:10]] deferred - dummy variable created
[2026.08.30-14.03.10:817][  0]LogConfig: CVar [[QualityLevelMapping:high]] deferred - dummy variable created
[2026.08.30-14.03.10:817][  0]LogConfig: CVar [[r.Occlusion.SingleRHIThreadStall:1]] deferred - dummy variable created
[2026.08.30-14.03.10:817][  0]LogConfig: CVar [[D3D12.Bindless.ResourceDescriptorHeapSize:100000]] deferred - dummy variable created
[2026.08.30-14.03.10:817][  0]LogConfig: CVar [[D3D12.Bindless.SamplerDescriptorHeapSize:2048]] deferred - dummy variable created
[2026.08.30-14.03.10:817][  0]LogConfig: Applying CVar settings from Section [/Script/Engine.RendererSettings] File [Engine]
[2026.08.30-14.03.10:817][  0]LogConfig: CVar [[VisualizeCalibrationColorMaterialPath:/Engine/EngineMaterials/PPM_DefaultCalibrationColor.PPM_DefaultCalibrationColor]] deferred - dummy variable created
[2026.08.30-14.03.10:817][  0]LogConfig: CVar [[VisualizeCalibrationGrayscaleMaterialPath:/Engine/EngineMaterials/PPM_DefaultCalibrationGrayscale.PPM_DefaultCalibrationGrayscale]] deferred - dummy variable created
[2026.08.30-14.03.10:817][  0]LogConfig: Set CVar [[r.GPUCrashDebugging:0]]
[2026.08.30-14.03.10:817][  0]LogConfig: CVar [[MaxSkinBones:(Default=65536,PerPlatform=(("Mobile", 256)))]] deferred - dummy variable created
[2026.08.30-14.03.10:817][  0]LogConfig: Set CVar [[r.SkinCache.CompileShaders:1]]
[2026.08.30-14.03.10:817][  0]LogConfig: Set CVar [[r.DefaultFeature.AutoExposure.ExtendDefaultLuminanceRange:1]]
[2026.08.30-14.03.10:817][  0]LogConfig: Set CVar [[r.VirtualTextures:1]]
[2026.08.30-14.03.10:817][  0]LogConfig: Set CVar [[r.VirtualTexturedLightmaps:0]]
[2026.08.30-14.03.10:817][  0]LogConfig: CVar [[r.SupportMaterialLayers:1]] deferred - dummy variable created
[2026.08.30-14.03.10:817][  0]LogConfig: Set CVar [[r.GPUSkin.Support16BitBoneIndex:1]]
[2026.08.30-14.03.10:817][  0]LogConfig: Set CVar [[r.CustomDepth:3]]
[2026.08.30-14.03.10:817][  0]LogConfig: Set CVar [[r.GenerateMeshDistanceFields:1]]
[2026.08.30-14.03.10:817][  0]LogConfig: Set CVar [[r.AllowStaticLighting:0]]
[2026.08.30-14.03.10:817][  0]LogConfig: Set CVar [[r.ClearCoatNormal:1]]
[2026.08.30-14.03.10:818][  0]LogConfig: Set CVar [[r.Shadow.Virtual.Enable:1]]
[2026.08.30-14.03.10:818][  0]LogConfig: Set CVar [[r.AntiAliasingMethod:4]]
[2026.08.30-14.03.10:818][  0]LogConfig: Set CVar [[r.DefaultFeature.MotionBlur:1]]
[2026.08.30-14.03.10:818][  0]LogConfig: Set CVar [[r.SupportSkyAtmosphereAffectsHeightFog:1]]
[2026.08.30-14.03.10:818][  0]LogConfig: Set CVar [[r.ReflectionMethod:1]]
[2026.08.30-14.03.10:818][  0]LogConfig: Set CVar [[r.DynamicGlobalIlluminationMethod:1]]
[2026.08.30-14.03.10:818][  0]LogConfig: Set CVar [[r.NumBufferedOcclusionQueries:2]]
[2026.08.30-14.03.10:818][  0]LogConfig: Set CVar [[r.InstanceCulling.OcclusionCull:0]]
[2026.08.30-14.03.10:818][  0]LogConfig: CVar [[r.Lumen.TranslucencyReflections.Enable:1]] deferred - dummy variable created
[2026.08.30-14.03.10:818][  0]LogConfig: Set CVar [[r.ReflectionCaptureResolution:256]]
[2026.08.30-14.03.10:818][  0]LogConfig: Set CVar [[r.RayTracing:1]]
[2026.08.30-14.03.10:818][  0]LogConfig: Set CVar [[r.Lumen.HardwareRayTracing:1]]
[2026.08.30-14.03.10:818][  0]LogConfig: Set CVar [[r.RayTracing.Shadows:0]]
[2026.08.30-14.03.10:818][  0]LogConfig: Set CVar [[r.RayTracing.Skylight:0]]
[2026.08.30-14.03.10:818][  0]LogConfig: Set CVar [[r.GPUScene.ParallelUpdate:1]]
[2026.08.30-14.03.10:818][  0]LogConfig: Set CVar [[r.GPUSkin.UnlimitedBoneInfluences:1]]
[2026.08.30-14.03.10:818][  0]LogConfig: Set CVar [[r.SkinCache.DefaultBehavior:0]]
[2026.08.30-14.03.10:818][  0]LogConfig: Set CVar [[r.Mobile.EnableStaticAndCSMShadowReceivers:0]]
[2026.08.30-14.03.10:818][  0]LogConfig: Set CVar [[r.Mobile.FloatPrecisionMode:2]]
[2026.08.30-14.03.10:818][  0]LogConfig: Set CVar [[r.Mobile.AllowDistanceFieldShadows:0]]
[2026.08.30-14.03.10:818][  0]LogConfig: Set CVar [[r.Mobile.DisableVertexFog:1]]
[2026.08.30-14.03.10:818][  0]LogConfig: Set CVar [[r.Mobile.AmbientOcclusion:0]]
[2026.08.30-14.03.10:818][  0]LogConfig: Set CVar [[r.MeshStreaming:1]]
[2026.08.30-14.03.10:818][  0]LogConfig: Set CVar [[r.RayTracing.Geometry.NiagaraMeshes:0]]
[2026.08.30-14.03.10:818][  0]LogConfig: Set CVar [[r.RayTracing.Geometry.NiagaraRibbons:0]]
[2026.08.30-14.03.10:818][  0]LogConfig: Set CVar [[r.RayTracing.Geometry.NiagaraSprites:0]]
[2026.08.30-14.03.10:818][  0]LogConfig: Set CVar [[r.Shaders.RemoveUnusedInterpolators:1]]
[2026.08.30-14.03.10:818][  0]LogConfig: Applying CVar settings from Section [/Script/Engine.RendererOverrideSettings] File [Engine]
[2026.08.30-14.03.10:818][  0]LogConfig: Applying CVar settings from Section [/Script/Engine.StreamingSettings] File [Engine]
[2026.08.30-14.03.10:818][  0]LogConfig: Set CVar [[s.MinBulkDataSizeForAsyncLoading:131072]]
[2026.08.30-14.03.10:818][  0]LogConfig: Set CVar [[s.AsyncLoadingThreadEnabled:1]]
[2026.08.30-14.03.10:818][  0]LogConfig: Set CVar [[s.EventDrivenLoaderEnabled:1]]
[2026.08.30-14.03.10:818][  0]LogConfig: Set CVar [[s.WarnIfTimeLimitExceeded:0]]
[2026.08.30-14.03.10:818][  0]LogConfig: Set CVar [[s.TimeLimitExceededMultiplier:1.5]]
[2026.08.30-14.03.10:818][  0]LogConfig: Set CVar [[s.TimeLimitExceededMinTime:0.005]]
[2026.08.30-14.03.10:818][  0]LogConfig: Set CVar [[s.UseBackgroundLevelStreaming:1]]
[2026.08.30-14.03.10:818][  0]LogConfig: Set CVar [[s.PriorityAsyncLoadingExtraTime:15.0]]
[2026.08.30-14.03.10:819][  0]LogConfig: Set CVar [[s.LevelStreamingActorsUpdateTimeLimit:5.0]]
[2026.08.30-14.03.10:819][  0]LogConfig: Set CVar [[s.PriorityLevelStreamingActorsUpdateExtraTime:5.0]]
[2026.08.30-14.03.10:819][  0]LogConfig: Set CVar [[s.LevelStreamingComponentsRegistrationGranularity:10]]
[2026.08.30-14.03.10:819][  0]LogConfig: Set CVar [[s.UnregisterComponentsTimeLimit:1.0]]
[2026.08.30-14.03.10:819][  0]LogConfig: Set CVar [[s.LevelStreamingComponentsUnregistrationGranularity:5]]
[2026.08.30-14.03.10:819][  0]LogConfig: CVar [[s.MaxPackageSummarySize:16384]] deferred - dummy variable created
[2026.08.30-14.03.10:819][  0]LogConfig: Set CVar [[s.FlushStreamingOnExit:1]]
[2026.08.30-14.03.10:819][  0]LogConfig: CVar [[FixedBootOrder:/Script/Engine/Default__SoundBase]] deferred - dummy variable created
[2026.08.30-14.03.10:819][  0]LogConfig: CVar [[FixedBootOrder:/Script/Engine/Default__MaterialInterface]] deferred - dummy variable created
[2026.08.30-14.03.10:819][  0]LogConfig: CVar [[FixedBootOrder:/Script/Engine/Default__DeviceProfileManager]] deferred - dummy variable created
[2026.08.30-14.03.10:819][  0]LogConfig: Applying CVar settings from Section [/Script/Engine.GarbageCollectionSettings] File [Engine]
[2026.08.30-14.03.10:819][  0]LogConfig: Set CVar [[gc.MaxObjectsNotConsideredByGC:1]]
[2026.08.30-14.03.10:819][  0]LogConfig: Set CVar [[gc.SizeOfPermanentObjectPool:0]]
[2026.08.30-14.03.10:819][  0]LogConfig: Set CVar [[gc.FlushStreamingOnGC:0]]
[2026.08.30-14.03.10:819][  0]LogConfig: Set CVar [[gc.NumRetriesBeforeForcingGC:10]]
[2026.08.30-14.03.10:819][  0]LogConfig: Set CVar [[gc.AllowParallelGC:1]]
[2026.08.30-14.03.10:819][  0]LogConfig: Set CVar [[gc.TimeBetweenPurgingPendingKillObjects:61.1]]
[2026.08.30-14.03.10:819][  0]LogConfig: Set CVar [[gc.MaxObjectsInEditor:25165824]]
[2026.08.30-14.03.10:819][  0]LogConfig: Set CVar [[gc.IncrementalBeginDestroyEnabled:1]]
[2026.08.30-14.03.10:819][  0]LogConfig: Set CVar [[gc.CreateGCClusters:1]]
[2026.08.30-14.03.10:819][  0]LogConfig: Set CVar [[gc.MinGCClusterSize:5]]
[2026.08.30-14.03.10:819][  0]LogConfig: Set CVar [[gc.AssetClustreringEnabled:0]]
[2026.08.30-14.03.10:819][  0]LogConfig: Set CVar [[gc.ActorClusteringEnabled:0]]
[2026.08.30-14.03.10:819][  0]LogConfig: Set CVar [[gc.UseDisregardForGCOnDedicatedServers:1]]
[2026.08.30-14.03.10:819][  0]LogConfig: Set CVar [[gc.MultithreadedDestructionEnabled:1]]
[2026.08.30-14.03.10:819][  0]LogConfig: Set CVar [[gc.VerifyUObjectsAreNotFGCObjects:0]]
[2026.08.30-14.03.10:819][  0]LogConfig: Set CVar [[gc.GarbageEliminationEnabled:0]]
[2026.08.30-14.03.10:819][  0]LogConfig: Applying CVar settings from Section [/Script/Engine.NetworkSettings] File [Engine]
[2026.08.30-14.03.10:819][  0]LogConfig: CVar [[NetworkEmulationProfiles:(ProfileName="Average",ToolTip="Simulates average internet conditions")]] deferred - dummy variable created
[2026.08.30-14.03.10:819][  0]LogConfig: CVar [[NetworkEmulationProfiles:(ProfileName="Bad",ToolTip="Simulates laggy internet conditions")]] deferred - dummy variable created
[2026.08.30-14.03.10:819][  0]LogConfig: Applying CVar settings from Section [/Script/UnrealEd.CookerSettings] File [Engine]
[2026.08.30-14.03.10:819][  0]LogConfig: CVar [[DefaultASTCQualityBySpeed:2]] deferred - dummy variable created
[2026.08.30-14.03.10:819][  0]LogConfig: CVar [[DefaultASTCQualityBySize:3]] deferred - dummy variable created
[2026.08.30-14.03.10:819][  0]LogConfig: CVar [[ClassesExcludedOnDedicatedServer:WidgetBlueprint]] deferred - dummy variable created
[2026.08.30-14.03.10:819][  0]LogConfig: CVar [[ClassesExcludedOnDedicatedServer:GroupActor]] deferred - dummy variable created
[2026.08.30-14.03.10:819][  0]LogConfig: CVar [[ClassesExcludedOnDedicatedServer:MetaData]] deferred - dummy variable created
[2026.08.30-14.03.10:819][  0]LogConfig: CVar [[ClassesExcludedOnDedicatedServer:ObjectRedirector]] deferred - dummy variable created
[2026.08.30-14.03.10:819][  0]LogConfig: CVar [[ClassesExcludedOnDedicatedServer:NavMeshRenderingComponent]] deferred - dummy variable created
[2026.08.30-14.03.10:819][  0]LogConfig: CVar [[ClassesExcludedOnDedicatedServer:ReflectionCaptureComponent]] deferred - dummy variable created
[2026.08.30-14.03.10:819][  0]LogConfig: CVar [[ClassesExcludedOnDedicatedServer:TextRenderComponent]] deferred - dummy variable created
[2026.08.30-14.03.10:819][  0]LogConfig: CVar [[ClassesExcludedOnDedicatedServer:Font]] deferred - dummy variable created
[2026.08.30-14.03.10:819][  0]LogConfig: CVar [[ClassesExcludedOnDedicatedServer:InterpCurveEdSetup]] deferred - dummy variable created
[2026.08.30-14.03.10:819][  0]LogConfig: CVar [[ClassesExcludedOnDedicatedServer:MaterialExpression]] deferred - dummy variable created
[2026.08.30-14.03.10:819][  0]LogConfig: CVar [[ClassesExcludedOnDedicatedServer:NiagaraEmitter]] deferred - dummy variable created
[2026.08.30-14.03.10:819][  0]LogConfig: CVar [[ClassesExcludedOnDedicatedServer:NiagaraScript]] deferred - dummy variable created
[2026.08.30-14.03.10:819][  0]LogConfig: CVar [[ClassesExcludedOnDedicatedServer:ParticleEmitter]] deferred - dummy variable created
[2026.08.30-14.03.10:819][  0]LogConfig: CVar [[ClassesExcludedOnDedicatedServer:ParticleLODLevel]] deferred - dummy variable created
[2026.08.30-14.03.10:819][  0]LogConfig: CVar [[ClassesExcludedOnDedicatedServer:ParticleModule]] deferred - dummy variable created
[2026.08.30-14.03.10:819][  0]LogConfig: CVar [[ClassesExcludedOnDedicatedServer:SubUVAnimation]] deferred - dummy variable created
[2026.08.30-14.03.10:819][  0]LogConfig: CVar [[ClassesExcludedOnDedicatedServer:SoundNode]] deferred - dummy variable created
[2026.08.30-14.03.10:819][  0]LogConfig: CVar [[ClassesExcludedOnDedicatedServer:GameplayEffectUIData]] deferred - dummy variable created
[2026.08.30-14.03.10:819][  0]LogConfig: CVar [[ClassesExcludedOnDedicatedClient:WidgetBlueprint]] deferred - dummy variable created
[2026.08.30-14.03.10:819][  0]LogConfig: CVar [[ClassesExcludedOnDedicatedClient:GroupActor]] deferred - dummy variable created
[2026.08.30-14.03.10:820][  0]LogConfig: CVar [[ClassesExcludedOnDedicatedClient:MetaData]] deferred - dummy variable created
[2026.08.30-14.03.10:820][  0]LogConfig: CVar [[ClassesExcludedOnDedicatedClient:ObjectRedirector]] deferred - dummy variable created
[2026.08.30-14.03.10:820][  0]LogConfig: CVar [[ClassesExcludedOnDedicatedClient:InterpCurveEdSetup]] deferred - dummy variable created
[2026.08.30-14.03.10:820][  0]LogConfig: CVar [[VersionedIntRValues:r.AllowStaticLighting]] deferred - dummy variable created
[2026.08.30-14.03.10:820][  0]LogConfig: CVar [[VersionedIntRValues:r.MaterialEditor.LWCTruncateMode]] deferred - dummy variable created
[2026.08.30-14.03.10:820][  0]LogConfig: CVar [[VersionedIntRValues:r.GBuffer]] deferred - dummy variable created
[2026.08.30-14.03.10:820][  0]LogConfig: CVar [[VersionedIntRValues:r.VelocityOutputPass]] deferred - dummy variable created
[2026.08.30-14.03.10:820][  0]LogConfig: CVar [[VersionedIntRValues:r.SelectiveBasePassOutputs]] deferred - dummy variable created
[2026.08.30-14.03.10:820][  0]LogConfig: CVar [[VersionedIntRValues:r.DBuffer]] deferred - dummy variable created
[2026.08.30-14.03.10:820][  0]LogConfig: CVar [[VersionedIntRValues:r.Mobile.DBuffer]] deferred - dummy variable created
[2026.08.30-14.03.10:820][  0]LogConfig: CVar [[VersionedIntRValues:r.Shaders.Symbols]] deferred - dummy variable created
[2026.08.30-14.03.10:820][  0]LogConfig: CVar [[VersionedIntRValues:r.Shaders.GenerateSymbols]] deferred - dummy variable created
[2026.08.30-14.03.10:820][  0]LogConfig: CVar [[VersionedIntRValues:r.Shaders.WriteSymbols]] deferred - dummy variable created
[2026.08.30-14.03.10:820][  0]LogConfig: CVar [[VersionedIntRValues:r.Shaders.AllowUniqueSymbols]] deferred - dummy variable created
[2026.08.30-14.03.10:820][  0]LogConfig: CVar [[VersionedIntRValues:r.Shaders.ExtraData]] deferred - dummy variable created
[2026.08.30-14.03.10:820][  0]LogConfig: CVar [[VersionedIntRValues:r.Shaders.Optimize]] deferred - dummy variable created
[2026.08.30-14.03.10:820][  0]LogConfig: CVar [[VersionedIntRValues:r.CompileShadersForDevelopment]] deferred - dummy variable created
[2026.08.30-14.03.10:820][  0]LogConfig: CVar [[VersionedIntRValues:r.MobileHDR]] deferred - dummy variable created
[2026.08.30-14.03.10:820][  0]LogConfig: CVar [[VersionedIntRValues:r.UsePreExposure]] deferred - dummy variable created
[2026.08.30-14.03.10:820][  0]LogConfig: CVar [[bCookOnTheFlyForLaunchOn:0]] deferred - dummy variable created
[2026.08.30-14.03.10:963][  0]LogConfig: Applying CVar settings from Section [ViewDistanceQuality@3] File [Scalability]
[2026.08.30-14.03.10:963][  0]LogConfig: Set CVar [[r.SkeletalMeshLODBias:0]]
[2026.08.30-14.03.10:963][  0]LogConfig: Set CVar [[r.ViewDistanceScale:1.0]]
[2026.08.30-14.03.10:963][  0]LogConfig: Set CVar [[foliage.DensityScale:1.0]]
[2026.08.30-14.03.10:963][  0]LogConfig: Set CVar [[grass.DensityScale:1.0]]
[2026.08.30-14.03.10:963][  0]LogConfig: Applying CVar settings from Section [AntiAliasingQuality@3] File [Scalability]
[2026.08.30-14.03.10:963][  0]LogConfig: Set CVar [[r.FXAA.Quality:4]]
[2026.08.30-14.03.10:963][  0]LogConfig: Set CVar [[r.TemporalAA.Quality:2]]
[2026.08.30-14.03.10:963][  0]LogConfig: Set CVar [[r.TSR.History.R11G11B10:1]]
[2026.08.30-14.03.10:963][  0]LogConfig: Set CVar [[r.TSR.History.ScreenPercentage:200]]
[2026.08.30-14.03.10:963][  0]LogConfig: Set CVar [[r.TSR.History.UpdateQuality:3]]
[2026.08.30-14.03.10:963][  0]LogConfig: Set CVar [[r.TSR.ShadingRejection.Flickering:1]]
[2026.08.30-14.03.10:963][  0]LogConfig: Set CVar [[r.TSR.RejectionAntiAliasingQuality:2]]
[2026.08.30-14.03.10:963][  0]LogConfig: Set CVar [[r.TSR.Resurrection:1]]
[2026.08.30-14.03.10:963][  0]LogConfig: Applying CVar settings from Section [ShadowQuality@3] File [Scalability]
[2026.08.30-14.03.10:963][  0]LogConfig: Set CVar [[r.LightFunctionQuality:1]]
[2026.08.30-14.03.10:963][  0]LogConfig: Set CVar [[r.ShadowQuality:5]]
[2026.08.30-14.03.10:963][  0]LogConfig: Set CVar [[r.Shadow.CSM.MaxCascades:10]]
[2026.08.30-14.03.10:963][  0]LogConfig: Set CVar [[r.Shadow.MaxResolution:2048]]
[2026.08.30-14.03.10:963][  0]LogConfig: Set CVar [[r.Shadow.MaxCSMResolution:2048]]
[2026.08.30-14.03.10:963][  0]LogConfig: Set CVar [[r.Shadow.RadiusThreshold:0.01]]
[2026.08.30-14.03.10:963][  0]LogConfig: Set CVar [[r.Shadow.DistanceScale:1.0]]
[2026.08.30-14.03.10:963][  0]LogConfig: Set CVar [[r.Shadow.CSM.TransitionScale:1.0]]
[2026.08.30-14.03.10:963][  0]LogConfig: Set CVar [[r.Shadow.PreShadowResolutionFactor:1.0]]
[2026.08.30-14.03.10:963][  0]LogConfig: Set CVar [[r.DistanceFieldShadowing:1]]
[2026.08.30-14.03.10:963][  0]LogConfig: Set CVar [[r.VolumetricFog:1]]
[2026.08.30-14.03.10:963][  0]LogConfig: Set CVar [[r.VolumetricFog.GridPixelSize:8]]
[2026.08.30-14.03.10:964][  0]LogConfig: Set CVar [[r.VolumetricFog.GridSizeZ:128]]
[2026.08.30-14.03.10:964][  0]LogConfig: Set CVar [[r.VolumetricFog.HistoryMissSupersampleCount:4]]
[2026.08.30-14.03.10:964][  0]LogConfig: Set CVar [[r.LightMaxDrawDistanceScale:1]]
[2026.08.30-14.03.10:964][  0]LogConfig: Set CVar [[r.CapsuleShadows:1]]
[2026.08.30-14.03.10:964][  0]LogConfig: Set CVar [[r.Shadow.Virtual.MaxPhysicalPages:4096]]
[2026.08.30-14.03.10:964][  0]LogConfig: Set CVar [[r.Shadow.Virtual.ResolutionLodBiasDirectional:-1.5]]
[2026.08.30-14.03.10:964][  0]LogConfig: Set CVar [[r.Shadow.Virtual.ResolutionLodBiasDirectionalMoving:-1.5]]
[2026.08.30-14.03.10:964][  0]LogConfig: Set CVar [[r.Shadow.Virtual.ResolutionLodBiasLocal:0.0]]
[2026.08.30-14.03.10:964][  0]LogConfig: Set CVar [[r.Shadow.Virtual.ResolutionLodBiasLocalMoving:1.0]]
[2026.08.30-14.03.10:964][  0]LogConfig: Set CVar [[r.Shadow.Virtual.SMRT.RayCountDirectional:8]]
[2026.08.30-14.03.10:964][  0]LogConfig: Set CVar [[r.Shadow.Virtual.SMRT.SamplesPerRayDirectional:4]]
[2026.08.30-14.03.10:964][  0]LogConfig: Set CVar [[r.Shadow.Virtual.SMRT.RayCountLocal:8]]
[2026.08.30-14.03.10:964][  0]LogConfig: Set CVar [[r.Shadow.Virtual.SMRT.SamplesPerRayLocal:4]]
[2026.08.30-14.03.10:964][  0]LogConfig: Applying CVar settings from Section [GlobalIlluminationQuality@3] File [Scalability]
[2026.08.30-14.03.10:964][  0]LogConfig: Set CVar [[r.DistanceFieldAO:0]]
[2026.08.30-14.03.10:964][  0]LogConfig: Set CVar [[r.AOQuality:2]]
[2026.08.30-14.03.10:964][  0]LogConfig: Set CVar [[r.Lumen.DiffuseIndirect.Allow:1]]
[2026.08.30-14.03.10:964][  0]LogConfig: Set CVar [[r.LumenScene.Radiosity.ProbeSpacing:4]]
[2026.08.30-14.03.10:964][  0]LogConfig: Set CVar [[r.LumenScene.Radiosity.HemisphereProbeResolution:4]]
[2026.08.30-14.03.10:964][  0]LogConfig: Set CVar [[r.Lumen.TraceMeshSDFs.Allow:1]]
[2026.08.30-14.03.10:964][  0]LogConfig: Set CVar [[r.Lumen.ScreenProbeGather.RadianceCache.ProbeResolution:32]]
[2026.08.30-14.03.10:964][  0]LogConfig: Set CVar [[r.Lumen.ScreenProbeGather.RadianceCache.NumProbesToTraceBudget:300]]
[2026.08.30-14.03.10:964][  0]LogConfig: Set CVar [[r.Lumen.ScreenProbeGather.DownsampleFactor:16]]
[2026.08.30-14.03.10:964][  0]LogConfig: Set CVar [[r.Lumen.ScreenProbeGather.TracingOctahedronResolution:8]]
[2026.08.30-14.03.10:964][  0]LogConfig: Set CVar [[r.Lumen.ScreenProbeGather.IrradianceFormat:0]]
[2026.08.30-14.03.10:964][  0]LogConfig: Set CVar [[r.Lumen.ScreenProbeGather.StochasticInterpolation:0]]
[2026.08.30-14.03.10:964][  0]LogConfig: Set CVar [[r.Lumen.ScreenProbeGather.FullResolutionJitterWidth:1]]
[2026.08.30-14.03.10:964][  0]LogConfig: Set CVar [[r.Lumen.ScreenProbeGather.TwoSidedFoliageBackfaceDiffuse:1]]
[2026.08.30-14.03.10:964][  0]LogConfig: Set CVar [[r.Lumen.ScreenProbeGather.ScreenTraces.HZBTraversal.FullResDepth:1]]
[2026.08.30-14.03.10:964][  0]LogConfig: Set CVar [[r.Lumen.ScreenProbeGather.ShortRangeAO.HardwareRayTracing:0]]
[2026.08.30-14.03.10:964][  0]LogConfig: Set CVar [[r.Lumen.TranslucencyVolume.GridPixelSize:32]]
[2026.08.30-14.03.10:964][  0]LogConfig: Set CVar [[r.Lumen.TranslucencyVolume.TraceFromVolume:1]]
[2026.08.30-14.03.10:964][  0]LogConfig: Set CVar [[r.Lumen.TranslucencyVolume.TracingOctahedronResolution:3]]
[2026.08.30-14.03.10:964][  0]LogConfig: Set CVar [[r.Lumen.TranslucencyVolume.RadianceCache.ProbeResolution:8]]
[2026.08.30-14.03.10:964][  0]LogConfig: Set CVar [[r.Lumen.TranslucencyVolume.RadianceCache.NumProbesToTraceBudget:200]]
[2026.08.30-14.03.10:964][  0]LogConfig: Set CVar [[r.SkyLight.RealTimeReflectionCapture:1]]
[2026.08.30-14.03.10:964][  0]LogConfig: Applying CVar settings from Section [ReflectionQuality@3] File [Scalability]
[2026.08.30-14.03.10:964][  0]LogConfig: Set CVar [[r.SSR.Quality:3]]
[2026.08.30-14.03.10:964][  0]LogConfig: Set CVar [[r.SSR.HalfResSceneColor:0]]
[2026.08.30-14.03.10:964][  0]LogConfig: Set CVar [[r.Lumen.Reflections.Allow:1]]
[2026.08.30-14.03.10:964][  0]LogConfig: Set CVar [[r.Lumen.Reflections.DownsampleFactor:2]]
[2026.08.30-14.03.10:964][  0]LogConfig: Set CVar [[r.Lumen.Reflections.MaxRoughnessToTraceForFoliage:0.4]]
[2026.08.30-14.03.10:964][  0]LogConfig: Set CVar [[r.Lumen.Reflections.ScreenSpaceReconstruction.TonemapStrength:0]]
[2026.08.30-14.03.10:964][  0]LogConfig: Set CVar [[r.Lumen.TranslucencyReflections.FrontLayer.Allow:1]]
[2026.08.30-14.03.10:964][  0]LogConfig: Set CVar [[r.Lumen.TranslucencyReflections.FrontLayer.Enable:0]]
[2026.08.30-14.03.10:964][  0]LogConfig: Set CVar [[r.Lumen.Reflections.RadianceCache:1]]
[2026.08.30-14.03.10:964][  0]LogConfig: Applying CVar settings from Section [PostProcessQuality@3] File [Scalability]
[2026.08.30-14.03.10:964][  0]LogConfig: Set CVar [[r.MotionBlurQuality:4]]
[2026.08.30-14.03.10:964][  0]LogConfig: Set CVar [[r.MotionBlur.HalfResGather:0]]
[2026.08.30-14.03.10:964][  0]LogConfig: Set CVar [[r.AmbientOcclusionMipLevelFactor:0.4]]
[2026.08.30-14.03.10:964][  0]LogConfig: Set CVar [[r.AmbientOcclusionMaxQuality:100]]
[2026.08.30-14.03.10:964][  0]LogConfig: Set CVar [[r.AmbientOcclusionLevels:-1]]
[2026.08.30-14.03.10:964][  0]LogConfig: Set CVar [[r.AmbientOcclusionRadiusScale:1.0]]
[2026.08.30-14.03.10:964][  0]LogConfig: Set CVar [[r.DepthOfFieldQuality:2]]
[2026.08.30-14.03.10:964][  0]LogConfig: Set CVar [[r.RenderTargetPoolMin:400]]
[2026.08.30-14.03.10:964][  0]LogConfig: Set CVar [[r.LensFlareQuality:2]]
[2026.08.30-14.03.10:964][  0]LogConfig: Set CVar [[r.SceneColorFringeQuality:1]]
[2026.08.30-14.03.10:964][  0]LogConfig: Set CVar [[r.EyeAdaptationQuality:2]]
[2026.08.30-14.03.10:964][  0]LogConfig: Set CVar [[r.BloomQuality:5]]
[2026.08.30-14.03.10:964][  0]LogConfig: Set CVar [[r.Bloom.ScreenPercentage:50.000]]
[2026.08.30-14.03.10:964][  0]LogConfig: Set CVar [[r.FastBlurThreshold:100]]
[2026.08.30-14.03.10:964][  0]LogConfig: Set CVar [[r.Upscale.Quality:3]]
[2026.08.30-14.03.10:964][  0]LogConfig: Set CVar [[r.LightShaftQuality:1]]
[2026.08.30-14.03.10:964][  0]LogConfig: Set CVar [[r.Filter.SizeScale:1]]
[2026.08.30-14.03.10:964][  0]LogConfig: Set CVar [[r.Tonemapper.Quality:5]]
[2026.08.30-14.03.10:964][  0]LogConfig: Set CVar [[r.DOF.Gather.ResolutionDivisor:2         ; lower gathering resolution]]
[2026.08.30-14.03.10:965][  0]LogConfig: Set CVar [[r.DOF.Gather.AccumulatorQuality:1        ; higher gathering accumulator quality]]
[2026.08.30-14.03.10:965][  0]LogConfig: Set CVar [[r.DOF.Gather.PostfilterMethod:1          ; Median3x3 postfilering method]]
[2026.08.30-14.03.10:965][  0]LogConfig: Set CVar [[r.DOF.Gather.EnableBokehSettings:0       ; no bokeh simulation when gathering]]
[2026.08.30-14.03.10:965][  0]LogConfig: Set CVar [[r.DOF.Gather.RingCount:4                 ; medium number of samples when gathering]]
[2026.08.30-14.03.10:965][  0]LogConfig: Set CVar [[r.DOF.Scatter.ForegroundCompositing:1    ; additive foreground scattering]]
[2026.08.30-14.03.10:965][  0]LogConfig: Set CVar [[r.DOF.Scatter.BackgroundCompositing:2    ; additive background scattering]]
[2026.08.30-14.03.10:965][  0]LogConfig: Set CVar [[r.DOF.Scatter.EnableBokehSettings:1      ; bokeh simulation when scattering]]
[2026.08.30-14.03.10:965][  0]LogConfig: Set CVar [[r.DOF.Scatter.MaxSpriteRatio:0.1         ; only a maximum of 10% of scattered bokeh]]
[2026.08.30-14.03.10:965][  0]LogConfig: Set CVar [[r.DOF.Recombine.Quality:1                ; cheap slight out of focus]]
[2026.08.30-14.03.10:965][  0]LogConfig: Set CVar [[r.DOF.Recombine.EnableBokehSettings:0    ; no bokeh simulation on slight out of focus]]
[2026.08.30-14.03.10:965][  0]LogConfig: Set CVar [[r.DOF.TemporalAAQuality:1                ; more stable temporal accumulation]]
[2026.08.30-14.03.10:965][  0]LogConfig: Set CVar [[r.DOF.Kernel.MaxForegroundRadius:0.025]]
[2026.08.30-14.03.10:965][  0]LogConfig: Set CVar [[r.DOF.Kernel.MaxBackgroundRadius:0.025]]
[2026.08.30-14.03.10:965][  0]LogConfig: Applying CVar settings from Section [TextureQuality@3] File [Scalability]
[2026.08.30-14.03.10:965][  0]LogConfig: Set CVar [[r.Streaming.MipBias:0]]
[2026.08.30-14.03.10:965][  0]LogConfig: Set CVar [[r.Streaming.AmortizeCPUToGPUCopy:0]]
[2026.08.30-14.03.10:965][  0]LogConfig: Set CVar [[r.Streaming.MaxNumTexturesToStreamPerFrame:0]]
[2026.08.30-14.03.10:965][  0]LogConfig: Set CVar [[r.Streaming.Boost:1]]
[2026.08.30-14.03.10:965][  0]LogConfig: Set CVar [[r.MaxAnisotropy:8]]
[2026.08.30-14.03.10:965][  0]LogConfig: Set CVar [[r.VT.MaxAnisotropy:8]]
[2026.08.30-14.03.10:965][  0]LogConfig: Set CVar [[r.Streaming.LimitPoolSizeToVRAM:0]]
[2026.08.30-14.03.10:965][  0]LogConfig: Set CVar [[r.Streaming.PoolSize:1000]]
[2026.08.30-14.03.10:965][  0]LogConfig: Set CVar [[r.Streaming.MaxEffectiveScreenSize:0]]
[2026.08.30-14.03.10:965][  0]LogConfig: Applying CVar settings from Section [EffectsQuality@3] File [Scalability]
[2026.08.30-14.03.10:965][  0]LogConfig: Set CVar [[r.TranslucencyLightingVolumeDim:64]]
[2026.08.30-14.03.10:966][  0]LogConfig: Set CVar [[r.RefractionQuality:2]]
[2026.08.30-14.03.10:966][  0]LogConfig: Set CVar [[r.SceneColorFormat:4]]
[2026.08.30-14.03.10:966][  0]LogConfig: Set CVar [[r.DetailMode:3]]
[2026.08.30-14.03.10:966][  0]LogConfig: Set CVar [[r.TranslucencyVolumeBlur:1]]
[2026.08.30-14.03.10:966][  0]LogConfig: Set CVar [[r.MaterialQualityLevel:1 ; High quality]]
[2026.08.30-14.03.10:966][  0]LogConfig: Set CVar [[r.SSS.Scale:1]]
[2026.08.30-14.03.10:966][  0]LogConfig: Set CVar [[r.SSS.SampleSet:2]]
[2026.08.30-14.03.10:966][  0]LogConfig: Set CVar [[r.SSS.Quality:1]]
[2026.08.30-14.03.10:966][  0]LogConfig: Set CVar [[r.SSS.HalfRes:0]]
[2026.08.30-14.03.10:966][  0]LogConfig: Set CVar [[r.SSGI.Quality:3]]
[2026.08.30-14.03.10:966][  0]LogConfig: Set CVar [[r.EmitterSpawnRateScale:1.0]]
[2026.08.30-14.03.10:966][  0]LogConfig: Set CVar [[r.ParticleLightQuality:2]]
[2026.08.30-14.03.10:966][  0]LogConfig: Set CVar [[r.SkyAtmosphere.AerialPerspectiveLUT.FastApplyOnOpaque:1 ; Always have FastSkyLUT 1 in this case to avoid wrong sky]]
[2026.08.30-14.03.10:966][  0]LogConfig: Set CVar [[r.SkyAtmosphere.AerialPerspectiveLUT.SampleCountMaxPerSlice:4]]
[2026.08.30-14.03.10:966][  0]LogConfig: Set CVar [[r.SkyAtmosphere.AerialPerspectiveLUT.DepthResolution:16.0]]
[2026.08.30-14.03.10:966][  0]LogConfig: Set CVar [[r.SkyAtmosphere.FastSkyLUT:1]]
[2026.08.30-14.03.10:966][  0]LogConfig: Set CVar [[r.SkyAtmosphere.FastSkyLUT.SampleCountMin:4.0]]
[2026.08.30-14.03.10:966][  0]LogConfig: Set CVar [[r.SkyAtmosphere.FastSkyLUT.SampleCountMax:128.0]]
[2026.08.30-14.03.10:966][  0]LogConfig: Set CVar [[r.SkyAtmosphere.SampleCountMin:4.0]]
[2026.08.30-14.03.10:966][  0]LogConfig: Set CVar [[r.SkyAtmosphere.SampleCountMax:128.0]]
[2026.08.30-14.03.10:966][  0]LogConfig: Set CVar [[r.SkyAtmosphere.TransmittanceLUT.UseSmallFormat:0]]
[2026.08.30-14.03.10:966][  0]LogConfig: Set CVar [[r.SkyAtmosphere.TransmittanceLUT.SampleCount:10.0]]
[2026.08.30-14.03.10:966][  0]LogConfig: Set CVar [[r.SkyAtmosphere.MultiScatteringLUT.SampleCount:15.0]]
[2026.08.30-14.03.10:966][  0]LogConfig: Set CVar [[fx.Niagara.QualityLevel:3]]
[2026.08.30-14.03.10:966][  0]LogConfig: Set CVar [[r.Refraction.OffsetQuality:1]]
[2026.08.30-14.03.10:966][  0]LogConfig: Applying CVar settings from Section [FoliageQuality@3] File [Scalability]
[2026.08.30-14.03.10:966][  0]LogConfig: Applying CVar settings from Section [ShadingQuality@3] File [Scalability]
[2026.08.30-14.03.10:966][  0]LogConfig: Set CVar [[r.HairStrands.SkyLighting.IntegrationType:2]]
[2026.08.30-14.03.10:966][  0]LogConfig: Set CVar [[r.HairStrands.SkyAO.SampleCount:4]]
[2026.08.30-14.03.10:966][  0]LogConfig: Set CVar [[r.HairStrands.Visibility.MSAA.SamplePerPixel:4]]
[2026.08.30-14.03.10:966][  0]LogConfig: Set CVar [[r.AnisotropicMaterials:1]]
[2026.08.30-14.03.10:966][  0]LogConfig: Applying CVar settings from Section [LandscapeQuality@3] File [Scalability]
[2026.08.30-14.03.10:966][  0]LogInit: Selected Device Profile: [WindowsEditor]
[2026.08.30-14.03.10:966][  0]LogHAL: Display: Platform has ~ 16 GB [16944848896 / 17179869184 / 16], which maps to Larger [LargestMinGB=32, LargerMinGB=12, DefaultMinGB=8, SmallerMinGB=6, SmallestMinGB=0)
[2026.08.30-14.03.10:966][  0]LogDeviceProfileManager: Going up to parent DeviceProfile [Windows]
[2026.08.30-14.03.10:966][  0]LogDeviceProfileManager: Going up to parent DeviceProfile []
[2026.08.30-14.03.10:966][  0]LogConfig: Set CVar [[dp.AllowScalabilityGroupsToChangeAtRuntime:1]]
[2026.08.30-14.03.10:966][  0]LogConfig: Applying CVar settings from Section [Startup] File [../../../Engine/Config/ConsoleVariables.ini]
[2026.08.30-14.03.10:968][  0]LogConfig: Set CVar [[r.DumpShaderDebugInfo:2]]
[2026.08.30-14.03.10:968][  0]LogConfig: Set CVar [[r.Shaders.WarningsAsErrors:0 ;; 0: off, 1: global shaders, 2: all]]
[2026.08.30-14.03.10:968][  0]LogConfig: Set CVar [[p.chaos.AllowCreatePhysxBodies:1]]
[2026.08.30-14.03.10:968][  0]LogConfig: Set CVar [[fx.SkipVectorVMBackendOptimizations:1]]
[2026.08.30-14.03.10:968][  0]LogConfig: Applying CVar settings from Section [Startup_Windows] File [../../../Engine/Config/ConsoleVariables.ini]
[2026.08.30-14.03.10:968][  0]LogConfig: Applying CVar settings from Section [ConsoleVariables] File [Engine]
[2026.08.30-14.03.10:968][  0]LogConfig: Set CVar [[memory.MemoryPressureCriticalThresholdMB:512]]
[2026.08.30-14.03.10:968][  0]LogConfig: Set CVar [[net.MaxRPCPerNetUpdate:10]]
[2026.08.30-14.03.10:968][  0]LogConfig: Set CVar [[net.PingExcludeFrameTime:1]]
[2026.08.30-14.03.10:968][  0]LogConfig: Set CVar [[net.AllowAsyncLoading:1]]
[2026.08.30-14.03.10:968][  0]LogConfig: Set CVar [[net.DelayUnmappedRPCs:1]]
[2026.08.30-14.03.10:968][  0]LogConfig: Set CVar [[net.AllowPIESeamlessTravel:1]]
[2026.08.30-14.03.10:968][  0]LogConfig: Set CVar [[a.EnableQueuedAnimEventsOnServer:1]]
[2026.08.30-14.03.10:968][  0]LogConfig: CVar [[gpad.DefaultLeftStickInnerDeadZone:0.24]] deferred - dummy variable created
[2026.08.30-14.03.10:968][  0]LogConfig: CVar [[gpad.DefaultRightStickInnerDeadZone:0.27]] deferred - dummy variable created
[2026.08.30-14.03.10:968][  0]LogConfig: Set CVar [[demo.RecordHz:60.0]]
[2026.08.30-14.03.10:968][  0]LogConfig: Set CVar [[demo.RecordHzWhenNotRelevant:10.0]]
[2026.08.30-14.03.10:968][  0]LogConfig: Set CVar [[r.PSOPrecaching:1]]
[2026.08.30-14.03.10:968][  0]LogConfig: Applying CVar settings from Section [ConsoleVariables] File [D:/UE5_My_Project/LyraStarterGame/Saved/Config/WindowsEditor/Editor.ini]
[2026.08.30-14.03.10:968][  0]LogInit: Computer: 小小
[2026.08.30-14.03.10:968][  0]LogInit: User: LX
[2026.08.30-14.03.10:968][  0]LogInit: CPU Page size=4096, Cores=16
[2026.08.30-14.03.10:968][  0]LogInit: High frequency timer resolution =10.000000 MHz
[2026.08.30-14.03.11:490][  0]LogMemory: Process is running as part of a Windows Job with separate resource limits
[2026.08.30-14.03.11:490][  0]LogMemory: Memory total: Physical=15.8GB (16GB approx) Virtual=32.8GB
[2026.08.30-14.03.11:490][  0]LogMemory: Platform Memory Stats for WindowsEditor
[2026.08.30-14.03.11:490][  0]LogMemory: Process Physical Memory: 503.53 MB used, 503.53 MB peak
[2026.08.30-14.03.11:490][  0]LogMemory: Process Virtual Memory: 493.20 MB used, 493.20 MB peak
[2026.08.30-14.03.11:490][  0]LogMemory: Physical Memory: 11538.66 MB used,  4621.20 MB free, 16159.87 MB total
[2026.08.30-14.03.11:490][  0]LogMemory: Virtual Memory: 25980.83 MB used,  7587.04 MB free, 33567.87 MB total
[2026.08.30-14.03.11:490][  0]LogCsvProfiler: Display: Metadata set : extradevelopmentmemorymb="0"
[2026.08.30-14.03.11:533][  0]LogWindows: WindowsPlatformFeatures enabled
[2026.08.30-14.03.11:599][  0]LogInit: Physics initialised using underlying interface: Chaos
[2026.08.30-14.03.11:602][  0]LogInit: Overriding language with game user settings language configuration option (zh-Hans).
[2026.08.30-14.03.11:602][  0]LogInit: Overriding language with game user settings locale configuration option (zh-Hans).
[2026.08.30-14.03.12:004][  0]LogTextLocalizationResource: Warning: Text translation conflict for namespace "DynamicRHI" and key "NullDrvFailure".
[2026.08.30-14.03.12:004][  0]LogTextLocalizationResource: The current translation is "NullDrv失败？" (from "../../../Engine/Content/Localization/Engine/zh-Hans/Engine.locres" and source hash 0xf9aa387f) and the conflicting translation of "NullDrv错误？" (from "../../../../../../UE5_My_Project/LyraStarterGame/Content/Localization/EngineOverrides/zh-Hans/EngineOverrides.locres" and source hash 0xf9aa387f) will be ignored.
[2026.08.30-14.03.12:004][  0]LogTextLocalizationResource: Warning: Text translation conflict for namespace "GpuProfiler" and key "GpuProfileVsyncEnabledWarning".
[2026.08.30-14.03.12:004][  0]LogTextLocalizationResource: The current translation is "警告：此GPU描述文件是在垂直同步启用时采集的。垂直同步等待时间可能显示在任意桶中，而结果是此描述文件中的数据可能出现偏差。请禁用垂直同步再获取描述文件，以保证数据准确。" (from "../../../Engine/Content/Localization/Engine/zh-Hans/Engine.locres" and source hash 0xfb67d9a7) and the conflicting translation of "警告：该GPU配置文件是在启用垂直同步的情况下捕获的。 垂直同步等待时间可能会出现在任何一个桶中，因此此配置文件中的数据可能会有偏差。请在禁用垂直同步的情况下进行配置，以获得最准确的数据。" (from "../../../../../../UE5_My_Project/LyraStarterGame/Content/Localization/EngineOverrides/zh-Hans/EngineOverrides.locres" and source hash 0xfb67d9a7) will be ignored.
[2026.08.30-14.03.12:004][  0]LogTextLocalizationResource: Warning: Text translation conflict for namespace "InputKeys" and key "Acceleration".
[2026.08.30-14.03.12:004][  0]LogTextLocalizationResource: The current translation is "加速" (from "../../../Engine/Content/Localization/Engine/zh-Hans/Engine.locres" and source hash 0x31360f6e) and the conflicting translation of "加速键" (from "../../../../../../UE5_My_Project/LyraStarterGame/Content/Localization/EngineOverrides/zh-Hans/EngineOverrides.locres" and source hash 0x31360f6e) will be ignored.
[2026.08.30-14.03.12:004][  0]LogTextLocalizationResource: Warning: Text translation conflict for namespace "InputKeys" and key "Ampersand".
[2026.08.30-14.03.12:004][  0]LogTextLocalizationResource: The current translation is "和号键" (from "../../../Engine/Content/Localization/Engine/zh-Hans/Engine.locres" and source hash 0xa174bc72) and the conflicting translation of "&" (from "../../../../../../UE5_My_Project/LyraStarterGame/Content/Localization/EngineOverrides/zh-Hans/EngineOverrides.locres" and source hash 0xa174bc72) will be ignored.
[2026.08.30-14.03.12:006][  0]LogTextLocalizationResource: Warning: Text translation conflict for namespace "InputKeys" and key "Android_Back".
[2026.08.30-14.03.12:006][  0]LogTextLocalizationResource: The current translation is "Android返回" (from "../../../Engine/Content/Localization/Engine/zh-Hans/Engine.locres" and source hash 0xe718bc2d) and the conflicting translation of "安卓 后退键" (from "../../../../../../UE5_My_Project/LyraStarterGame/Content/Localization/EngineOverrides/zh-Hans/EngineOverrides.locres" and source hash 0xe718bc2d) will be ignored.
[2026.08.30-14.03.12:006][  0]LogTextLocalizationResource: Warning: Text translation conflict for namespace "InputKeys" and key "Android_Menu".
[2026.08.30-14.03.12:006][  0]LogTextLocalizationResource: The current translation is "Android菜单" (from "../../../Engine/Content/Localization/Engine/zh-Hans/Engine.locres" and source hash 0x4137d515) and the conflicting translation of "安卓 菜单键" (from "../../../../../../UE5_My_Project/LyraStarterGame/Content/Localization/EngineOverrides/zh-Hans/EngineOverrides.locres" and source hash 0x4137d515) will be ignored.
[2026.08.30-14.03.12:006][  0]LogTextLocalizationResource: Warning: Text translation conflict for namespace "InputKeys" and key "Android_Volume_Down".
[2026.08.30-14.03.12:006][  0]LogTextLocalizationResource: The current translation is "Android音量降低" (from "../../../Engine/Content/Localization/Engine/zh-Hans/Engine.locres" and source hash 0x81fde248) and the conflicting translation of "安卓 音量降低" (from "../../../../../../UE5_My_Project/LyraStarterGame/Content/Localization/EngineOverrides/zh-Hans/EngineOverrides.locres" and source hash 0x81fde248) will be ignored.
[2026.08.30-14.03.12:006][  0]LogTextLocalizationResource: Warning: Text translation conflict for namespace "InputKeys" and key "Android_Volume_Up".
[2026.08.30-14.03.12:006][  0]LogTextLocalizationResource: The current translation is "Android音量升高" (from "../../../Engine/Content/Localization/Engine/zh-Hans/Engine.locres" and source hash 0xef5d6994) and the conflicting translation of "安卓 音量增加" (from "../../../../../../UE5_My_Project/LyraStarterGame/Content/Localization/EngineOverrides/zh-Hans/EngineOverrides.locres" and source hash 0xef5d6994) will be ignored.
[2026.08.30-14.03.12:006][  0]LogTextLocalizationResource: Warning: Text translation conflict for namespace "InputKeys" and key "Apostrophe".
[2026.08.30-14.03.12:006][  0]LogTextLocalizationResource: The current translation is "撇号" (from "../../../Engine/Content/Localization/Engine/zh-Hans/Engine.locres" and source hash 0xe9e8e414) and the conflicting translation of "撇号键”'”" (from "../../../../../../UE5_My_Project/LyraStarterGame/Content/Localization/EngineOverrides/zh-Hans/EngineOverrides.locres" and source hash 0xe9e8e414) will be ignored.
[2026.08.30-14.03.12:006][  0]LogTextLocalizationResource: Warning: Text translation conflict for namespace "InputKeys" and key "Asterix".
[2026.08.30-14.03.12:006][  0]LogTextLocalizationResource: The current translation is "星号键" (from "../../../Engine/Content/Localization/Engine/zh-Hans/Engine.locres" and source hash 0x36d83a89) and the conflicting translation of "星号键”*”" (from "../../../../../../UE5_My_Project/LyraStarterGame/Content/Localization/EngineOverrides/zh-Hans/EngineOverrides.locres" and source hash 0x36d83a89) will be ignored.
[2026.08.30-14.03.12:006][  0]LogTextLocalizationResource: Warning: Text translation conflict for namespace "InputKeys" and key "Backslash".
[2026.08.30-14.03.12:006][  0]LogTextLocalizationResource: The current translation is "反斜杠键" (from "../../../Engine/Content/Localization/Engine/zh-Hans/Engine.locres" and source hash 0x8c79a84b) and the conflicting translation of "反斜杠”\”" (from "../../../../../../UE5_My_Project/LyraStarterGame/Content/Localization/EngineOverrides/zh-Hans/EngineOverrides.locres" and source hash 0x8c79a84b) will be ignored.
[2026.08.30-14.03.12:006][  0]LogTextLocalizationResource: Warning: Text translation conflict for namespace "InputKeys" and key "BackSpace".
[2026.08.30-14.03.12:006][  0]LogTextLocalizationResource: The current translation is "回格键" (from "../../../Engine/Content/Localization/Engine/zh-Hans/Engine.locres" and source hash 0x43adaceb) and the conflicting translation of "退格键”Backspace”" (from "../../../../../../UE5_My_Project/LyraStarterGame/Content/Localization/EngineOverrides/zh-Hans/EngineOverrides.locres" and source hash 0x43adaceb) will be ignored.
[2026.08.30-14.03.12:006][  0]LogTextLocalizationResource: Warning: Text translation conflict for namespace "InputKeys" and key "CapsLockShort".
[2026.08.30-14.03.12:006][  0]LogTextLocalizationResource: The current translation is "大写键" (from "../../../Engine/Content/Localization/Engine/zh-Hans/Engine.locres" and source hash 0x8d20b7d8) and the conflicting translation of "大写锁定”Caps”" (from "../../../../../../UE5_My_Project/LyraStarterGame/Content/Localization/EngineOverrides/zh-Hans/EngineOverrides.locres" and source hash 0x8d20b7d8) will be ignored.
[2026.08.30-14.03.12:006][  0]LogTextLocalizationResource: Warning: Text translation conflict for namespace "InputKeys" and key "CapsLock".
[2026.08.30-14.03.12:006][  0]LogTextLocalizationResource: The current translation is "大小写键" (from "../../../Engine/Content/Localization/Engine/zh-Hans/Engine.locres" and source hash 0x477999f5) and the conflicting translation of "大写锁定”Caps Lock”" (from "../../../../../../UE5_My_Project/LyraStarterGame/Content/Localization/EngineOverrides/zh-Hans/EngineOverrides.locres" and source hash 0x477999f5) will be ignored.
[2026.08.30-14.03.12:006][  0]LogTextLocalizationResource: Warning: Text translation conflict for namespace "InputKeys" and key "Caret".
[2026.08.30-14.03.12:006][  0]LogTextLocalizationResource: The current translation is "插入号键" (from "../../../Engine/Content/Localization/Engine/zh-Hans/Engine.locres" and source hash 0xb68aec38) and the conflicting translation of "插入记号”^”" (from "../../../../../../UE5_My_Project/LyraStarterGame/Content/Localization/EngineOverrides/zh-Hans/EngineOverrides.locres" and source hash 0xb68aec38) will be ignored.
[2026.08.30-14.03.12:006][  0]LogTextLocalizationResource: Warning: Text translation conflict for namespace "InputKeys" and key "Colon".
[2026.08.30-14.03.12:006][  0]LogTextLocalizationResource: The current translation is "冒号" (from "../../../Engine/Content/Localization/Engine/zh-Hans/Engine.locres" and source hash 0xdd458f42) and the conflicting translation of "冒号键”:”" (from "../../../../../../UE5_My_Project/LyraStarterGame/Content/Localization/EngineOverrides/zh-Hans/EngineOverrides.locres" and source hash 0xdd458f42) will be ignored.
[2026.08.30-14.03.12:006][  0]LogTextLocalizationResource: Warning: Text translation conflict for namespace "InputKeys" and key "Comma".
[2026.08.30-14.03.12:006][  0]LogTextLocalizationResource: The current translation is "逗号" (from "../../../Engine/Content/Localization/Engine/zh-Hans/Engine.locres" and source hash 0x5ca6d406) and the conflicting translation of "逗号键”,”" (from "../../../../../../UE5_My_Project/LyraStarterGame/Content/Localization/EngineOverrides/zh-Hans/EngineOverrides.locres" and source hash 0x5ca6d406) will be ignored.
[2026.08.30-14.03.12:006][  0]LogTextLocalizationResource: Warning: Text translation conflict for namespace "InputKeys" and key "DeleteShort".
[2026.08.30-14.03.12:006][  0]LogTextLocalizationResource: The current translation is "删除键" (from "../../../Engine/Content/Localization/Engine/zh-Hans/Engine.locres" and source hash 0xa14bac84) and the conflicting translation of "删除键”Del”" (from "../../../../../../UE5_My_Project/LyraStarterGame/Content/Localization/EngineOverrides/zh-Hans/EngineOverrides.locres" and source hash 0xa14bac84) will be ignored.
[2026.08.30-14.03.12:006][  0]LogTextLocalizationResource: Warning: Text translation conflict for namespace "InputKeys" and key "Dollar".
[2026.08.30-14.03.12:006][  0]LogTextLocalizationResource: The current translation is "美元符号键" (from "../../../Engine/Content/Localization/Engine/zh-Hans/Engine.locres" and source hash 0xd1cc9902) and the conflicting translation of "美元符号”$”" (from "../../../../../../UE5_My_Project/LyraStarterGame/Content/Localization/EngineOverrides/zh-Hans/EngineOverrides.locres" and source hash 0xd1cc9902) will be ignored.
[2026.08.30-14.03.12:006][  0]LogTextLocalizationResource: Warning: Text translation conflict for namespace "InputKeys" and key "Down".
[2026.08.30-14.03.12:006][  0]LogTextLocalizationResource: The current translation is "向下键" (from "../../../Engine/Content/Localization/Engine/zh-Hans/Engine.locres" and source hash 0x315e1ae8) and the conflicting translation of "下方向键" (from "../../../../../../UE5_My_Project/LyraStarterGame/Content/Localization/EngineOverrides/zh-Hans/EngineOverrides.locres" and source hash 0x315e1ae8) will be ignored.
[2026.08.30-14.03.12:006][  0]LogTextLocalizationResource: Warning: Text translation conflict for namespace "InputKeys" and key "Enter".
[2026.08.30-14.03.12:006][  0]LogTextLocalizationResource: The current translation is "回车键" (from "../../../Engine/Content/Localization/Engine/zh-Hans/Engine.locres" and source hash 0x7615eceb) and the conflicting translation of "回车键”Enter”" (from "../../../../../../UE5_My_Project/LyraStarterGame/Content/Localization/EngineOverrides/zh-Hans/EngineOverrides.locres" and source hash 0x7615eceb) will be ignored.
[2026.08.30-14.03.12:006][  0]LogTextLocalizationResource: Warning: Text translation conflict for namespace "InputKeys" and key "Equals".
[2026.08.30-14.03.12:006][  0]LogTextLocalizationResource: The current translation is "等号键" (from "../../../Engine/Content/Localization/Engine/zh-Hans/Engine.locres" and source hash 0x2f9d5f7d) and the conflicting translation of "等号”=”" (from "../../../../../../UE5_My_Project/LyraStarterGame/Content/Localization/EngineOverrides/zh-Hans/EngineOverrides.locres" and source hash 0x2f9d5f7d) will be ignored.
[2026.08.30-14.03.12:006][  0]LogTextLocalizationResource: Warning: Text translation conflict for namespace "InputKeys" and key "Escape".
[2026.08.30-14.03.12:006][  0]LogTextLocalizationResource: The current translation is "Esc" (from "../../../Engine/Content/Localization/Engine/zh-Hans/Engine.locres" and source hash 0x0e8352ac) and the conflicting translation of "退出键”Esc”" (from "../../../../../../UE5_My_Project/LyraStarterGame/Content/Localization/EngineOverrides/zh-Hans/EngineOverrides.locres" and source hash 0x0e8352ac) will be ignored.
[2026.08.30-14.03.12:006][  0]LogTextLocalizationResource: Warning: Text translation conflict for namespace "InputKeys" and key "Exclamation".
[2026.08.30-14.03.12:006][  0]LogTextLocalizationResource: The current translation is "感叹号键" (from "../../../Engine/Content/Localization/Engine/zh-Hans/Engine.locres" and source hash 0x5f48fe4c) and the conflicting translation of "感叹号”!”" (from "../../../../../../UE5_My_Project/LyraStarterGame/Content/Localization/EngineOverrides/zh-Hans/EngineOverrides.locres" and source hash 0x5f48fe4c) will be ignored.
[2026.08.30-14.03.12:006][  0]LogTextLocalizationResource: Warning: Text translation conflict for namespace "InputKeys" and key "GamepadSubCategory".
[2026.08.30-14.03.12:006][  0]LogTextLocalizationResource: The current translation is "游戏手柄" (from "../../../Engine/Content/Localization/Engine/zh-Hans/Engine.locres" and source hash 0xe62b45b6) and the conflicting translation of "手柄" (from "../../../../../../UE5_My_Project/LyraStarterGame/Content/Localization/EngineOverrides/zh-Hans/EngineOverrides.locres" and source hash 0xe62b45b6) will be ignored.
[2026.08.30-14.03.12:006][  0]LogTextLocalizationResource: Warning: Text translation conflict for namespace "InputKeys" and key "XBoxOne_Gamepad_FaceButton_Bottom".
[2026.08.30-14.03.12:006][  0]LogTextLocalizationResource: The current translation is "游戏手柄A键" (from "../../../Engine/Content/Localization/Engine/zh-Hans/Engine.locres" and source hash 0x73a9c013) and the conflicting translation of "手柄 A" (from "../../../../../../UE5_My_Project/LyraStarterGame/Content/Localization/EngineOverrides/zh-Hans/EngineOverrides.locres" and source hash 0x73a9c013) will be ignored.
[2026.08.30-14.03.12:006][  0]LogTextLocalizationResource: Warning: Text translation conflict for namespace "InputKeys" and key "XBoxOne_Gamepad_FaceButton_Right".
[2026.08.30-14.03.12:006][  0]LogTextLocalizationResource: The current translation is "游戏手柄B键" (from "../../../Engine/Content/Localization/Engine/zh-Hans/Engine.locres" and source hash 0x611c6ffd) and the conflicting translation of "手柄 B" (from "../../../../../../UE5_My_Project/LyraStarterGame/Content/Localization/EngineOverrides/zh-Hans/EngineOverrides.locres" and source hash 0x611c6ffd) will be ignored.
[2026.08.30-14.03.12:006][  0]LogTextLocalizationResource: Warning: Text translation conflict for namespace "InputKeys" and key "XBoxOne_Gamepad_Special_Left".
[2026.08.30-14.03.12:007][  0]LogTextLocalizationResource: The current translation is "游戏手柄Back键" (from "../../../Engine/Content/Localization/Engine/zh-Hans/Engine.locres" and source hash 0x15e548d7) and the conflicting translation of "手柄 后退键" (from "../../../../../../UE5_My_Project/LyraStarterGame/Content/Localization/EngineOverrides/zh-Hans/EngineOverrides.locres" and source hash 0x15e548d7) will be ignored.
[2026.08.30-14.03.12:007][  0]LogTextLocalizationResource: Warning: Text translation conflict for namespace "InputKeys" and key "PS4_Gamepad_FaceButton_Right".
[2026.08.30-14.03.12:007][  0]LogTextLocalizationResource: The current translation is "游戏手柄圆圈键" (from "../../../Engine/Content/Localization/Engine/zh-Hans/Engine.locres" and source hash 0x2996d110) and the conflicting translation of "手柄 圆圈" (from "../../../../../../UE5_My_Project/LyraStarterGame/Content/Localization/EngineOverrides/zh-Hans/EngineOverrides.locres" and source hash 0x2996d110) will be ignored.
[2026.08.30-14.03.12:007][  0]LogTextLocalizationResource: Warning: Text translation conflict for namespace "InputKeys" and key "Gamepad_DPad_Down".
[2026.08.30-14.03.12:007][  0]LogTextLocalizationResource: The current translation is "游戏手柄方向键下" (from "../../../Engine/Content/Localization/Engine/zh-Hans/Engine.locres" and source hash 0x812fa798) and the conflicting translation of "手柄 方向键下" (from "../../../../../../UE5_My_Project/LyraStarterGame/Content/Localization/EngineOverrides/zh-Hans/EngineOverrides.locres" and source hash 0x812fa798) will be ignored.
[2026.08.30-14.03.12:007][  0]LogTextLocalizationResource: Warning: Text translation conflict for namespace "InputKeys" and key "Gamepad_DPad_Left".
[2026.08.30-14.03.12:008][  0]LogTextLocalizationResource: The current translation is "游戏手柄方向键左" (from "../../../Engine/Content/Localization/Engine/zh-Hans/Engine.locres" and source hash 0x97be56f8) and the conflicting translation of "手柄 方向键左" (from "../../../../../../UE5_My_Project/LyraStarterGame/Content/Localization/EngineOverrides/zh-Hans/EngineOverrides.locres" and source hash 0x97be56f8) will be ignored.
[2026.08.30-14.03.12:008][  0]LogTextLocalizationResource: Warning: Text translation conflict for namespace "InputKeys" and key "Gamepad_DPad_Right".
[2026.08.30-14.03.12:008][  0]LogTextLocalizationResource: The current translation is "游戏手柄方向键右" (from "../../../Engine/Content/Localization/Engine/zh-Hans/Engine.locres" and source hash 0x147a5acd) and the conflicting translation of "手柄 方向键右" (from "../../../../../../UE5_My_Project/LyraStarterGame/Content/Localization/EngineOverrides/zh-Hans/EngineOverrides.locres" and source hash 0x147a5acd) will be ignored.
[2026.08.30-14.03.12:008][  0]LogTextLocalizationResource: Warning: Text translation conflict for namespace "InputKeys" and key "Gamepad_DPad_Up".
[2026.08.30-14.03.12:008][  0]LogTextLocalizationResource: The current translation is "游戏手柄方向键上" (from "../../../Engine/Content/Localization/Engine/zh-Hans/Engine.locres" and source hash 0x7e21472b) and the conflicting translation of "手柄 方向键上" (from "../../../../../../UE5_My_Project/LyraStarterGame/Content/Localization/EngineOverrides/zh-Hans/EngineOverrides.locres" and source hash 0x7e21472b) will be ignored.
[2026.08.30-14.03.12:008][  0]LogTextLocalizationResource: Warning: Text translation conflict for namespace "InputKeys" and key "Gamepad_FaceButton_Bottom".
[2026.08.30-14.03.12:009][  0]LogTextLocalizationResource: The current translation is "游戏手柄正面按钮下" (from "../../../Engine/Content/Localization/Engine/zh-Hans/Engine.locres" and source hash 0x2f9dfd4c) and the conflicting translation of "手柄 导航键 按钮 下" (from "../../../../../../UE5_My_Project/LyraStarterGame/Content/Localization/EngineOverrides/zh-Hans/EngineOverrides.locres" and source hash 0x2f9dfd4c) will be ignored.
[2026.08.30-14.03.12:009][  0]LogTextLocalizationResource: Warning: Text translation conflict for namespace "InputKeys" and key "Gamepad_FaceButton_Left".
[2026.08.30-14.03.12:009][  0]LogTextLocalizationResource: The current translation is "游戏手柄正面按钮左" (from "../../../Engine/Content/Localization/Engine/zh-Hans/Engine.locres" and source hash 0x779640b1) and the conflicting translation of "手柄 导航键 按钮 左" (from "../../../../../../UE5_My_Project/LyraStarterGame/Content/Localization/EngineOverrides/zh-Hans/EngineOverrides.locres" and source hash 0x779640b1) will be ignored.
[2026.08.30-14.03.12:009][  0]LogTextLocalizationResource: Warning: Text translation conflict for namespace "InputKeys" and key "Gamepad_FaceButton_Right".
[2026.08.30-14.03.12:009][  0]LogTextLocalizationResource: The current translation is "游戏手柄正面按钮右" (from "../../../Engine/Content/Localization/Engine/zh-Hans/Engine.locres" and source hash 0x179ade6a) and the conflicting translation of "手柄 导航键 按钮 右" (from "../../../../../../UE5_My_Project/LyraStarterGame/Content/Localization/EngineOverrides/zh-Hans/EngineOverrides.locres" and source hash 0x179ade6a) will be ignored.
[2026.08.30-14.03.12:009][  0]LogTextLocalizationResource: Warning: Text translation conflict for namespace "InputKeys" and key "Gamepad_FaceButton_Top".
[2026.08.30-14.03.12:009][  0]LogTextLocalizationResource: The current translation is "游戏手柄正面按钮上" (from "../../../Engine/Content/Localization/Engine/zh-Hans/Engine.locres" and source hash 0x96dbd804) and the conflicting translation of "手柄 导航键 上" (from "../../../../../../UE5_My_Project/LyraStarterGame/Content/Localization/EngineOverrides/zh-Hans/EngineOverrides.locres" and source hash 0x96dbd804) will be ignored.
[2026.08.30-14.03.12:009][  0]LogTextLocalizationResource: Warning: Text translation conflict for namespace "InputKeys" and key "PS4_Gamepad_LeftShoulder".
[2026.08.30-14.03.12:009][  0]LogTextLocalizationResource: The current translation is "游戏手柄L1" (from "../../../Engine/Content/Localization/Engine/zh-Hans/Engine.locres" and source hash 0x971c1c1e) and the conflicting translation of "手柄 L1" (from "../../../../../../UE5_My_Project/LyraStarterGame/Content/Localization/EngineOverrides/zh-Hans/EngineOverrides.locres" and source hash 0x971c1c1e) will be ignored.
[2026.08.30-14.03.12:009][  0]LogTextLocalizationResource: Warning: Text translation conflict for namespace "InputKeys" and key "PS4_Gamepad_LeftTrigger".
[2026.08.30-14.03.12:009][  0]LogTextLocalizationResource: The current translation is "游戏手柄L2" (from "../../../Engine/Content/Localization/Engine/zh-Hans/Engine.locres" and source hash 0x85a9b3f0) and the conflicting translation of "手柄 L2" (from "../../../../../../UE5_My_Project/LyraStarterGame/Content/Localization/EngineOverrides/zh-Hans/EngineOverrides.locres" and source hash 0x85a9b3f0) will be ignored.
[2026.08.30-14.03.12:009][  0]LogTextLocalizationResource: Warning: Text translation conflict for namespace "InputKeys" and key "PS4_Gamepad_LeftTriggerAxis".
[2026.08.30-14.03.12:009][  0]LogTextLocalizationResource: The current translation is "游戏手柄L2轴" (from "../../../Engine/Content/Localization/Engine/zh-Hans/Engine.locres" and source hash 0xece986ce) and the conflicting translation of "手柄 L2 轴" (from "../../../../../../UE5_My_Project/LyraStarterGame/Content/Localization/EngineOverrides/zh-Hans/EngineOverrides.locres" and source hash 0xece986ce) will be ignored.
[2026.08.30-14.03.12:009][  0]LogTextLocalizationResource: Warning: Text translation conflict for namespace "InputKeys" and key "PS4_Gamepad_LeftThumbstick".
[2026.08.30-14.03.12:009][  0]LogTextLocalizationResource: The current translation is "游戏手柄L3" (from "../../../Engine/Content/Localization/Engine/zh-Hans/Engine.locres" and source hash 0x3d15d495) and the conflicting translation of "手柄 L3" (from "../../../../../../UE5_My_Project/LyraStarterGame/Content/Localization/EngineOverrides/zh-Hans/EngineOverrides.locres" and source hash 0x3d15d495) will be ignored.
[2026.08.30-14.03.12:009][  0]LogTextLocalizationResource: Warning: Text translation conflict for namespace "InputKeys" and key "Gamepad_LeftShoulder".
[2026.08.30-14.03.12:009][  0]LogTextLocalizationResource: The current translation is "游戏手柄左肩按钮" (from "../../../Engine/Content/Localization/Engine/zh-Hans/Engine.locres" and source hash 0x8ee531f5) and the conflicting translation of "手柄 左肩键" (from "../../../../../../UE5_My_Project/LyraStarterGame/Content/Localization/EngineOverrides/zh-Hans/EngineOverrides.locres" and source hash 0x8ee531f5) will be ignored.
[2026.08.30-14.03.12:009][  0]LogTextLocalizationResource: Warning: Text translation conflict for namespace "InputKeys" and key "Gamepad_Left2D".
[2026.08.30-14.03.12:009][  0]LogTextLocalizationResource: The current translation is "游戏手柄左摇杆2D轴" (from "../../../Engine/Content/Localization/Engine/zh-Hans/Engine.locres" and source hash 0x22e5d28d) and the conflicting translation of "手柄左摇杆2D轴" (from "../../../../../../UE5_My_Project/LyraStarterGame/Content/Localization/EngineOverrides/zh-Hans/EngineOverrides.locres" and source hash 0x22e5d28d) will be ignored.
[2026.08.30-14.03.12:009][  0]LogTextLocalizationResource: Warning: Text translation conflict for namespace "InputKeys" and key "Gamepad_LeftThumbstick".
[2026.08.30-14.03.12:009][  0]LogTextLocalizationResource: The current translation is "游戏手柄左摇杆按钮" (from "../../../Engine/Content/Localization/Engine/zh-Hans/Engine.locres" and source hash 0xc36646e9) and the conflicting translation of "手柄 左摇杆按钮" (from "../../../../../../UE5_My_Project/LyraStarterGame/Content/Localization/EngineOverrides/zh-Hans/EngineOverrides.locres" and source hash 0xc36646e9) will be ignored.
[2026.08.30-14.03.12:009][  0]LogTextLocalizationResource: Warning: Text translation conflict for namespace "InputKeys" and key "Gamepad_LeftStick_Down".
[2026.08.30-14.03.12:009][  0]LogTextLocalizationResource: The current translation is "游戏手柄左摇杆下" (from "../../../Engine/Content/Localization/Engine/zh-Hans/Engine.locres" and source hash 0x1b71384f) and the conflicting translation of "手柄 左摇杆下" (from "../../../../../../UE5_My_Project/LyraStarterGame/Content/Localization/EngineOverrides/zh-Hans/EngineOverrides.locres" and source hash 0x1b71384f) will be ignored.
[2026.08.30-14.03.12:009][  0]LogTextLocalizationResource: Warning: Text translation conflict for namespace "InputKeys" and key "Gamepad_LeftStick_Left".
[2026.08.30-14.03.12:009][  0]LogTextLocalizationResource: The current translation is "游戏手柄左摇杆左" (from "../../../Engine/Content/Localization/Engine/zh-Hans/Engine.locres" and source hash 0x0de0c92f) and the conflicting translation of "手柄 左摇杆左" (from "../../../../../../UE5_My_Project/LyraStarterGame/Content/Localization/EngineOverrides/zh-Hans/EngineOverrides.locres" and source hash 0x0de0c92f) will be ignored.
[2026.08.30-14.03.12:009][  0]LogTextLocalizationResource: Warning: Text translation conflict for namespace "InputKeys" and key "Gamepad_LeftStick_Right".
[2026.08.30-14.03.12:009][  0]LogTextLocalizationResource: The current translation is "游戏手柄左摇杆右" (from "../../../Engine/Content/Localization/Engine/zh-Hans/Engine.locres" and source hash 0x6d542ea0) and the conflicting translation of "手柄 左摇杆右" (from "../../../../../../UE5_My_Project/LyraStarterGame/Content/Localization/EngineOverrides/zh-Hans/EngineOverrides.locres" and source hash 0x6d542ea0) will be ignored.
[2026.08.30-14.03.12:009][  0]LogTextLocalizationResource: Warning: Text translation conflict for namespace "InputKeys" and key "Gamepad_LeftStick_Up".
[2026.08.30-14.03.12:009][  0]LogTextLocalizationResource: The current translation is "游戏手柄左摇杆上" (from "../../../Engine/Content/Localization/Engine/zh-Hans/Engine.locres" and source hash 0x1388c97e) and the conflicting translation of "手柄 左摇杆上" (from "../../../../../../UE5_My_Project/LyraStarterGame/Content/Localization/EngineOverrides/zh-Hans/EngineOverrides.locres" and source hash 0x1388c97e) will be ignored.
[2026.08.30-14.03.12:009][  0]LogTextLocalizationResource: Warning: Text translation conflict for namespace "InputKeys" and key "Gamepad_LeftX".
[2026.08.30-14.03.12:010][  0]LogTextLocalizationResource: The current translation is "游戏手柄左摇杆X轴" (from "../../../Engine/Content/Localization/Engine/zh-Hans/Engine.locres" and source hash 0x15894755) and the conflicting translation of "手柄 左摇杆X-轴" (from "../../../../../../UE5_My_Project/LyraStarterGame/Content/Localization/EngineOverrides/zh-Hans/EngineOverrides.locres" and source hash 0x15894755) will be ignored.
[2026.08.30-14.03.12:010][  0]LogTextLocalizationResource: Warning: Text translation conflict for namespace "InputKeys" and key "Gamepad_LeftY".
[2026.08.30-14.03.12:010][  0]LogTextLocalizationResource: The current translation is "游戏手柄左摇杆Y轴" (from "../../../Engine/Content/Localization/Engine/zh-Hans/Engine.locres" and source hash 0x94ac2272) and the conflicting translation of "手柄 左摇杆Y-轴" (from "../../../../../../UE5_My_Project/LyraStarterGame/Content/Localization/EngineOverrides/zh-Hans/EngineOverrides.locres" and source hash 0x94ac2272) will be ignored.
[2026.08.30-14.03.12:010][  0]LogTextLocalizationResource: Warning: Text translation conflict for namespace "InputKeys" and key "Gamepad_LeftTrigger".
[2026.08.30-14.03.12:010][  0]LogTextLocalizationResource: The current translation is "游戏手柄左扳机" (from "../../../Engine/Content/Localization/Engine/zh-Hans/Engine.locres" and source hash 0x6f11498d) and the conflicting translation of "手柄 左扳机" (from "../../../../../../UE5_My_Project/LyraStarterGame/Content/Localization/EngineOverrides/zh-Hans/EngineOverrides.locres" and source hash 0x6f11498d) will be ignored.
[2026.08.30-14.03.12:010][  0]LogTextLocalizationResource: Warning: Text translation conflict for namespace "InputKeys" and key "Gamepad_LeftTriggerAxis".
[2026.08.30-14.03.12:010][  0]LogTextLocalizationResource: The current translation is "游戏手柄左扳机轴" (from "../../../Engine/Content/Localization/Engine/zh-Hans/Engine.locres" and source hash 0x3b2a5653) and the conflicting translation of "手柄 左扳机轴" (from "../../../../../../UE5_My_Project/LyraStarterGame/Content/Localization/EngineOverrides/zh-Hans/EngineOverrides.locres" and source hash 0x3b2a5653) will be ignored.
[2026.08.30-14.03.12:010][  0]LogTextLocalizationResource: Warning: Text translation conflict for namespace "InputKeys" and key "PS4_Gamepad_Special_Right".
[2026.08.30-14.03.12:010][  0]LogTextLocalizationResource: The current translation is "游戏手柄选项" (from "../../../Engine/Content/Localization/Engine/zh-Hans/Engine.locres" and source hash 0x9c6abe61) and the conflicting translation of "手柄 选项键" (from "../../../../../../UE5_My_Project/LyraStarterGame/Content/Localization/EngineOverrides/zh-Hans/EngineOverrides.locres" and source hash 0x9c6abe61) will be ignored.
[2026.08.30-14.03.12:010][  0]LogTextLocalizationResource: Warning: Text translation conflict for namespace "InputKeys" and key "PS4_Gamepad_RightShoulder".
[2026.08.30-14.03.12:010][  0]LogTextLocalizationResource: The current translation is "游戏手柄R1" (from "../../../Engine/Content/Localization/Engine/zh-Hans/Engine.locres" and source hash 0xfe2d3f07) and the conflicting translation of "手柄 R1" (from "../../../../../../UE5_My_Project/LyraStarterGame/Content/Localization/EngineOverrides/zh-Hans/EngineOverrides.locres" and source hash 0xfe2d3f07) will be ignored.
[2026.08.30-14.03.12:010][  0]LogTextLocalizationResource: Warning: Text translation conflict for namespace "InputKeys" and key "PS4_Gamepad_RightTrigger".
[2026.08.30-14.03.12:010][  0]LogTextLocalizationResource: The current translation is "游戏手柄R2" (from "../../../Engine/Content/Localization/Engine/zh-Hans/Engine.locres" and source hash 0xec9890e9) and the conflicting translation of "手柄 R2" (from "../../../../../../UE5_My_Project/LyraStarterGame/Content/Localization/EngineOverrides/zh-Hans/EngineOverrides.locres" and source hash 0xec9890e9) will be ignored.
[2026.08.30-14.03.12:010][  0]LogTextLocalizationResource: Warning: Text translation conflict for namespace "InputKeys" and key "PS4_Gamepad_RightTriggerAxis".
[2026.08.30-14.03.12:010][  0]LogTextLocalizationResource: The current translation is "游戏手柄R2轴" (from "../../../Engine/Content/Localization/Engine/zh-Hans/Engine.locres" and source hash 0xffa5b1b8) and the conflicting translation of "手柄 R2 轴" (from "../../../../../../UE5_My_Project/LyraStarterGame/Content/Localization/EngineOverrides/zh-Hans/EngineOverrides.locres" and source hash 0xffa5b1b8) will be ignored.
[2026.08.30-14.03.12:010][  0]LogTextLocalizationResource: Warning: Text translation conflict for namespace "InputKeys" and key "PS4_Gamepad_RightThumbstick".
[2026.08.30-14.03.12:010][  0]LogTextLocalizationResource: The current translation is "游戏手柄R3" (from "../../../Engine/Content/Localization/Engine/zh-Hans/Engine.locres" and source hash 0x5424f78c) and the conflicting translation of "手柄 R3" (from "../../../../../../UE5_My_Project/LyraStarterGame/Content/Localization/EngineOverrides/zh-Hans/EngineOverrides.locres" and source hash 0x5424f78c) will be ignored.
[2026.08.30-14.03.12:010][  0]LogTextLocalizationResource: Warning: Text translation conflict for namespace "InputKeys" and key "Gamepad_RightShoulder".
[2026.08.30-14.03.12:010][  0]LogTextLocalizationResource: The current translation is "游戏手柄右肩按钮" (from "../../../Engine/Content/Localization/Engine/zh-Hans/Engine.locres" and source hash 0xbfc1a78b) and the conflicting translation of "手柄 右肩键" (from "../../../../../../UE5_My_Project/LyraStarterGame/Content/Localization/EngineOverrides/zh-Hans/EngineOverrides.locres" and source hash 0xbfc1a78b) will be ignored.
[2026.08.30-14.03.12:010][  0]LogTextLocalizationResource: Warning: Text translation conflict for namespace "InputKeys" and key "Gamepad_Right2D".
[2026.08.30-14.03.12:011][  0]LogTextLocalizationResource: The current translation is "游戏手柄右摇杆2D轴" (from "../../../Engine/Content/Localization/Engine/zh-Hans/Engine.locres" and source hash 0x6aec3203) and the conflicting translation of "手柄右摇杆2D轴" (from "../../../../../../UE5_My_Project/LyraStarterGame/Content/Localization/EngineOverrides/zh-Hans/EngineOverrides.locres" and source hash 0x6aec3203) will be ignored.
[2026.08.30-14.03.12:011][  0]LogTextLocalizationResource: Warning: Text translation conflict for namespace "InputKeys" and key "Gamepad_RightThumbstick".
[2026.08.30-14.03.12:011][  0]LogTextLocalizationResource: The current translation is "游戏手柄右摇杆按钮" (from "../../../Engine/Content/Localization/Engine/zh-Hans/Engine.locres" and source hash 0x7e84d635) and the conflicting translation of "手柄 右摇杆按钮" (from "../../../../../../UE5_My_Project/LyraStarterGame/Content/Localization/EngineOverrides/zh-Hans/EngineOverrides.locres" and source hash 0x7e84d635) will be ignored.
[2026.08.30-14.03.12:011][  0]LogTextLocalizationResource: Warning: Text translation conflict for namespace "InputKeys" and key "Gamepad_RightStick_Down".
[2026.08.30-14.03.12:011][  0]LogTextLocalizationResource: The current translation is "游戏手柄右摇杆下" (from "../../../Engine/Content/Localization/Engine/zh-Hans/Engine.locres" and source hash 0xc71592f3) and the conflicting translation of "手柄 右摇杆下" (from "../../../../../../UE5_My_Project/LyraStarterGame/Content/Localization/EngineOverrides/zh-Hans/EngineOverrides.locres" and source hash 0xc71592f3) will be ignored.
[2026.08.30-14.03.12:011][  0]LogTextLocalizationResource: Warning: Text translation conflict for namespace "InputKeys" and key "Gamepad_RightStick_Left".
[2026.08.30-14.03.12:011][  0]LogTextLocalizationResource: The current translation is "游戏手柄右摇杆左" (from "../../../Engine/Content/Localization/Engine/zh-Hans/Engine.locres" and source hash 0xd1846393) and the conflicting translation of "手柄 右摇杆左" (from "../../../../../../UE5_My_Project/LyraStarterGame/Content/Localization/EngineOverrides/zh-Hans/EngineOverrides.locres" and source hash 0xd1846393) will be ignored.
[2026.08.30-14.03.12:011][  0]LogTextLocalizationResource: Warning: Text translation conflict for namespace "InputKeys" and key "Gamepad_RightStick_Right".
[2026.08.30-14.03.12:011][  0]LogTextLocalizationResource: The current translation is "游戏手柄右摇杆右" (from "../../../Engine/Content/Localization/Engine/zh-Hans/Engine.locres" and source hash 0x60eb3768) and the conflicting translation of "手柄 右摇杆右" (from "../../../../../../UE5_My_Project/LyraStarterGame/Content/Localization/EngineOverrides/zh-Hans/EngineOverrides.locres" and source hash 0x60eb3768) will be ignored.
[2026.08.30-14.03.12:011][  0]LogTextLocalizationResource: Warning: Text translation conflict for namespace "InputKeys" and key "Gamepad_RightStick_Up".
[2026.08.30-14.03.12:011][  0]LogTextLocalizationResource: The current translation is "游戏手柄右摇杆上" (from "../../../Engine/Content/Localization/Engine/zh-Hans/Engine.locres" and source hash 0x39873e9a) and the conflicting translation of "手柄 右摇杆上" (from "../../../../../../UE5_My_Project/LyraStarterGame/Content/Localization/EngineOverrides/zh-Hans/EngineOverrides.locres" and source hash 0x39873e9a) will be ignored.
[2026.08.30-14.03.12:011][  0]LogTextLocalizationResource: Warning: Text translation conflict for namespace "InputKeys" and key "Gamepad_RightX".
[2026.08.30-14.03.12:011][  0]LogTextLocalizationResource: The current translation is "游戏手柄右摇杆X轴" (from "../../../Engine/Content/Localization/Engine/zh-Hans/Engine.locres" and source hash 0xa86bd789) and the conflicting translation of "手柄 右摇杆X-轴" (from "../../../../../../UE5_My_Project/LyraStarterGame/Content/Localization/EngineOverrides/zh-Hans/EngineOverrides.locres" and source hash 0xa86bd789) will be ignored.
[2026.08.30-14.03.12:011][  0]LogTextLocalizationResource: Warning: Text translation conflict for namespace "InputKeys" and key "Gamepad_RightY".
[2026.08.30-14.03.12:011][  0]LogTextLocalizationResource: The current translation is "游戏手柄右摇杆Y轴" (from "../../../Engine/Content/Localization/Engine/zh-Hans/Engine.locres" and source hash 0x294eb2ae) and the conflicting translation of "手柄 右摇杆Y-轴" (from "../../../../../../UE5_My_Project/LyraStarterGame/Content/Localization/EngineOverrides/zh-Hans/EngineOverrides.locres" and source hash 0x294eb2ae) will be ignored.
[2026.08.30-14.03.12:011][  0]LogTextLocalizationResource: Warning: Text translation conflict for namespace "InputKeys" and key "Gamepad_RightTrigger".
[2026.08.30-14.03.12:011][  0]LogTextLocalizationResource: The current translation is "游戏手柄右扳机" (from "../../../Engine/Content/Localization/Engine/zh-Hans/Engine.locres" and source hash 0x4bca2005) and the conflicting translation of "手柄 右扳机" (from "../../../../../../UE5_My_Project/LyraStarterGame/Content/Localization/EngineOverrides/zh-Hans/EngineOverrides.locres" and source hash 0x4bca2005) will be ignored.
[2026.08.30-14.03.12:011][  0]LogTextLocalizationResource: Warning: Text translation conflict for namespace "InputKeys" and key "Gamepad_RightTriggerAxis".
[2026.08.30-14.03.12:011][  0]LogTextLocalizationResource: The current translation is "游戏手柄右扳机轴" (from "../../../Engine/Content/Localization/Engine/zh-Hans/Engine.locres" and source hash 0xe2f66b8e) and the conflicting translation of "手柄 右扳机轴" (from "../../../../../../UE5_My_Project/LyraStarterGame/Content/Localization/EngineOverrides/zh-Hans/EngineOverrides.locres" and source hash 0xe2f66b8e) will be ignored.
[2026.08.30-14.03.12:011][  0]LogTextLocalizationResource: Warning: Text translation conflict for namespace "InputKeys" and key "Gamepad_Special_Left".
[2026.08.30-14.03.12:011][  0]LogTextLocalizationResource: The current translation is "游戏手柄特殊键左" (from "../../../Engine/Content/Localization/Engine/zh-Hans/Engine.locres" and source hash 0xc9def1dc) and the conflicting translation of "手柄 特殊键 左" (from "../../../../../../UE5_My_Project/LyraStarterGame/Content/Localization/EngineOverrides/zh-Hans/EngineOverrides.locres" and source hash 0xc9def1dc) will be ignored.
[2026.08.30-14.03.12:012][  0]LogTextLocalizationResource: Warning: Text translation conflict for namespace "InputKeys" and key "Gamepad_Special_Right".
[2026.08.30-14.03.12:012][  0]LogTextLocalizationResource: The current translation is "游戏手柄特殊键右" (from "../../../Engine/Content/Localization/Engine/zh-Hans/Engine.locres" and source hash 0x0e333e15) and the conflicting translation of "手柄 特殊键 右" (from "../../../../../../UE5_My_Project/LyraStarterGame/Content/Localization/EngineOverrides/zh-Hans/EngineOverrides.locres" and source hash 0x0e333e15) will be ignored.
[2026.08.30-14.03.12:012][  0]LogTextLocalizationResource: Warning: Text translation conflict for namespace "InputKeys" and key "PS4_Gamepad_FaceButton_Left".
[2026.08.30-14.03.12:012][  0]LogTextLocalizationResource: The current translation is "游戏手柄方块键" (from "../../../Engine/Content/Localization/Engine/zh-Hans/Engine.locres" and source hash 0x53139649) and the conflicting translation of "手柄 方块" (from "../../../../../../UE5_My_Project/LyraStarterGame/Content/Localization/EngineOverrides/zh-Hans/EngineOverrides.locres" and source hash 0x53139649) will be ignored.
[2026.08.30-14.03.12:012][  0]LogTextLocalizationResource: Warning: Text translation conflict for namespace "InputKeys" and key "XBoxOne_Gamepad_Special_Right".
[2026.08.30-14.03.12:012][  0]LogTextLocalizationResource: The current translation is "游戏手柄Start键" (from "../../../Engine/Content/Localization/Engine/zh-Hans/Engine.locres" and source hash 0xd8d791b9) and the conflicting translation of "手柄 开始键" (from "../../../../../../UE5_My_Project/LyraStarterGame/Content/Localization/EngineOverrides/zh-Hans/EngineOverrides.locres" and source hash 0xd8d791b9) will be ignored.
[2026.08.30-14.03.12:012][  0]LogTextLocalizationResource: Warning: Text translation conflict for namespace "InputKeys" and key "PS4_Gamepad_Special_Left".
[2026.08.30-14.03.12:012][  0]LogTextLocalizationResource: The current translation is "游戏手柄触摸板按钮" (from "../../../Engine/Content/Localization/Engine/zh-Hans/Engine.locres" and source hash 0x3fa1c45b) and the conflicting translation of "手柄 触摸板" (from "../../../../../../UE5_My_Project/LyraStarterGame/Content/Localization/EngineOverrides/zh-Hans/EngineOverrides.locres" and source hash 0x3fa1c45b) will be ignored.
[2026.08.30-14.03.12:012][  0]LogTextLocalizationResource: Warning: Text translation conflict for namespace "InputKeys" and key "PS4_Gamepad_FaceButton_Top".
[2026.08.30-14.03.12:012][  0]LogTextLocalizationResource: The current translation is "游戏手柄三角键" (from "../../../Engine/Content/Localization/Engine/zh-Hans/Engine.locres" and source hash 0x7db089e5) and the conflicting translation of "手柄 三角" (from "../../../../../../UE5_My_Project/LyraStarterGame/Content/Localization/EngineOverrides/zh-Hans/EngineOverrides.locres" and source hash 0x7db089e5) will be ignored.
[2026.08.30-14.03.12:012][  0]LogTextLocalizationResource: Warning: Text translation conflict for namespace "InputKeys" and key "PS4_Gamepad_FaceButton_Bottom".
[2026.08.30-14.03.12:012][  0]LogTextLocalizationResource: The current translation is "游戏手柄叉键" (from "../../../Engine/Content/Localization/Engine/zh-Hans/Engine.locres" and source hash 0x5eb8d806) and the conflicting translation of "手柄 交叉" (from "../../../../../../UE5_My_Project/LyraStarterGame/Content/Localization/EngineOverrides/zh-Hans/EngineOverrides.locres" and source hash 0x5eb8d806) will be ignored.
[2026.08.30-14.03.12:012][  0]LogTextLocalizationResource: Warning: Text translation conflict for namespace "InputKeys" and key "XBoxOne_Gamepad_FaceButton_Left".
[2026.08.30-14.03.12:012][  0]LogTextLocalizationResource: The current translation is "游戏手柄X键" (from "../../../Engine/Content/Localization/Engine/zh-Hans/Engine.locres" and source hash 0x5eb8d806) and the conflicting translation of "手柄 交叉" (from "../../../../../../UE5_My_Project/LyraStarterGame/Content/Localization/EngineOverrides/zh-Hans/EngineOverrides.locres" and source hash 0x5eb8d806) will be ignored.
[2026.08.30-14.03.12:012][  0]LogTextLocalizationResource: Warning: Text translation conflict for namespace "InputKeys" and key "XBoxOne_Gamepad_FaceButton_Top".
[2026.08.30-14.03.12:012][  0]LogTextLocalizationResource: The current translation is "游戏手柄Y键" (from "../../../Engine/Content/Localization/Engine/zh-Hans/Engine.locres" and source hash 0xe604bf63) and the conflicting translation of "手柄 Y" (from "../../../../../../UE5_My_Project/LyraStarterGame/Content/Localization/EngineOverrides/zh-Hans/EngineOverrides.locres" and source hash 0xe604bf63) will be ignored.
[2026.08.30-14.03.12:012][  0]LogTextLocalizationResource: Warning: Text translation conflict for namespace "InputKeys" and key "GestureSubCateogry".
[2026.08.30-14.03.12:012][  0]LogTextLocalizationResource: The current translation is "姿势" (from "../../../Engine/Content/Localization/Engine/zh-Hans/Engine.locres" and source hash 0xec77b219) and the conflicting translation of "手势" (from "../../../../../../UE5_My_Project/LyraStarterGame/Content/Localization/EngineOverrides/zh-Hans/EngineOverrides.locres" and source hash 0xec77b219) will be ignored.
[2026.08.30-14.03.12:012][  0]LogTextLocalizationResource: Warning: Text translation conflict for namespace "InputKeys" and key "Global_Back".
[2026.08.30-14.03.12:012][  0]LogTextLocalizationResource: The current translation is "全局返回" (from "../../../Engine/Content/Localization/Engine/zh-Hans/Engine.locres" and source hash 0xd89b4588) and the conflicting translation of "全局后退" (from "../../../../../../UE5_My_Project/LyraStarterGame/Content/Localization/EngineOverrides/zh-Hans/EngineOverrides.locres" and source hash 0xd89b4588) will be ignored.
[2026.08.30-14.03.12:012][  0]LogTextLocalizationResource: Warning: Text translation conflict for namespace "InputKeys" and key "Global_View".
[2026.08.30-14.03.12:012][  0]LogTextLocalizationResource: The current translation is "全局视图" (from "../../../Engine/Content/Localization/Engine/zh-Hans/Engine.locres" and source hash 0x3021a0cf) and the conflicting translation of "全局观察" (from "../../../../../../UE5_My_Project/LyraStarterGame/Content/Localization/EngineOverrides/zh-Hans/EngineOverrides.locres" and source hash 0x3021a0cf) will be ignored.
[2026.08.30-14.03.12:012][  0]LogTextLocalizationResource: Warning: Text translation conflict for namespace "InputKeys" and key "Home".
[2026.08.30-14.03.12:013][  0]LogTextLocalizationResource: The current translation is "HOME键" (from "../../../Engine/Content/Localization/Engine/zh-Hans/Engine.locres" and source hash 0xac0663c2) and the conflicting translation of "主页" (from "../../../../../../UE5_My_Project/LyraStarterGame/Content/Localization/EngineOverrides/zh-Hans/EngineOverrides.locres" and source hash 0xac0663c2) will be ignored.
[2026.08.30-14.03.12:013][  0]LogTextLocalizationResource: Warning: Text translation conflict for namespace "InputKeys" and key "Hyphen".
[2026.08.30-14.03.12:013][  0]LogTextLocalizationResource: The current translation is "连字号" (from "../../../Engine/Content/Localization/Engine/zh-Hans/Engine.locres" and source hash 0xd2a43de7) and the conflicting translation of "连字符”-”" (from "../../../../../../UE5_My_Project/LyraStarterGame/Content/Localization/EngineOverrides/zh-Hans/EngineOverrides.locres" and source hash 0xd2a43de7) will be ignored.
[2026.08.30-14.03.12:013][  0]LogTextLocalizationResource: Warning: Text translation conflict for namespace "InputKeys" and key "InsertShort".
[2026.08.30-14.03.12:013][  0]LogTextLocalizationResource: The current translation is "插入键" (from "../../../Engine/Content/Localization/Engine/zh-Hans/Engine.locres" and source hash 0x6af4f6f5) and the conflicting translation of "插入键”Ins”" (from "../../../../../../UE5_My_Project/LyraStarterGame/Content/Localization/EngineOverrides/zh-Hans/EngineOverrides.locres" and source hash 0x6af4f6f5) will be ignored.
[2026.08.30-14.03.12:013][  0]LogTextLocalizationResource: Warning: Text translation conflict for namespace "InputKeys" and key "Left".
[2026.08.30-14.03.12:013][  0]LogTextLocalizationResource: The current translation is "向左键" (from "../../../Engine/Content/Localization/Engine/zh-Hans/Engine.locres" and source hash 0x27cfeb88) and the conflicting translation of "左方向键" (from "../../../../../../UE5_My_Project/LyraStarterGame/Content/Localization/EngineOverrides/zh-Hans/EngineOverrides.locres" and source hash 0x27cfeb88) will be ignored.
[2026.08.30-14.03.12:013][  0]LogTextLocalizationResource: Warning: Text translation conflict for namespace "InputKeys" and key "LeftAlt".
[2026.08.30-14.03.12:013][  0]LogTextLocalizationResource: The current translation is "左Alt" (from "../../../Engine/Content/Localization/Engine/zh-Hans/Engine.locres" and source hash 0x94abc9dd) and the conflicting translation of "左Alt键" (from "../../../../../../UE5_My_Project/LyraStarterGame/Content/Localization/EngineOverrides/zh-Hans/EngineOverrides.locres" and source hash 0x94abc9dd) will be ignored.
[2026.08.30-14.03.12:013][  0]LogTextLocalizationResource: Warning: Text translation conflict for namespace "InputKeys" and key "LeftBracket".
[2026.08.30-14.03.12:013][  0]LogTextLocalizationResource: The current translation is "左方括号键" (from "../../../Engine/Content/Localization/Engine/zh-Hans/Engine.locres" and source hash 0xb776f010) and the conflicting translation of "左方括号”[”" (from "../../../../../../UE5_My_Project/LyraStarterGame/Content/Localization/EngineOverrides/zh-Hans/EngineOverrides.locres" and source hash 0xb776f010) will be ignored.
[2026.08.30-14.03.12:013][  0]LogTextLocalizationResource: Warning: Text translation conflict for namespace "InputKeys" and key "LeftCommand".
[2026.08.30-14.03.12:013][  0]LogTextLocalizationResource: The current translation is "左Cmd" (from "../../../Engine/Content/Localization/Engine/zh-Hans/Engine.locres" and source hash 0xe4230043) and the conflicting translation of "左Cmd键" (from "../../../../../../UE5_My_Project/LyraStarterGame/Content/Localization/EngineOverrides/zh-Hans/EngineOverrides.locres" and source hash 0xe4230043) will be ignored.
[2026.08.30-14.03.12:013][  0]LogTextLocalizationResource: Warning: Text translation conflict for namespace "InputKeys" and key "LeftControl".
[2026.08.30-14.03.12:013][  0]LogTextLocalizationResource: The current translation is "左Ctrl" (from "../../../Engine/Content/Localization/Engine/zh-Hans/Engine.locres" and source hash 0xebbedeb5) and the conflicting translation of "左Ctrl键" (from "../../../../../../UE5_My_Project/LyraStarterGame/Content/Localization/EngineOverrides/zh-Hans/EngineOverrides.locres" and source hash 0xebbedeb5) will be ignored.
[2026.08.30-14.03.12:013][  0]LogTextLocalizationResource: Warning: Text translation conflict for namespace "InputKeys" and key "LeftParantheses".
[2026.08.30-14.03.12:013][  0]LogTextLocalizationResource: The current translation is "左圆括号键" (from "../../../Engine/Content/Localization/Engine/zh-Hans/Engine.locres" and source hash 0x4964152c) and the conflicting translation of "左圆括号”(”" (from "../../../../../../UE5_My_Project/LyraStarterGame/Content/Localization/EngineOverrides/zh-Hans/EngineOverrides.locres" and source hash 0x4964152c) will be ignored.
[2026.08.30-14.03.12:013][  0]LogTextLocalizationResource: Warning: Text translation conflict for namespace "InputKeys" and key "LeftShift".
[2026.08.30-14.03.12:013][  0]LogTextLocalizationResource: The current translation is "左Shift" (from "../../../Engine/Content/Localization/Engine/zh-Hans/Engine.locres" and source hash 0x68b5e5ca) and the conflicting translation of "左Shift键" (from "../../../../../../UE5_My_Project/LyraStarterGame/Content/Localization/EngineOverrides/zh-Hans/EngineOverrides.locres" and source hash 0x68b5e5ca) will be ignored.
[2026.08.30-14.03.12:013][  0]LogTextLocalizationResource: Warning: Text translation conflict for namespace "InputKeys" and key "MixedReality_Left_Grip_Click".
[2026.08.30-14.03.12:013][  0]LogTextLocalizationResource: The current translation is "Mixed Reality（左）手握" (from "../../../Engine/Content/Localization/Engine/zh-Hans/Engine.locres" and source hash 0xbb8ae260) and the conflicting translation of "Mixed Reality（左）抓握" (from "../../../../../../UE5_My_Project/LyraStarterGame/Content/Localization/EngineOverrides/zh-Hans/EngineOverrides.locres" and source hash 0xbb8ae260) will be ignored.
[2026.08.30-14.03.12:013][  0]LogTextLocalizationResource: Warning: Text translation conflict for namespace "InputKeys" and key "MixedReality_Left_Thumbstick_2D".
[2026.08.30-14.03.12:013][  0]LogTextLocalizationResource: The current translation is "Mixed Reality（左）摇杆2D轴" (from "../../../Engine/Content/Localization/Engine/zh-Hans/Engine.locres" and source hash 0x71881f70) and the conflicting translation of "Mixed Reality（左）摇杆 2D 轴" (from "../../../../../../UE5_My_Project/LyraStarterGame/Content/Localization/EngineOverrides/zh-Hans/EngineOverrides.locres" and source hash 0x71881f70) will be ignored.
[2026.08.30-14.03.12:013][  0]LogTextLocalizationResource: Warning: Text translation conflict for namespace "InputKeys" and key "MixedReality_Left_Thumbstick_X".
[2026.08.30-14.03.12:013][  0]LogTextLocalizationResource: The current translation is "Mixed Reality（左）摇杆X轴" (from "../../../Engine/Content/Localization/Engine/zh-Hans/Engine.locres" and source hash 0x4fbb5e85) and the conflicting translation of "Mixed Reality（左）摇杆 X 轴" (from "../../../../../../UE5_My_Project/LyraStarterGame/Content/Localization/EngineOverrides/zh-Hans/EngineOverrides.locres" and source hash 0x4fbb5e85) will be ignored.
[2026.08.30-14.03.12:013][  0]LogTextLocalizationResource: Warning: Text translation conflict for namespace "InputKeys" and key "MixedReality_Left_Thumbstick_Y".
[2026.08.30-14.03.12:013][  0]LogTextLocalizationResource: The current translation is "Mixed Reality（左）摇杆Y轴" (from "../../../Engine/Content/Localization/Engine/zh-Hans/Engine.locres" and source hash 0xce9e3ba2) and the conflicting translation of "Mixed Reality（左）摇杆 Y 轴" (from "../../../../../../UE5_My_Project/LyraStarterGame/Content/Localization/EngineOverrides/zh-Hans/EngineOverrides.locres" and source hash 0xce9e3ba2) will be ignored.
[2026.08.30-14.03.12:013][  0]LogTextLocalizationResource: Warning: Text translation conflict for namespace "InputKeys" and key "MixedReality_Left_Trackpad_2D".
[2026.08.30-14.03.12:013][  0]LogTextLocalizationResource: The current translation is "Mixed Reality（左）触控板2D轴" (from "../../../Engine/Content/Localization/Engine/zh-Hans/Engine.locres" and source hash 0x7f9acc3e) and the conflicting translation of "Mixed Reality（左）触控板 2D 轴" (from "../../../../../../UE5_My_Project/LyraStarterGame/Content/Localization/EngineOverrides/zh-Hans/EngineOverrides.locres" and source hash 0x7f9acc3e) will be ignored.
[2026.08.30-14.03.12:013][  0]LogTextLocalizationResource: Warning: Text translation conflict for namespace "InputKeys" and key "MixedReality_Left_Trackpad_Down".
[2026.08.30-14.03.12:013][  0]LogTextLocalizationResource: The current translation is "Mixed Reality（左）追踪板下" (from "../../../Engine/Content/Localization/Engine/zh-Hans/Engine.locres" and source hash 0x57a9171f) and the conflicting translation of "Mixed Reality（左）触控板下" (from "../../../../../../UE5_My_Project/LyraStarterGame/Content/Localization/EngineOverrides/zh-Hans/EngineOverrides.locres" and source hash 0x57a9171f) will be ignored.
[2026.08.30-14.03.12:013][  0]LogTextLocalizationResource: Warning: Text translation conflict for namespace "InputKeys" and key "MixedReality_Left_Trackpad_Left".
[2026.08.30-14.03.12:013][  0]LogTextLocalizationResource: The current translation is "Mixed Reality（左）追踪板左" (from "../../../Engine/Content/Localization/Engine/zh-Hans/Engine.locres" and source hash 0x4138e67f) and the conflicting translation of "Mixed Reality（左）触控板左" (from "../../../../../../UE5_My_Project/LyraStarterGame/Content/Localization/EngineOverrides/zh-Hans/EngineOverrides.locres" and source hash 0x4138e67f) will be ignored.
[2026.08.30-14.03.12:013][  0]LogTextLocalizationResource: Warning: Text translation conflict for namespace "InputKeys" and key "MixedReality_Left_Trackpad_Right".
[2026.08.30-14.03.12:013][  0]LogTextLocalizationResource: The current translation is "Mixed Reality（左）追踪板右" (from "../../../Engine/Content/Localization/Engine/zh-Hans/Engine.locres" and source hash 0xa3c36273) and the conflicting translation of "Mixed Reality（左）触控板右" (from "../../../../../../UE5_My_Project/LyraStarterGame/Content/Localization/EngineOverrides/zh-Hans/EngineOverrides.locres" and source hash 0xa3c36273) will be ignored.
[2026.08.30-14.03.12:013][  0]LogTextLocalizationResource: Warning: Text translation conflict for namespace "InputKeys" and key "MixedReality_Left_Trackpad_Touch".
[2026.08.30-14.03.12:013][  0]LogTextLocalizationResource: The current translation is "Mixed Reality（左）追踪板触控" (from "../../../Engine/Content/Localization/Engine/zh-Hans/Engine.locres" and source hash 0xd3f71150) and the conflicting translation of "Mixed Reality（左）触控板轻触" (from "../../../../../../UE5_My_Project/LyraStarterGame/Content/Localization/EngineOverrides/zh-Hans/EngineOverrides.locres" and source hash 0xd3f71150) will be ignored.
[2026.08.30-14.03.12:013][  0]LogTextLocalizationResource: Warning: Text translation conflict for namespace "InputKeys" and key "MixedReality_Left_Trackpad_Up".
[2026.08.30-14.03.12:013][  0]LogTextLocalizationResource: The current translation is "Mixed Reality（左）追踪板上" (from "../../../Engine/Content/Localization/Engine/zh-Hans/Engine.locres" and source hash 0xe7023413) and the conflicting translation of "Mixed Reality（左）触控板上" (from "../../../../../../UE5_My_Project/LyraStarterGame/Content/Localization/EngineOverrides/zh-Hans/EngineOverrides.locres" and source hash 0xe7023413) will be ignored.
[2026.08.30-14.03.12:013][  0]LogTextLocalizationResource: Warning: Text translation conflict for namespace "InputKeys" and key "MixedReality_Left_Trackpad_X".
[2026.08.30-14.03.12:013][  0]LogTextLocalizationResource: The current translation is "Mixed Reality（左）追踪板X" (from "../../../Engine/Content/Localization/Engine/zh-Hans/Engine.locres" and source hash 0x00cc204d) and the conflicting translation of "Mixed Reality（左）触控板X" (from "../../../../../../UE5_My_Project/LyraStarterGame/Content/Localization/EngineOverrides/zh-Hans/EngineOverrides.locres" and source hash 0x00cc204d) will be ignored.
[2026.08.30-14.03.12:013][  0]LogTextLocalizationResource: Warning: Text translation conflict for namespace "InputKeys" and key "MixedReality_Left_Trackpad_Y".
[2026.08.30-14.03.12:013][  0]LogTextLocalizationResource: The current translation is "Mixed Reality（左）追踪板Y" (from "../../../Engine/Content/Localization/Engine/zh-Hans/Engine.locres" and source hash 0xb8704728) and the conflicting translation of "Mixed Reality（左）触控板Y" (from "../../../../../../UE5_My_Project/LyraStarterGame/Content/Localization/EngineOverrides/zh-Hans/EngineOverrides.locres" and source hash 0xb8704728) will be ignored.
[2026.08.30-14.03.12:013][  0]LogTextLocalizationResource: Warning: Text translation conflict for namespace "InputKeys" and key "MixedReality_Left_Trigger_Click".
[2026.08.30-14.03.12:013][  0]LogTextLocalizationResource: The current translation is "Mixed Reality（左）扳机键" (from "../../../Engine/Content/Localization/Engine/zh-Hans/Engine.locres" and source hash 0x106024da) and the conflicting translation of "Mixed Reality（左）扳机" (from "../../../../../../UE5_My_Project/LyraStarterGame/Content/Localization/EngineOverrides/zh-Hans/EngineOverrides.locres" and source hash 0x106024da) will be ignored.
[2026.08.30-14.03.12:013][  0]LogTextLocalizationResource: Warning: Text translation conflict for namespace "InputKeys" and key "MixedReality_Left_Trigger_Axis".
[2026.08.30-14.03.12:013][  0]LogTextLocalizationResource: The current translation is "Mixed Reality（左）扳机键轴" (from "../../../Engine/Content/Localization/Engine/zh-Hans/Engine.locres" and source hash 0xd7fb2eff) and the conflicting translation of "Mixed Reality（左）扳机轴" (from "../../../../../../UE5_My_Project/LyraStarterGame/Content/Localization/EngineOverrides/zh-Hans/EngineOverrides.locres" and source hash 0xd7fb2eff) will be ignored.
[2026.08.30-14.03.12:013][  0]LogTextLocalizationResource: Warning: Text translation conflict for namespace "InputKeys" and key "MixedReality_Right_Grip_Click".
[2026.08.30-14.03.12:013][  0]LogTextLocalizationResource: The current translation is "Mixed Reality（右）手握" (from "../../../Engine/Content/Localization/Engine/zh-Hans/Engine.locres" and source hash 0xa8c6d516) and the conflicting translation of "Mixed Reality（右）抓握" (from "../../../../../../UE5_My_Project/LyraStarterGame/Content/Localization/EngineOverrides/zh-Hans/EngineOverrides.locres" and source hash 0xa8c6d516) will be ignored.
[2026.08.30-14.03.12:015][  0]LogTextLocalizationResource: Warning: Text translation conflict for namespace "InputKeys" and key "MixedReality_Right_Thumbstick_2D".
[2026.08.30-14.03.12:015][  0]LogTextLocalizationResource: The current translation is "Mixed Reality（右）摇杆2D轴" (from "../../../Engine/Content/Localization/Engine/zh-Hans/Engine.locres" and source hash 0x6b13c81f) and the conflicting translation of "Mixed Reality（右）摇杆 2D 轴" (from "../../../../../../UE5_My_Project/LyraStarterGame/Content/Localization/EngineOverrides/zh-Hans/EngineOverrides.locres" and source hash 0x6b13c81f) will be ignored.
[2026.08.30-14.03.12:015][  0]LogTextLocalizationResource: Warning: Text translation conflict for namespace "InputKeys" and key "MixedReality_Right_Thumbstick_X".
[2026.08.30-14.03.12:015][  0]LogTextLocalizationResource: The current translation is "Mixed Reality（右）摇杆X轴" (from "../../../Engine/Content/Localization/Engine/zh-Hans/Engine.locres" and source hash 0xff5e4942) and the conflicting translation of "Mixed Reality（右）摇杆 X 轴" (from "../../../../../../UE5_My_Project/LyraStarterGame/Content/Localization/EngineOverrides/zh-Hans/EngineOverrides.locres" and source hash 0xff5e4942) will be ignored.
[2026.08.30-14.03.12:015][  0]LogTextLocalizationResource: Warning: Text translation conflict for namespace "InputKeys" and key "MixedReality_Right_Thumbstick_Y".
[2026.08.30-14.03.12:015][  0]LogTextLocalizationResource: The current translation is "Mixed Reality（右）摇杆Y轴" (from "../../../Engine/Content/Localization/Engine/zh-Hans/Engine.locres" and source hash 0x7e7b2c65) and the conflicting translation of "Mixed Reality（右）摇杆 Y 轴" (from "../../../../../../UE5_My_Project/LyraStarterGame/Content/Localization/EngineOverrides/zh-Hans/EngineOverrides.locres" and source hash 0x7e7b2c65) will be ignored.
[2026.08.30-14.03.12:015][  0]LogTextLocalizationResource: Warning: Text translation conflict for namespace "InputKeys" and key "MixedReality_Right_Trackpad_2D".
[2026.08.30-14.03.12:015][  0]LogTextLocalizationResource: The current translation is "Mixed Reality（右）触控板2D轴" (from "../../../Engine/Content/Localization/Engine/zh-Hans/Engine.locres" and source hash 0xccd2c4e3) and the conflicting translation of "Mixed Reality（右）触控板 2D 轴" (from "../../../../../../UE5_My_Project/LyraStarterGame/Content/Localization/EngineOverrides/zh-Hans/EngineOverrides.locres" and source hash 0xccd2c4e3) will be ignored.
[2026.08.30-14.03.12:015][  0]LogTextLocalizationResource: Warning: Text translation conflict for namespace "InputKeys" and key "MixedReality_Right_Trackpad_Down".
[2026.08.30-14.03.12:015][  0]LogTextLocalizationResource: The current translation is "Mixed Reality（右）追踪板下" (from "../../../Engine/Content/Localization/Engine/zh-Hans/Engine.locres" and source hash 0xff157bd0) and the conflicting translation of "Mixed Reality（右）触控板下" (from "../../../../../../UE5_My_Project/LyraStarterGame/Content/Localization/EngineOverrides/zh-Hans/EngineOverrides.locres" and source hash 0xff157bd0) will be ignored.
[2026.08.30-14.03.12:015][  0]LogTextLocalizationResource: Warning: Text translation conflict for namespace "InputKeys" and key "MixedReality_Right_Trackpad_Left".
[2026.08.30-14.03.12:015][  0]LogTextLocalizationResource: The current translation is "Mixed Reality（右）追踪板左" (from "../../../Engine/Content/Localization/Engine/zh-Hans/Engine.locres" and source hash 0xe9848ab0) and the conflicting translation of "Mixed Reality（右）触控板左" (from "../../../../../../UE5_My_Project/LyraStarterGame/Content/Localization/EngineOverrides/zh-Hans/EngineOverrides.locres" and source hash 0xe9848ab0) will be ignored.
[2026.08.30-14.03.12:015][  0]LogTextLocalizationResource: Warning: Text translation conflict for namespace "InputKeys" and key "MixedReality_Right_Trackpad_Right".
[2026.08.30-14.03.12:015][  0]LogTextLocalizationResource: The current translation is "Mixed Reality（右）追踪板右" (from "../../../Engine/Content/Localization/Engine/zh-Hans/Engine.locres" and source hash 0x5c5d6409) and the conflicting translation of "Mixed Reality（右）触控板右" (from "../../../../../../UE5_My_Project/LyraStarterGame/Content/Localization/EngineOverrides/zh-Hans/EngineOverrides.locres" and source hash 0x5c5d6409) will be ignored.
[2026.08.30-14.03.12:015][  0]LogTextLocalizationResource: Warning: Text translation conflict for namespace "InputKeys" and key "MixedReality_Right_Trackpad_Touch".
[2026.08.30-14.03.12:015][  0]LogTextLocalizationResource: The current translation is "Mixed Reality（右）追踪板触控" (from "../../../Engine/Content/Localization/Engine/zh-Hans/Engine.locres" and source hash 0x2c69172a) and the conflicting translation of "Mixed Reality（右）触控板 Touch" (from "../../../../../../UE5_My_Project/LyraStarterGame/Content/Localization/EngineOverrides/zh-Hans/EngineOverrides.locres" and source hash 0x2c69172a) will be ignored.
[2026.08.30-14.03.12:015][  0]LogTextLocalizationResource: Warning: Text translation conflict for namespace "InputKeys" and key "MixedReality_Right_Trackpad_Up".
[2026.08.30-14.03.12:015][  0]LogTextLocalizationResource: The current translation is "Mixed Reality（右）追踪板上" (from "../../../Engine/Content/Localization/Engine/zh-Hans/Engine.locres" and source hash 0x44f4f968) and the conflicting translation of "Mixed Reality（右）触控板上" (from "../../../../../../UE5_My_Project/LyraStarterGame/Content/Localization/EngineOverrides/zh-Hans/EngineOverrides.locres" and source hash 0x44f4f968) will be ignored.
[2026.08.30-14.03.12:015][  0]LogTextLocalizationResource: Warning: Text translation conflict for namespace "InputKeys" and key "MixedReality_Right_Trackpad_X".
[2026.08.30-14.03.12:015][  0]LogTextLocalizationResource: The current translation is "Mixed Reality（右）追踪板X" (from "../../../Engine/Content/Localization/Engine/zh-Hans/Engine.locres" and source hash 0x7de81d5d) and the conflicting translation of "Mixed Reality（右）触控板 X" (from "../../../../../../UE5_My_Project/LyraStarterGame/Content/Localization/EngineOverrides/zh-Hans/EngineOverrides.locres" and source hash 0x7de81d5d) will be ignored.
[2026.08.30-14.03.12:015][  0]LogTextLocalizationResource: Warning: Text translation conflict for namespace "InputKeys" and key "MixedReality_Right_Trackpad_Y".
[2026.08.30-14.03.12:015][  0]LogTextLocalizationResource: The current translation is "Mixed Reality（右）追踪板Y" (from "../../../Engine/Content/Localization/Engine/zh-Hans/Engine.locres" and source hash 0xc5547a38) and the conflicting translation of "Mixed Reality（右）触控板 Y" (from "../../../../../../UE5_My_Project/LyraStarterGame/Content/Localization/EngineOverrides/zh-Hans/EngineOverrides.locres" and source hash 0xc5547a38) will be ignored.
[2026.08.30-14.03.12:015][  0]LogTextLocalizationResource: Warning: Text translation conflict for namespace "InputKeys" and key "MixedReality_Right_Trigger_Click".
[2026.08.30-14.03.12:015][  0]LogTextLocalizationResource: The current translation is "Mixed Reality（右）扳机键" (from "../../../Engine/Content/Localization/Engine/zh-Hans/Engine.locres" and source hash 0xcb8dc7cb) and the conflicting translation of "Mixed Reality（右）扳机" (from "../../../../../../UE5_My_Project/LyraStarterGame/Content/Localization/EngineOverrides/zh-Hans/EngineOverrides.locres" and source hash 0xcb8dc7cb) will be ignored.
[2026.08.30-14.03.12:017][  0]LogTextLocalizationResource: Warning: Text translation conflict for namespace "InputKeys" and key "MixedReality_Right_Trigger_Axis".
[2026.08.30-14.03.12:017][  0]LogTextLocalizationResource: The current translation is "Mixed Reality（右）扳机键轴" (from "../../../Engine/Content/Localization/Engine/zh-Hans/Engine.locres" and source hash 0xff8bb818) and the conflicting translation of "Mixed Reality（右）扳机轴" (from "../../../../../../UE5_My_Project/LyraStarterGame/Content/Localization/EngineOverrides/zh-Hans/EngineOverrides.locres" and source hash 0xff8bb818) will be ignored.
[2026.08.30-14.03.12:017][  0]LogTextLocalizationResource: Warning: Text translation conflict for namespace "InputKeys" and key "MotionSubCateogry".
[2026.08.30-14.03.12:017][  0]LogTextLocalizationResource: The current translation is "运动" (from "../../../Engine/Content/Localization/Engine/zh-Hans/Engine.locres" and source hash 0x8036ec4f) and the conflicting translation of "动作" (from "../../../../../../UE5_My_Project/LyraStarterGame/Content/Localization/EngineOverrides/zh-Hans/EngineOverrides.locres" and source hash 0x8036ec4f) will be ignored.
[2026.08.30-14.03.12:017][  0]LogTextLocalizationResource: Warning: Text translation conflict for namespace "InputKeys" and key "MouseScrollDown".
[2026.08.30-14.03.12:017][  0]LogTextLocalizationResource: The current translation is "鼠标滚轮下滚" (from "../../../Engine/Content/Localization/Engine/zh-Hans/Engine.locres" and source hash 0x89746973) and the conflicting translation of "向下滚动鼠标滚轮" (from "../../../../../../UE5_My_Project/LyraStarterGame/Content/Localization/EngineOverrides/zh-Hans/EngineOverrides.locres" and source hash 0x89746973) will be ignored.
[2026.08.30-14.03.12:017][  0]LogTextLocalizationResource: Warning: Text translation conflict for namespace "InputKeys" and key "MouseScrollUp".
[2026.08.30-14.03.12:017][  0]LogTextLocalizationResource: The current translation is "鼠标滚轮上滚" (from "../../../Engine/Content/Localization/Engine/zh-Hans/Engine.locres" and source hash 0x83f972ed) and the conflicting translation of "向上滚动鼠标滚轮" (from "../../../../../../UE5_My_Project/LyraStarterGame/Content/Localization/EngineOverrides/zh-Hans/EngineOverrides.locres" and source hash 0x83f972ed) will be ignored.
[2026.08.30-14.03.12:017][  0]LogTextLocalizationResource: Warning: Text translation conflict for namespace "InputKeys" and key "OculusTouch_Left_Grip_Click".
[2026.08.30-14.03.12:017][  0]LogTextLocalizationResource: The current translation is "Oculus Touch（左）手握" (from "../../../Engine/Content/Localization/Engine/zh-Hans/Engine.locres" and source hash 0x21400b72) and the conflicting translation of "Oculus Touch（左）抓握" (from "../../../../../../UE5_My_Project/LyraStarterGame/Content/Localization/EngineOverrides/zh-Hans/EngineOverrides.locres" and source hash 0x21400b72) will be ignored.
[2026.08.30-14.03.12:017][  0]LogTextLocalizationResource: Warning: Text translation conflict for namespace "InputKeys" and key "OculusTouch_Left_Grip_Axis".
[2026.08.30-14.03.12:017][  0]LogTextLocalizationResource: The current translation is "Oculus Touch（左）手握轴" (from "../../../Engine/Content/Localization/Engine/zh-Hans/Engine.locres" and source hash 0xbd24d044) and the conflicting translation of "Oculus Touch（左）抓握轴" (from "../../../../../../UE5_My_Project/LyraStarterGame/Content/Localization/EngineOverrides/zh-Hans/EngineOverrides.locres" and source hash 0xbd24d044) will be ignored.
[2026.08.30-14.03.12:017][  0]LogTextLocalizationResource: Warning: Text translation conflict for namespace "InputKeys" and key "OculusTouch_Left_Thumbstick_2D".
[2026.08.30-14.03.12:017][  0]LogTextLocalizationResource: The current translation is "Oculus Touch（左）摇杆2D轴" (from "../../../Engine/Content/Localization/Engine/zh-Hans/Engine.locres" and source hash 0x86e1c248) and the conflicting translation of "Oculus Touch（左）摇杆 2D 轴" (from "../../../../../../UE5_My_Project/LyraStarterGame/Content/Localization/EngineOverrides/zh-Hans/EngineOverrides.locres" and source hash 0x86e1c248) will be ignored.
[2026.08.30-14.03.12:017][  0]LogTextLocalizationResource: Warning: Text translation conflict for namespace "InputKeys" and key "OculusTouch_Left_Thumbstick_Touch".
[2026.08.30-14.03.12:017][  0]LogTextLocalizationResource: The current translation is "Oculus Touch（左）摇杆触控" (from "../../../Engine/Content/Localization/Engine/zh-Hans/Engine.locres" and source hash 0xc13cb0f8) and the conflicting translation of "Oculus Touch（左）摇杆轻触" (from "../../../../../../UE5_My_Project/LyraStarterGame/Content/Localization/EngineOverrides/zh-Hans/EngineOverrides.locres" and source hash 0xc13cb0f8) will be ignored.
[2026.08.30-14.03.12:017][  0]LogTextLocalizationResource: Warning: Text translation conflict for namespace "InputKeys" and key "OculusTouch_Left_Thumbstick_X".
[2026.08.30-14.03.12:017][  0]LogTextLocalizationResource: The current translation is "Oculus Touch（左）摇杆X轴" (from "../../../Engine/Content/Localization/Engine/zh-Hans/Engine.locres" and source hash 0x91e6af9c) and the conflicting translation of "Oculus Touch（左）摇杆 X 轴" (from "../../../../../../UE5_My_Project/LyraStarterGame/Content/Localization/EngineOverrides/zh-Hans/EngineOverrides.locres" and source hash 0x91e6af9c) will be ignored.
[2026.08.30-14.03.12:017][  0]LogTextLocalizationResource: Warning: Text translation conflict for namespace "InputKeys" and key "OculusTouch_Left_Thumbstick_Y".
[2026.08.30-14.03.12:017][  0]LogTextLocalizationResource: The current translation is "Oculus Touch（左）摇杆Y轴" (from "../../../Engine/Content/Localization/Engine/zh-Hans/Engine.locres" and source hash 0x10c3cabb) and the conflicting translation of "Oculus Touch（左）摇杆 Y 轴" (from "../../../../../../UE5_My_Project/LyraStarterGame/Content/Localization/EngineOverrides/zh-Hans/EngineOverrides.locres" and source hash 0x10c3cabb) will be ignored.
[2026.08.30-14.03.12:017][  0]LogTextLocalizationResource: Warning: Text translation conflict for namespace "InputKeys" and key "OculusTouch_Left_Trigger_Click".
[2026.08.30-14.03.12:017][  0]LogTextLocalizationResource: The current translation is "Oculus Touch（左）扳机键" (from "../../../Engine/Content/Localization/Engine/zh-Hans/Engine.locres" and source hash 0x9c1d9c53) and the conflicting translation of "Oculus Touch（左）扳机" (from "../../../../../../UE5_My_Project/LyraStarterGame/Content/Localization/EngineOverrides/zh-Hans/EngineOverrides.locres" and source hash 0x9c1d9c53) will be ignored.
[2026.08.30-14.03.12:017][  0]LogTextLocalizationResource: Warning: Text translation conflict for namespace "InputKeys" and key "OculusTouch_Left_Trigger_Axis".
[2026.08.30-14.03.12:017][  0]LogTextLocalizationResource: The current translation is "Oculus Touch（左）扳机键轴" (from "../../../Engine/Content/Localization/Engine/zh-Hans/Engine.locres" and source hash 0xf797f3f6) and the conflicting translation of "Oculus Touch（左）扳机轴" (from "../../../../../../UE5_My_Project/LyraStarterGame/Content/Localization/EngineOverrides/zh-Hans/EngineOverrides.locres" and source hash 0xf797f3f6) will be ignored.
[2026.08.30-14.03.12:019][  0]LogTextLocalizationResource: Warning: Text translation conflict for namespace "InputKeys" and key "OculusTouch_Left_Trigger_Touch".
[2026.08.30-14.03.12:019][  0]LogTextLocalizationResource: The current translation is "Oculus Touch（左）扳机键触控" (from "../../../Engine/Content/Localization/Engine/zh-Hans/Engine.locres" and source hash 0x73bbd3e7) and the conflicting translation of "Oculus Touch（左）扳机轻触" (from "../../../../../../UE5_My_Project/LyraStarterGame/Content/Localization/EngineOverrides/zh-Hans/EngineOverrides.locres" and source hash 0x73bbd3e7) will be ignored.
[2026.08.30-14.03.12:019][  0]LogTextLocalizationResource: Warning: Text translation conflict for namespace "InputKeys" and key "OculusTouch_Left_X_Click".
[2026.08.30-14.03.12:019][  0]LogTextLocalizationResource: The current translation is "Oculus Touch（左）X按压" (from "../../../Engine/Content/Localization/Engine/zh-Hans/Engine.locres" and source hash 0x6742fd4c) and the conflicting translation of "Oculus Touch（左）X点按" (from "../../../../../../UE5_My_Project/LyraStarterGame/Content/Localization/EngineOverrides/zh-Hans/EngineOverrides.locres" and source hash 0x6742fd4c) will be ignored.
[2026.08.30-14.03.12:019][  0]LogTextLocalizationResource: Warning: Text translation conflict for namespace "InputKeys" and key "OculusTouch_Left_X_Touch".
[2026.08.30-14.03.12:019][  0]LogTextLocalizationResource: The current translation is "Oculus Touch（左）X触控" (from "../../../Engine/Content/Localization/Engine/zh-Hans/Engine.locres" and source hash 0x3179669b) and the conflicting translation of "Oculus Touch（左）X轻触" (from "../../../../../../UE5_My_Project/LyraStarterGame/Content/Localization/EngineOverrides/zh-Hans/EngineOverrides.locres" and source hash 0x3179669b) will be ignored.
[2026.08.30-14.03.12:019][  0]LogTextLocalizationResource: Warning: Text translation conflict for namespace "InputKeys" and key "OculusTouch_Left_Y_Click".
[2026.08.30-14.03.12:019][  0]LogTextLocalizationResource: The current translation is "Oculus Touch（左）Y按压" (from "../../../Engine/Content/Localization/Engine/zh-Hans/Engine.locres" and source hash 0x66f70051) and the conflicting translation of "Oculus Touch（左）Y点按" (from "../../../../../../UE5_My_Project/LyraStarterGame/Content/Localization/EngineOverrides/zh-Hans/EngineOverrides.locres" and source hash 0x66f70051) will be ignored.
[2026.08.30-14.03.12:019][  0]LogTextLocalizationResource: Warning: Text translation conflict for namespace "InputKeys" and key "OculusTouch_Left_Y_Touch".
[2026.08.30-14.03.12:019][  0]LogTextLocalizationResource: The current translation is "Oculus Touch（左）Y触控" (from "../../../Engine/Content/Localization/Engine/zh-Hans/Engine.locres" and source hash 0x30cc9b86) and the conflicting translation of "Oculus Touch（左）Y轻触" (from "../../../../../../UE5_My_Project/LyraStarterGame/Content/Localization/EngineOverrides/zh-Hans/EngineOverrides.locres" and source hash 0x30cc9b86) will be ignored.
[2026.08.30-14.03.12:019][  0]LogTextLocalizationResource: Warning: Text translation conflict for namespace "InputKeys" and key "OculusTouch_Right_A_Click".
[2026.08.30-14.03.12:019][  0]LogTextLocalizationResource: The current translation is "Oculus Touch（右）A按压" (from "../../../Engine/Content/Localization/Engine/zh-Hans/Engine.locres" and source hash 0xabeada78) and the conflicting translation of "Oculus Touch（右）A点按" (from "../../../../../../UE5_My_Project/LyraStarterGame/Content/Localization/EngineOverrides/zh-Hans/EngineOverrides.locres" and source hash 0xabeada78) will be ignored.
[2026.08.30-14.03.12:019][  0]LogTextLocalizationResource: Warning: Text translation conflict for namespace "InputKeys" and key "OculusTouch_Right_A_Touch".
[2026.08.30-14.03.12:019][  0]LogTextLocalizationResource: The current translation is "Oculus Touch（右）A触控" (from "../../../Engine/Content/Localization/Engine/zh-Hans/Engine.locres" and source hash 0xfdd141af) and the conflicting translation of "Oculus Touch（右）A轻触" (from "../../../../../../UE5_My_Project/LyraStarterGame/Content/Localization/EngineOverrides/zh-Hans/EngineOverrides.locres" and source hash 0xfdd141af) will be ignored.
[2026.08.30-14.03.12:019][  0]LogTextLocalizationResource: Warning: Text translation conflict for namespace "InputKeys" and key "OculusTouch_Right_B_Click".
[2026.08.30-14.03.12:019][  0]LogTextLocalizationResource: The current translation is "Oculus Touch（右）B按压" (from "../../../Engine/Content/Localization/Engine/zh-Hans/Engine.locres" and source hash 0xa934dd5f) and the conflicting translation of "Oculus Touch（右）B点按" (from "../../../../../../UE5_My_Project/LyraStarterGame/Content/Localization/EngineOverrides/zh-Hans/EngineOverrides.locres" and source hash 0xa934dd5f) will be ignored.
[2026.08.30-14.03.12:019][  0]LogTextLocalizationResource: Warning: Text translation conflict for namespace "InputKeys" and key "OculusTouch_Right_B_Touch".
[2026.08.30-14.03.12:019][  0]LogTextLocalizationResource: The current translation is "Oculus Touch（右）B触控" (from "../../../Engine/Content/Localization/Engine/zh-Hans/Engine.locres" and source hash 0xff0f4688) and the conflicting translation of "Oculus Touch（右）B轻触" (from "../../../../../../UE5_My_Project/LyraStarterGame/Content/Localization/EngineOverrides/zh-Hans/EngineOverrides.locres" and source hash 0xff0f4688) will be ignored.
[2026.08.30-14.03.12:019][  0]LogTextLocalizationResource: Warning: Text translation conflict for namespace "InputKeys" and key "OculusTouch_Right_Grip_Click".
[2026.08.30-14.03.12:019][  0]LogTextLocalizationResource: The current translation is "Oculus Touch（右）手握" (from "../../../Engine/Content/Localization/Engine/zh-Hans/Engine.locres" and source hash 0x320c3c04) and the conflicting translation of "Oculus Touch（右）抓握" (from "../../../../../../UE5_My_Project/LyraStarterGame/Content/Localization/EngineOverrides/zh-Hans/EngineOverrides.locres" and source hash 0x320c3c04) will be ignored.
[2026.08.30-14.03.12:019][  0]LogTextLocalizationResource: Warning: Text translation conflict for namespace "InputKeys" and key "OculusTouch_Right_Grip_Axis".
[2026.08.30-14.03.12:019][  0]LogTextLocalizationResource: The current translation is "Oculus Touch（右）手握轴" (from "../../../Engine/Content/Localization/Engine/zh-Hans/Engine.locres" and source hash 0x6b821b6f) and the conflicting translation of "Oculus Touch（右）抓握轴" (from "../../../../../../UE5_My_Project/LyraStarterGame/Content/Localization/EngineOverrides/zh-Hans/EngineOverrides.locres" and source hash 0x6b821b6f) will be ignored.
[2026.08.30-14.03.12:019][  0]LogTextLocalizationResource: Warning: Text translation conflict for namespace "InputKeys" and key "OculusTouch_Right_Thumbstick_2D".
[2026.08.30-14.03.12:019][  0]LogTextLocalizationResource: The current translation is "Oculus Touch（右）摇杆2D轴" (from "../../../Engine/Content/Localization/Engine/zh-Hans/Engine.locres" and source hash 0x9c7a1527) and the conflicting translation of "Oculus Touch（右）摇杆 2D 轴" (from "../../../../../../UE5_My_Project/LyraStarterGame/Content/Localization/EngineOverrides/zh-Hans/EngineOverrides.locres" and source hash 0x9c7a1527) will be ignored.
[2026.08.30-14.03.12:019][  0]LogTextLocalizationResource: Warning: Text translation conflict for namespace "InputKeys" and key "OculusTouch_Right_Thumbstick_Touch".
[2026.08.30-14.03.12:019][  0]LogTextLocalizationResource: The current translation is "Oculus Touch（右）摇杆触控" (from "../../../Engine/Content/Localization/Engine/zh-Hans/Engine.locres" and source hash 0x7274b825) and the conflicting translation of "Oculus Touch（右）摇杆轻触" (from "../../../../../../UE5_My_Project/LyraStarterGame/Content/Localization/EngineOverrides/zh-Hans/EngineOverrides.locres" and source hash 0x7274b825) will be ignored.
[2026.08.30-14.03.12:019][  0]LogTextLocalizationResource: Warning: Text translation conflict for namespace "InputKeys" and key "OculusTouch_Right_Thumbstick_X".
[2026.08.30-14.03.12:019][  0]LogTextLocalizationResource: The current translation is "Oculus Touch（右）摇杆X轴" (from "../../../Engine/Content/Localization/Engine/zh-Hans/Engine.locres" and source hash 0x2103b85b) and the conflicting translation of "Oculus Touch（右）摇杆 X 轴" (from "../../../../../../UE5_My_Project/LyraStarterGame/Content/Localization/EngineOverrides/zh-Hans/EngineOverrides.locres" and source hash 0x2103b85b) will be ignored.
[2026.08.30-14.03.12:019][  0]LogTextLocalizationResource: Warning: Text translation conflict for namespace "InputKeys" and key "OculusTouch_Right_Thumbstick_Y".
[2026.08.30-14.03.12:019][  0]LogTextLocalizationResource: The current translation is "Oculus Touch（右）摇杆Y轴" (from "../../../Engine/Content/Localization/Engine/zh-Hans/Engine.locres" and source hash 0xa026dd7c) and the conflicting translation of "Oculus Touch（右）摇杆 Y 轴" (from "../../../../../../UE5_My_Project/LyraStarterGame/Content/Localization/EngineOverrides/zh-Hans/EngineOverrides.locres" and source hash 0xa026dd7c) will be ignored.
[2026.08.30-14.03.12:019][  0]LogTextLocalizationResource: Warning: Text translation conflict for namespace "InputKeys" and key "OculusTouch_Right_Trigger_Click".
[2026.08.30-14.03.12:019][  0]LogTextLocalizationResource: The current translation is "Oculus Touch（右）扳机键" (from "../../../Engine/Content/Localization/Engine/zh-Hans/Engine.locres" and source hash 0x47f07f42) and the conflicting translation of "Oculus Touch（右）扳机" (from "../../../../../../UE5_My_Project/LyraStarterGame/Content/Localization/EngineOverrides/zh-Hans/EngineOverrides.locres" and source hash 0x47f07f42) will be ignored.
[2026.08.30-14.03.12:019][  0]LogTextLocalizationResource: Warning: Text translation conflict for namespace "InputKeys" and key "OculusTouch_Right_Trigger_Axis".
[2026.08.30-14.03.12:019][  0]LogTextLocalizationResource: The current translation is "Oculus Touch（右）扳机键轴" (from "../../../Engine/Content/Localization/Engine/zh-Hans/Engine.locres" and source hash 0xdfe76511) and the conflicting translation of "Oculus Touch（右）扳机轴" (from "../../../../../../UE5_My_Project/LyraStarterGame/Content/Localization/EngineOverrides/zh-Hans/EngineOverrides.locres" and source hash 0xdfe76511) will be ignored.
[2026.08.30-14.03.12:019][  0]LogTextLocalizationResource: Warning: Text translation conflict for namespace "InputKeys" and key "OculusTouch_Right_Trigger_Touch".
[2026.08.30-14.03.12:019][  0]LogTextLocalizationResource: The current translation is "Oculus Touch（右）扳机键触控" (from "../../../Engine/Content/Localization/Engine/zh-Hans/Engine.locres" and source hash 0xdb07bf28) and the conflicting translation of "Oculus Touch（右）扳机轻触" (from "../../../../../../UE5_My_Project/LyraStarterGame/Content/Localization/EngineOverrides/zh-Hans/EngineOverrides.locres" and source hash 0xdb07bf28) will be ignored.
[2026.08.30-14.03.12:019][  0]LogTextLocalizationResource: Warning: Text translation conflict for namespace "InputKeys" and key "PageDown".
[2026.08.30-14.03.12:019][  0]LogTextLocalizationResource: The current translation is "下页键" (from "../../../Engine/Content/Localization/Engine/zh-Hans/Engine.locres" and source hash 0xaee4df15) and the conflicting translation of "向下翻页”Page down”" (from "../../../../../../UE5_My_Project/LyraStarterGame/Content/Localization/EngineOverrides/zh-Hans/EngineOverrides.locres" and source hash 0xaee4df15) will be ignored.
[2026.08.30-14.03.12:019][  0]LogTextLocalizationResource: Warning: Text translation conflict for namespace "InputKeys" and key "PageUp".
[2026.08.30-14.03.12:019][  0]LogTextLocalizationResource: The current translation is "上页键" (from "../../../Engine/Content/Localization/Engine/zh-Hans/Engine.locres" and source hash 0x4cef0048) and the conflicting translation of "向上翻页”Page up”" (from "../../../../../../UE5_My_Project/LyraStarterGame/Content/Localization/EngineOverrides/zh-Hans/EngineOverrides.locres" and source hash 0x4cef0048) will be ignored.
[2026.08.30-14.03.12:020][  0]LogTextLocalizationResource: Warning: Text translation conflict for namespace "InputKeys" and key "Pause".
[2026.08.30-14.03.12:020][  0]LogTextLocalizationResource: The current translation is "暂停" (from "../../../Engine/Content/Localization/Engine/zh-Hans/Engine.locres" and source hash 0xdf0ceb0e) and the conflicting translation of "暂停键”Pause”" (from "../../../../../../UE5_My_Project/LyraStarterGame/Content/Localization/EngineOverrides/zh-Hans/EngineOverrides.locres" and source hash 0xdf0ceb0e) will be ignored.
[2026.08.30-14.03.12:020][  0]LogTextLocalizationResource: Warning: Text translation conflict for namespace "InputKeys" and key "Period".
[2026.08.30-14.03.12:020][  0]LogTextLocalizationResource: The current translation is "句号键" (from "../../../Engine/Content/Localization/Engine/zh-Hans/Engine.locres" and source hash 0xae4a7d0a) and the conflicting translation of "句号键”.”" (from "../../../../../../UE5_My_Project/LyraStarterGame/Content/Localization/EngineOverrides/zh-Hans/EngineOverrides.locres" and source hash 0xae4a7d0a) will be ignored.
[2026.08.30-14.03.12:020][  0]LogTextLocalizationResource: Warning: Text translation conflict for namespace "InputKeys" and key "PageDownShort".
[2026.08.30-14.03.12:020][  0]LogTextLocalizationResource: The current translation is "下页键" (from "../../../Engine/Content/Localization/Engine/zh-Hans/Engine.locres" and source hash 0x0e064a91) and the conflicting translation of "向下翻页”PgDn”" (from "../../../../../../UE5_My_Project/LyraStarterGame/Content/Localization/EngineOverrides/zh-Hans/EngineOverrides.locres" and source hash 0x0e064a91) will be ignored.
[2026.08.30-14.03.12:020][  0]LogTextLocalizationResource: Warning: Text translation conflict for namespace "InputKeys" and key "PageUpShort".
[2026.08.30-14.03.12:020][  0]LogTextLocalizationResource: The current translation is "上页键" (from "../../../Engine/Content/Localization/Engine/zh-Hans/Engine.locres" and source hash 0x0ed15b88) and the conflicting translation of "向上翻页”PgUp”" (from "../../../../../../UE5_My_Project/LyraStarterGame/Content/Localization/EngineOverrides/zh-Hans/EngineOverrides.locres" and source hash 0x0ed15b88) will be ignored.
[2026.08.30-14.03.12:020][  0]LogTextLocalizationResource: Warning: Text translation conflict for namespace "InputKeys" and key "Gesture_Pinch".
[2026.08.30-14.03.12:020][  0]LogTextLocalizationResource: The current translation is "捏" (from "../../../Engine/Content/Localization/Engine/zh-Hans/Engine.locres" and source hash 0x5f44d445) and the conflicting translation of "捏合" (from "../../../../../../UE5_My_Project/LyraStarterGame/Content/Localization/EngineOverrides/zh-Hans/EngineOverrides.locres" and source hash 0x5f44d445) will be ignored.
[2026.08.30-14.03.12:020][  0]LogTextLocalizationResource: Warning: Text translation conflict for namespace "InputKeys" and key "Quote".
[2026.08.30-14.03.12:020][  0]LogTextLocalizationResource: The current translation is "引号键" (from "../../../Engine/Content/Localization/Engine/zh-Hans/Engine.locres" and source hash 0x6497aed5) and the conflicting translation of "引号”””" (from "../../../../../../UE5_My_Project/LyraStarterGame/Content/Localization/EngineOverrides/zh-Hans/EngineOverrides.locres" and source hash 0x6497aed5) will be ignored.
[2026.08.30-14.03.12:020][  0]LogTextLocalizationResource: Warning: Text translation conflict for namespace "InputKeys" and key "Right".
[2026.08.30-14.03.12:020][  0]LogTextLocalizationResource: The current translation is "向右键" (from "../../../Engine/Content/Localization/Engine/zh-Hans/Engine.locres" and source hash 0x4f866c29) and the conflicting translation of "右方向键" (from "../../../../../../UE5_My_Project/LyraStarterGame/Content/Localization/EngineOverrides/zh-Hans/EngineOverrides.locres" and source hash 0x4f866c29) will be ignored.
[2026.08.30-14.03.12:020][  0]LogTextLocalizationResource: Warning: Text translation conflict for namespace "InputKeys" and key "RightAlt".
[2026.08.30-14.03.12:020][  0]LogTextLocalizationResource: The current translation is "右Alt" (from "../../../Engine/Content/Localization/Engine/zh-Hans/Engine.locres" and source hash 0x1f9830e6) and the conflicting translation of "右Alt键" (from "../../../../../../UE5_My_Project/LyraStarterGame/Content/Localization/EngineOverrides/zh-Hans/EngineOverrides.locres" and source hash 0x1f9830e6) will be ignored.
[2026.08.30-14.03.12:020][  0]LogTextLocalizationResource: Warning: Text translation conflict for namespace "InputKeys" and key "RightBracket".
[2026.08.30-14.03.12:020][  0]LogTextLocalizationResource: The current translation is "右方括号键" (from "../../../Engine/Content/Localization/Engine/zh-Hans/Engine.locres" and source hash 0xb20858ed) and the conflicting translation of "右方括号”]”" (from "../../../../../../UE5_My_Project/LyraStarterGame/Content/Localization/EngineOverrides/zh-Hans/EngineOverrides.locres" and source hash 0xb20858ed) will be ignored.
[2026.08.30-14.03.12:020][  0]LogTextLocalizationResource: Warning: Text translation conflict for namespace "InputKeys" and key "RightCommand".
[2026.08.30-14.03.12:020][  0]LogTextLocalizationResource: The current translation is "右Cmd" (from "../../../Engine/Content/Localization/Engine/zh-Hans/Engine.locres" and source hash 0x6f10f978) and the conflicting translation of "右Cmd键" (from "../../../../../../UE5_My_Project/LyraStarterGame/Content/Localization/EngineOverrides/zh-Hans/EngineOverrides.locres" and source hash 0x6f10f978) will be ignored.
[2026.08.30-14.03.12:020][  0]LogTextLocalizationResource: Warning: Text translation conflict for namespace "InputKeys" and key "RightControl".
[2026.08.30-14.03.12:020][  0]LogTextLocalizationResource: The current translation is "右Ctrl" (from "../../../Engine/Content/Localization/Engine/zh-Hans/Engine.locres" and source hash 0xf880d6d2) and the conflicting translation of "右Ctrl键" (from "../../../../../../UE5_My_Project/LyraStarterGame/Content/Localization/EngineOverrides/zh-Hans/EngineOverrides.locres" and source hash 0xf880d6d2) will be ignored.
[2026.08.30-14.03.12:020][  0]LogTextLocalizationResource: Warning: Text translation conflict for namespace "InputKeys" and key "RightParantheses".
[2026.08.30-14.03.12:020][  0]LogTextLocalizationResource: The current translation is "右圆括号键" (from "../../../Engine/Content/Localization/Engine/zh-Hans/Engine.locres" and source hash 0xf6a55eec) and the conflicting translation of "右圆括号”)”" (from "../../../../../../UE5_My_Project/LyraStarterGame/Content/Localization/EngineOverrides/zh-Hans/EngineOverrides.locres" and source hash 0xf6a55eec) will be ignored.
[2026.08.30-14.03.12:020][  0]LogTextLocalizationResource: Warning: Text translation conflict for namespace "InputKeys" and key "RightShift".
[2026.08.30-14.03.12:020][  0]LogTextLocalizationResource: The current translation is "右Shift" (from "../../../Engine/Content/Localization/Engine/zh-Hans/Engine.locres" and source hash 0x052c216b) and the conflicting translation of "右Shift键" (from "../../../../../../UE5_My_Project/LyraStarterGame/Content/Localization/EngineOverrides/zh-Hans/EngineOverrides.locres" and source hash 0x052c216b) will be ignored.
[2026.08.30-14.03.12:020][  0]LogTextLocalizationResource: Warning: Text translation conflict for namespace "InputKeys" and key "RotationRate".
[2026.08.30-14.03.12:020][  0]LogTextLocalizationResource: The current translation is "旋转速率" (from "../../../Engine/Content/Localization/Engine/zh-Hans/Engine.locres" and source hash 0x79265673) and the conflicting translation of "旋转速度" (from "../../../../../../UE5_My_Project/LyraStarterGame/Content/Localization/EngineOverrides/zh-Hans/EngineOverrides.locres" and source hash 0x79265673) will be ignored.
[2026.08.30-14.03.12:020][  0]LogTextLocalizationResource: Warning: Text translation conflict for namespace "InputKeys" and key "ScrollLock".
[2026.08.30-14.03.12:022][  0]LogTextLocalizationResource: The current translation is "滚动锁定" (from "../../../Engine/Content/Localization/Engine/zh-Hans/Engine.locres" and source hash 0xa39eeadb) and the conflicting translation of "滚动锁定键”Scroll Lock”" (from "../../../../../../UE5_My_Project/LyraStarterGame/Content/Localization/EngineOverrides/zh-Hans/EngineOverrides.locres" and source hash 0xa39eeadb) will be ignored.
[2026.08.30-14.03.12:022][  0]LogTextLocalizationResource: Warning: Text translation conflict for namespace "InputKeys" and key "Semicolon".
[2026.08.30-14.03.12:022][  0]LogTextLocalizationResource: The current translation is "分号" (from "../../../Engine/Content/Localization/Engine/zh-Hans/Engine.locres" and source hash 0x01344b80) and the conflicting translation of "分号键”;”" (from "../../../../../../UE5_My_Project/LyraStarterGame/Content/Localization/EngineOverrides/zh-Hans/EngineOverrides.locres" and source hash 0x01344b80) will be ignored.
[2026.08.30-14.03.12:022][  0]LogTextLocalizationResource: Warning: Text translation conflict for namespace "InputKeys" and key "Slash".
[2026.08.30-14.03.12:022][  0]LogTextLocalizationResource: The current translation is "斜线键" (from "../../../Engine/Content/Localization/Engine/zh-Hans/Engine.locres" and source hash 0x849beac3) and the conflicting translation of "斜杠”/”" (from "../../../../../../UE5_My_Project/LyraStarterGame/Content/Localization/EngineOverrides/zh-Hans/EngineOverrides.locres" and source hash 0x849beac3) will be ignored.
[2026.08.30-14.03.12:022][  0]LogTextLocalizationResource: Warning: Text translation conflict for namespace "InputKeys" and key "SpaceBarShort".
[2026.08.30-14.03.12:022][  0]LogTextLocalizationResource: The current translation is "空格键" (from "../../../Engine/Content/Localization/Engine/zh-Hans/Engine.locres" and source hash 0x4b4fee63) and the conflicting translation of "空格" (from "../../../../../../UE5_My_Project/LyraStarterGame/Content/Localization/EngineOverrides/zh-Hans/EngineOverrides.locres" and source hash 0x4b4fee63) will be ignored.
[2026.08.30-14.03.12:022][  0]LogTextLocalizationResource: Warning: Text translation conflict for namespace "InputKeys" and key "Steam_Back_Left".
[2026.08.30-14.03.12:022][  0]LogTextLocalizationResource: The current translation is "Steam背面左键" (from "../../../Engine/Content/Localization/Engine/zh-Hans/Engine.locres" and source hash 0xbe573251) and the conflicting translation of "Steam左返回键" (from "../../../../../../UE5_My_Project/LyraStarterGame/Content/Localization/EngineOverrides/zh-Hans/EngineOverrides.locres" and source hash 0xbe573251) will be ignored.
[2026.08.30-14.03.12:022][  0]LogTextLocalizationResource: Warning: Text translation conflict for namespace "InputKeys" and key "Steam_Back_Right".
[2026.08.30-14.03.12:022][  0]LogTextLocalizationResource: The current translation is "Steam背面右键" (from "../../../Engine/Content/Localization/Engine/zh-Hans/Engine.locres" and source hash 0xa6c9bf77) and the conflicting translation of "Steam右返回键" (from "../../../../../../UE5_My_Project/LyraStarterGame/Content/Localization/EngineOverrides/zh-Hans/EngineOverrides.locres" and source hash 0xa6c9bf77) will be ignored.
[2026.08.30-14.03.12:022][  0]LogTextLocalizationResource: Warning: Text translation conflict for namespace "InputKeys" and key "Steam_Touch_0".
[2026.08.30-14.03.12:022][  0]LogTextLocalizationResource: The current translation is "Steam触摸0" (from "../../../Engine/Content/Localization/Engine/zh-Hans/Engine.locres" and source hash 0x395ec83e) and the conflicting translation of "Steam触摸按键0" (from "../../../../../../UE5_My_Project/LyraStarterGame/Content/Localization/EngineOverrides/zh-Hans/EngineOverrides.locres" and source hash 0x395ec83e) will be ignored.
[2026.08.30-14.03.12:022][  0]LogTextLocalizationResource: Warning: Text translation conflict for namespace "InputKeys" and key "Steam_Touch_1".
[2026.08.30-14.03.12:022][  0]LogTextLocalizationResource: The current translation is "Steam触摸1" (from "../../../Engine/Content/Localization/Engine/zh-Hans/Engine.locres" and source hash 0x81e2af5b) and the conflicting translation of "Steam触摸按键1" (from "../../../../../../UE5_My_Project/LyraStarterGame/Content/Localization/EngineOverrides/zh-Hans/EngineOverrides.locres" and source hash 0x81e2af5b) will be ignored.
[2026.08.30-14.03.12:022][  0]LogTextLocalizationResource: Warning: Text translation conflict for namespace "InputKeys" and key "Steam_Touch_2".
[2026.08.30-14.03.12:022][  0]LogTextLocalizationResource: The current translation is "Steam触摸2" (from "../../../Engine/Content/Localization/Engine/zh-Hans/Engine.locres" and source hash 0x935700b5) and the conflicting translation of "Steam触摸按键2" (from "../../../../../../UE5_My_Project/LyraStarterGame/Content/Localization/EngineOverrides/zh-Hans/EngineOverrides.locres" and source hash 0x935700b5) will be ignored.
[2026.08.30-14.03.12:022][  0]LogTextLocalizationResource: Warning: Text translation conflict for namespace "InputKeys" and key "Steam_Touch_3".
[2026.08.30-14.03.12:022][  0]LogTextLocalizationResource: The current translation is "Steam触摸3" (from "../../../Engine/Content/Localization/Engine/zh-Hans/Engine.locres" and source hash 0x2beb67d0) and the conflicting translation of "Steam触摸按键3" (from "../../../../../../UE5_My_Project/LyraStarterGame/Content/Localization/EngineOverrides/zh-Hans/EngineOverrides.locres" and source hash 0x2beb67d0) will be ignored.
[2026.08.30-14.03.12:022][  0]LogTextLocalizationResource: Warning: Text translation conflict for namespace "InputKeys" and key "ThumbMouseButton".
[2026.08.30-14.03.12:022][  0]LogTextLocalizationResource: The current translation is "鼠标自定义按键" (from "../../../Engine/Content/Localization/Engine/zh-Hans/Engine.locres" and source hash 0xf1fb909e) and the conflicting translation of "鼠标拇指键" (from "../../../../../../UE5_My_Project/LyraStarterGame/Content/Localization/EngineOverrides/zh-Hans/EngineOverrides.locres" and source hash 0xf1fb909e) will be ignored.
[2026.08.30-14.03.12:022][  0]LogTextLocalizationResource: Warning: Text translation conflict for namespace "InputKeys" and key "ThumbMouseButton2".
[2026.08.30-14.03.12:022][  0]LogTextLocalizationResource: The current translation is "鼠标自定义按键2" (from "../../../Engine/Content/Localization/Engine/zh-Hans/Engine.locres" and source hash 0x19b5cddd) and the conflicting translation of "鼠标拇指键2" (from "../../../../../../UE5_My_Project/LyraStarterGame/Content/Localization/EngineOverrides/zh-Hans/EngineOverrides.locres" and source hash 0x19b5cddd) will be ignored.
[2026.08.30-14.03.12:022][  0]LogTextLocalizationResource: Warning: Text translation conflict for namespace "InputKeys" and key "TouchFormat".
[2026.08.30-14.03.12:022][  0]LogTextLocalizationResource: The current translation is "触摸 {0}" (from "../../../Engine/Content/Localization/Engine/zh-Hans/Engine.locres" and source hash 0xbf5f8ff1) and the conflicting translation of "触摸{0}" (from "../../../../../../UE5_My_Project/LyraStarterGame/Content/Localization/EngineOverrides/zh-Hans/EngineOverrides.locres" and source hash 0xbf5f8ff1) will be ignored.
[2026.08.30-14.03.12:022][  0]LogTextLocalizationResource: Warning: Text translation conflict for namespace "InputKeys" and key "Gamepad_Special_Left_X".
[2026.08.30-14.03.12:022][  0]LogTextLocalizationResource: The current translation is "触控板按钮X轴" (from "../../../Engine/Content/Localization/Engine/zh-Hans/Engine.locres" and source hash 0x80297c1d) and the conflicting translation of "触摸板按钮 X 轴" (from "../../../../../../UE5_My_Project/LyraStarterGame/Content/Localization/EngineOverrides/zh-Hans/EngineOverrides.locres" and source hash 0x80297c1d) will be ignored.
[2026.08.30-14.03.12:022][  0]LogTextLocalizationResource: Warning: Text translation conflict for namespace "InputKeys" and key "Gamepad_Special_Left_Y".
[2026.08.30-14.03.12:022][  0]LogTextLocalizationResource: The current translation is "触控板按钮Y轴" (from "../../../Engine/Content/Localization/Engine/zh-Hans/Engine.locres" and source hash 0x010c193a) and the conflicting translation of "触摸板按钮 Y 轴" (from "../../../../../../UE5_My_Project/LyraStarterGame/Content/Localization/EngineOverrides/zh-Hans/EngineOverrides.locres" and source hash 0x010c193a) will be ignored.
[2026.08.30-14.03.12:022][  0]LogTextLocalizationResource: Warning: Text translation conflict for namespace "InputKeys" and key "Underscore".
[2026.08.30-14.03.12:022][  0]LogTextLocalizationResource: The current translation is "下划线" (from "../../../Engine/Content/Localization/Engine/zh-Hans/Engine.locres" and source hash 0x40c8867e) and the conflicting translation of "下划线”_”" (from "../../../../../../UE5_My_Project/LyraStarterGame/Content/Localization/EngineOverrides/zh-Hans/EngineOverrides.locres" and source hash 0x40c8867e) will be ignored.
[2026.08.30-14.03.12:022][  0]LogTextLocalizationResource: Warning: Text translation conflict for namespace "InputKeys" and key "Up".
[2026.08.30-14.03.12:022][  0]LogTextLocalizationResource: The current translation is "向上键" (from "../../../Engine/Content/Localization/Engine/zh-Hans/Engine.locres" and source hash 0x13db8257) and the conflicting translation of "上方向键" (from "../../../../../../UE5_My_Project/LyraStarterGame/Content/Localization/EngineOverrides/zh-Hans/EngineOverrides.locres" and source hash 0x13db8257) will be ignored.
[2026.08.30-14.03.12:023][  0]LogTextLocalizationResource: Warning: Text translation conflict for namespace "InputKeys" and key "ValveIndex_Left_A_Click".
[2026.08.30-14.03.12:023][  0]LogTextLocalizationResource: The current translation is "Valve Index（左）A按压" (from "../../../Engine/Content/Localization/Engine/zh-Hans/Engine.locres" and source hash 0x64c63468) and the conflicting translation of "Valve Index（左）A点按" (from "../../../../../../UE5_My_Project/LyraStarterGame/Content/Localization/EngineOverrides/zh-Hans/EngineOverrides.locres" and source hash 0x64c63468) will be ignored.
[2026.08.30-14.03.12:023][  0]LogTextLocalizationResource: Warning: Text translation conflict for namespace "InputKeys" and key "ValveIndex_Left_A_Touch".
[2026.08.30-14.03.12:023][  0]LogTextLocalizationResource: The current translation is "Valve Index（左）A触控" (from "../../../Engine/Content/Localization/Engine/zh-Hans/Engine.locres" and source hash 0x32fdafbf) and the conflicting translation of "Valve Index（左）A轻触" (from "../../../../../../UE5_My_Project/LyraStarterGame/Content/Localization/EngineOverrides/zh-Hans/EngineOverrides.locres" and source hash 0x32fdafbf) will be ignored.
[2026.08.30-14.03.12:023][  0]LogTextLocalizationResource: Warning: Text translation conflict for namespace "InputKeys" and key "ValveIndex_Left_B_Click".
[2026.08.30-14.03.12:023][  0]LogTextLocalizationResource: The current translation is "Valve Index（左）B按压" (from "../../../Engine/Content/Localization/Engine/zh-Hans/Engine.locres" and source hash 0x6618334f) and the conflicting translation of "Valve Index（左）B点按" (from "../../../../../../UE5_My_Project/LyraStarterGame/Content/Localization/EngineOverrides/zh-Hans/EngineOverrides.locres" and source hash 0x6618334f) will be ignored.
[2026.08.30-14.03.12:023][  0]LogTextLocalizationResource: Warning: Text translation conflict for namespace "InputKeys" and key "ValveIndex_Left_B_Touch".
[2026.08.30-14.03.12:023][  0]LogTextLocalizationResource: The current translation is "Valve Index（左）B触控" (from "../../../Engine/Content/Localization/Engine/zh-Hans/Engine.locres" and source hash 0x3023a898) and the conflicting translation of "Valve Index（左） B轻触" (from "../../../../../../UE5_My_Project/LyraStarterGame/Content/Localization/EngineOverrides/zh-Hans/EngineOverrides.locres" and source hash 0x3023a898) will be ignored.
[2026.08.30-14.03.12:023][  0]LogTextLocalizationResource: Warning: Text translation conflict for namespace "InputKeys" and key "ValveIndex_Left_Grip_Axis".
[2026.08.30-14.03.12:023][  0]LogTextLocalizationResource: The current translation is "Valve Index（左）手握轴" (from "../../../Engine/Content/Localization/Engine/zh-Hans/Engine.locres" and source hash 0x5f8d4d49) and the conflicting translation of "Valve Index（左）抓握轴" (from "../../../../../../UE5_My_Project/LyraStarterGame/Content/Localization/EngineOverrides/zh-Hans/EngineOverrides.locres" and source hash 0x5f8d4d49) will be ignored.
[2026.08.30-14.03.12:023][  0]LogTextLocalizationResource: Warning: Text translation conflict for namespace "InputKeys" and key "ValveIndex_Left_Grip_Force".
[2026.08.30-14.03.12:023][  0]LogTextLocalizationResource: The current translation is "Valve Index（左）手握力" (from "../../../Engine/Content/Localization/Engine/zh-Hans/Engine.locres" and source hash 0x3db063cb) and the conflicting translation of "Valve Index（左）抓握力度" (from "../../../../../../UE5_My_Project/LyraStarterGame/Content/Localization/EngineOverrides/zh-Hans/EngineOverrides.locres" and source hash 0x3db063cb) will be ignored.
[2026.08.30-14.03.12:023][  0]LogTextLocalizationResource: Warning: Text translation conflict for namespace "InputKeys" and key "ValveIndex_Left_System_Touch".
[2026.08.30-14.03.12:023][  0]LogTextLocalizationResource: The current translation is "Valve Index（左）系统触控" (from "../../../Engine/Content/Localization/Engine/zh-Hans/Engine.locres" and source hash 0x7ba528c7) and the conflicting translation of "Valve Index（左）系统轻触" (from "../../../../../../UE5_My_Project/LyraStarterGame/Content/Localization/EngineOverrides/zh-Hans/EngineOverrides.locres" and source hash 0x7ba528c7) will be ignored.
[2026.08.30-14.03.12:023][  0]LogTextLocalizationResource: Warning: Text translation conflict for namespace "InputKeys" and key "ValveIndex_Left_Thumbstick_2D".
[2026.08.30-14.03.12:023][  0]LogTextLocalizationResource: The current translation is "Valve Index（左）摇杆2D轴" (from "../../../Engine/Content/Localization/Engine/zh-Hans/Engine.locres" and source hash 0x41f6705f) and the conflicting translation of "Valve Index（左）摇杆 2D 轴" (from "../../../../../../UE5_My_Project/LyraStarterGame/Content/Localization/EngineOverrides/zh-Hans/EngineOverrides.locres" and source hash 0x41f6705f) will be ignored.
[2026.08.30-14.03.12:023][  0]LogTextLocalizationResource: Warning: Text translation conflict for namespace "InputKeys" and key "ValveIndex_Left_Thumbstick_Touch".
[2026.08.30-14.03.12:023][  0]LogTextLocalizationResource: The current translation is "Valve Index（左）摇杆触控" (from "../../../Engine/Content/Localization/Engine/zh-Hans/Engine.locres" and source hash 0x9f973d9f) and the conflicting translation of "Valve Index（左）摇杆轻触" (from "../../../../../../UE5_My_Project/LyraStarterGame/Content/Localization/EngineOverrides/zh-Hans/EngineOverrides.locres" and source hash 0x9f973d9f) will be ignored.
[2026.08.30-14.03.12:023][  0]LogTextLocalizationResource: Warning: Text translation conflict for namespace "InputKeys" and key "ValveIndex_Left_Thumbstick_X".
[2026.08.30-14.03.12:023][  0]LogTextLocalizationResource: The current translation is "Valve Index（左）摇杆X轴" (from "../../../Engine/Content/Localization/Engine/zh-Hans/Engine.locres" and source hash 0x1fdaf124) and the conflicting translation of "Valve Index（左）摇杆 X 轴" (from "../../../../../../UE5_My_Project/LyraStarterGame/Content/Localization/EngineOverrides/zh-Hans/EngineOverrides.locres" and source hash 0x1fdaf124) will be ignored.
[2026.08.30-14.03.12:023][  0]LogTextLocalizationResource: Warning: Text translation conflict for namespace "InputKeys" and key "ValveIndex_Left_Thumbstick_Y".
[2026.08.30-14.03.12:024][  0]LogTextLocalizationResource: The current translation is "Valve Index（左）摇杆Y轴" (from "../../../Engine/Content/Localization/Engine/zh-Hans/Engine.locres" and source hash 0x9eff9403) and the conflicting translation of "Valve Index（左）摇杆 Y 轴" (from "../../../../../../UE5_My_Project/LyraStarterGame/Content/Localization/EngineOverrides/zh-Hans/EngineOverrides.locres" and source hash 0x9eff9403) will be ignored.
[2026.08.30-14.03.12:024][  0]LogTextLocalizationResource: Warning: Text translation conflict for namespace "InputKeys" and key "ValveIndex_Left_Trackpad_2D".
[2026.08.30-14.03.12:024][  0]LogTextLocalizationResource: The current translation is "Valve Index（左）触控板2D轴" (from "../../../Engine/Content/Localization/Engine/zh-Hans/Engine.locres" and source hash 0xd50c7cf3) and the conflicting translation of "Valve Index（左）触控板 2D 轴" (from "../../../../../../UE5_My_Project/LyraStarterGame/Content/Localization/EngineOverrides/zh-Hans/EngineOverrides.locres" and source hash 0xd50c7cf3) will be ignored.
[2026.08.30-14.03.12:024][  0]LogTextLocalizationResource: Warning: Text translation conflict for namespace "InputKeys" and key "ValveIndex_Left_Trackpad_Down".
[2026.08.30-14.03.12:024][  0]LogTextLocalizationResource: The current translation is "Valve Index（左）追踪板下" (from "../../../Engine/Content/Localization/Engine/zh-Hans/Engine.locres" and source hash 0x8cf3874c) and the conflicting translation of "Valve Index（左）触控板下" (from "../../../../../../UE5_My_Project/LyraStarterGame/Content/Localization/EngineOverrides/zh-Hans/EngineOverrides.locres" and source hash 0x8cf3874c) will be ignored.
[2026.08.30-14.03.12:024][  0]LogTextLocalizationResource: Warning: Text translation conflict for namespace "InputKeys" and key "ValveIndex_Left_Trackpad_Force".
[2026.08.30-14.03.12:024][  0]LogTextLocalizationResource: The current translation is "Valve Index（左）追踪板力" (from "../../../Engine/Content/Localization/Engine/zh-Hans/Engine.locres" and source hash 0x0af35b95) and the conflicting translation of "Valve Index（左）触控板力度" (from "../../../../../../UE5_My_Project/LyraStarterGame/Content/Localization/EngineOverrides/zh-Hans/EngineOverrides.locres" and source hash 0x0af35b95) will be ignored.
[2026.08.30-14.03.12:024][  0]LogTextLocalizationResource: Warning: Text translation conflict for namespace "InputKeys" and key "ValveIndex_Left_Trackpad_Left".
[2026.08.30-14.03.12:024][  0]LogTextLocalizationResource: The current translation is "Valve Index（左）追踪板左" (from "../../../Engine/Content/Localization/Engine/zh-Hans/Engine.locres" and source hash 0x9a62762c) and the conflicting translation of "Valve Index（左）触控板左" (from "../../../../../../UE5_My_Project/LyraStarterGame/Content/Localization/EngineOverrides/zh-Hans/EngineOverrides.locres" and source hash 0x9a62762c) will be ignored.
[2026.08.30-14.03.12:024][  0]LogTextLocalizationResource: Warning: Text translation conflict for namespace "InputKeys" and key "ValveIndex_Left_Trackpad_Right".
[2026.08.30-14.03.12:024][  0]LogTextLocalizationResource: The current translation is "Valve Index（左）追踪板右" (from "../../../Engine/Content/Localization/Engine/zh-Hans/Engine.locres" and source hash 0xd63dc44d) and the conflicting translation of "Valve Index（左）触控板右" (from "../../../../../../UE5_My_Project/LyraStarterGame/Content/Localization/EngineOverrides/zh-Hans/EngineOverrides.locres" and source hash 0xd63dc44d) will be ignored.
[2026.08.30-14.03.12:024][  0]LogTextLocalizationResource: Warning: Text translation conflict for namespace "InputKeys" and key "ValveIndex_Left_Trackpad_Touch".
[2026.08.30-14.03.12:024][  0]LogTextLocalizationResource: The current translation is "Valve Index（左）追踪板触控" (from "../../../Engine/Content/Localization/Engine/zh-Hans/Engine.locres" and source hash 0xa609b76e) and the conflicting translation of "Valve Index（左）触控板轻触" (from "../../../../../../UE5_My_Project/LyraStarterGame/Content/Localization/EngineOverrides/zh-Hans/EngineOverrides.locres" and source hash 0xa609b76e) will be ignored.
[2026.08.30-14.03.12:024][  0]LogTextLocalizationResource: Warning: Text translation conflict for namespace "InputKeys" and key "ValveIndex_Left_Trackpad_Up".
[2026.08.30-14.03.12:024][  0]LogTextLocalizationResource: The current translation is "Valve Index（左）追踪板上" (from "../../../Engine/Content/Localization/Engine/zh-Hans/Engine.locres" and source hash 0x3575c392) and the conflicting translation of "Valve Index（左）触控板上" (from "../../../../../../UE5_My_Project/LyraStarterGame/Content/Localization/EngineOverrides/zh-Hans/EngineOverrides.locres" and source hash 0x3575c392) will be ignored.
[2026.08.30-14.03.12:024][  0]LogTextLocalizationResource: Warning: Text translation conflict for namespace "InputKeys" and key "ValveIndex_Left_Trackpad_X".
[2026.08.30-14.03.12:024][  0]LogTextLocalizationResource: The current translation is "Valve Index（左）追踪板X" (from "../../../Engine/Content/Localization/Engine/zh-Hans/Engine.locres" and source hash 0xad5c6003) and the conflicting translation of "Valve Index（左）触控板 X" (from "../../../../../../UE5_My_Project/LyraStarterGame/Content/Localization/EngineOverrides/zh-Hans/EngineOverrides.locres" and source hash 0xad5c6003) will be ignored.
[2026.08.30-14.03.12:024][  0]LogTextLocalizationResource: Warning: Text translation conflict for namespace "InputKeys" and key "ValveIndex_Left_Trackpad_Y".
[2026.08.30-14.03.12:024][  0]LogTextLocalizationResource: The current translation is "Valve Index（左）追踪板Y" (from "../../../Engine/Content/Localization/Engine/zh-Hans/Engine.locres" and source hash 0x15e00766) and the conflicting translation of "Valve Index（左）触控板 Y" (from "../../../../../../UE5_My_Project/LyraStarterGame/Content/Localization/EngineOverrides/zh-Hans/EngineOverrides.locres" and source hash 0x15e00766) will be ignored.
[2026.08.30-14.03.12:024][  0]LogTextLocalizationResource: Warning: Text translation conflict for namespace "InputKeys" and key "ValveIndex_Left_Trigger_Click".
[2026.08.30-14.03.12:024][  0]LogTextLocalizationResource: The current translation is "Valve Index（左）扳机键" (from "../../../Engine/Content/Localization/Engine/zh-Hans/Engine.locres" and source hash 0x88dc9152) and the conflicting translation of "Valve Index（左）扳机" (from "../../../../../../UE5_My_Project/LyraStarterGame/Content/Localization/EngineOverrides/zh-Hans/EngineOverrides.locres" and source hash 0x88dc9152) will be ignored.
[2026.08.30-14.03.12:024][  0]LogTextLocalizationResource: Warning: Text translation conflict for namespace "InputKeys" and key "ValveIndex_Left_Trigger_Axis".
[2026.08.30-14.03.12:024][  0]LogTextLocalizationResource: The current translation is "Valve Index（左）扳机键轴" (from "../../../Engine/Content/Localization/Engine/zh-Hans/Engine.locres" and source hash 0x3a36c63d) and the conflicting translation of "Valve Index（左）扳机轴" (from "../../../../../../UE5_My_Project/LyraStarterGame/Content/Localization/EngineOverrides/zh-Hans/EngineOverrides.locres" and source hash 0x3a36c63d) will be ignored.
[2026.08.30-14.03.12:024][  0]LogTextLocalizationResource: Warning: Text translation conflict for namespace "InputKeys" and key "ValveIndex_Left_Trigger_Touch".
[2026.08.30-14.03.12:024][  0]LogTextLocalizationResource: The current translation is "Valve Index（左）扳机键触控" (from "../../../Engine/Content/Localization/Engine/zh-Hans/Engine.locres" and source hash 0xa29eae3e) and the conflicting translation of "Valve Index（左）扳机轻触" (from "../../../../../../UE5_My_Project/LyraStarterGame/Content/Localization/EngineOverrides/zh-Hans/EngineOverrides.locres" and source hash 0xa29eae3e) will be ignored.
[2026.08.30-14.03.12:024][  0]LogTextLocalizationResource: Warning: Text translation conflict for namespace "InputKeys" and key "ValveIndex_Right_A_Click".
[2026.08.30-14.03.12:024][  0]LogTextLocalizationResource: The current translation is "Valve Index（右）A按压" (from "../../../Engine/Content/Localization/Engine/zh-Hans/Engine.locres" and source hash 0xbf2bd779) and the conflicting translation of "Valve Index（右）A点按" (from "../../../../../../UE5_My_Project/LyraStarterGame/Content/Localization/EngineOverrides/zh-Hans/EngineOverrides.locres" and source hash 0xbf2bd779) will be ignored.
[2026.08.30-14.03.12:024][  0]LogTextLocalizationResource: Warning: Text translation conflict for namespace "InputKeys" and key "ValveIndex_Right_A_Touch".
[2026.08.30-14.03.12:024][  0]LogTextLocalizationResource: The current translation is "Valve Index（右）A触控" (from "../../../Engine/Content/Localization/Engine/zh-Hans/Engine.locres" and source hash 0xe9104cae) and the conflicting translation of "Valve Index（右）A轻触" (from "../../../../../../UE5_My_Project/LyraStarterGame/Content/Localization/EngineOverrides/zh-Hans/EngineOverrides.locres" and source hash 0xe9104cae) will be ignored.
[2026.08.30-14.03.12:024][  0]LogTextLocalizationResource: Warning: Text translation conflict for namespace "InputKeys" and key "ValveIndex_Right_B_Click".
[2026.08.30-14.03.12:025][  0]LogTextLocalizationResource: The current translation is "Valve Index（右）B按压" (from "../../../Engine/Content/Localization/Engine/zh-Hans/Engine.locres" and source hash 0xbdf5d05e) and the conflicting translation of "Valve Index（右）B点按" (from "../../../../../../UE5_My_Project/LyraStarterGame/Content/Localization/EngineOverrides/zh-Hans/EngineOverrides.locres" and source hash 0xbdf5d05e) will be ignored.
[2026.08.30-14.03.12:025][  0]LogTextLocalizationResource: Warning: Text translation conflict for namespace "InputKeys" and key "ValveIndex_Right_B_Touch".
[2026.08.30-14.03.12:025][  0]LogTextLocalizationResource: The current translation is "Valve Index（右）B触控" (from "../../../Engine/Content/Localization/Engine/zh-Hans/Engine.locres" and source hash 0xebce4b89) and the conflicting translation of "Valve Index（右）B轻触" (from "../../../../../../UE5_My_Project/LyraStarterGame/Content/Localization/EngineOverrides/zh-Hans/EngineOverrides.locres" and source hash 0xebce4b89) will be ignored.
[2026.08.30-14.03.12:025][  0]LogTextLocalizationResource: Warning: Text translation conflict for namespace "InputKeys" and key "ValveIndex_Right_Grip_Axis".
[2026.08.30-14.03.12:025][  0]LogTextLocalizationResource: The current translation is "Valve Index（右）手握轴" (from "../../../Engine/Content/Localization/Engine/zh-Hans/Engine.locres" and source hash 0x892b8662) and the conflicting translation of "Valve Index（右）抓握轴" (from "../../../../../../UE5_My_Project/LyraStarterGame/Content/Localization/EngineOverrides/zh-Hans/EngineOverrides.locres" and source hash 0x892b8662) will be ignored.
[2026.08.30-14.03.12:025][  0]LogTextLocalizationResource: Warning: Text translation conflict for namespace "InputKeys" and key "ValveIndex_Right_Grip_Force".
[2026.08.30-14.03.12:025][  0]LogTextLocalizationResource: The current translation is "Valve Index（右）手握力" (from "../../../Engine/Content/Localization/Engine/zh-Hans/Engine.locres" and source hash 0x40945edb) and the conflicting translation of "Valve Index（右）抓握力度" (from "../../../../../../UE5_My_Project/LyraStarterGame/Content/Localization/EngineOverrides/zh-Hans/EngineOverrides.locres" and source hash 0x40945edb) will be ignored.
[2026.08.30-14.03.12:025][  0]LogTextLocalizationResource: Warning: Text translation conflict for namespace "InputKeys" and key "ValveIndex_Right_System_Touch".
[2026.08.30-14.03.12:025][  0]LogTextLocalizationResource: The current translation is "Valve Index（右）系统触控" (from "../../../Engine/Content/Localization/Engine/zh-Hans/Engine.locres" and source hash 0x53d5be20) and the conflicting translation of "Valve Index（右）系统轻触" (from "../../../../../../UE5_My_Project/LyraStarterGame/Content/Localization/EngineOverrides/zh-Hans/EngineOverrides.locres" and source hash 0x53d5be20) will be ignored.
[2026.08.30-14.03.12:025][  0]LogTextLocalizationResource: Warning: Text translation conflict for namespace "InputKeys" and key "ValveIndex_Right_Thumbstick_2D".
[2026.08.30-14.03.12:025][  0]LogTextLocalizationResource: The current translation is "Valve Index（右）摇杆2D轴" (from "../../../Engine/Content/Localization/Engine/zh-Hans/Engine.locres" and source hash 0x5b6da730) and the conflicting translation of "Valve Index（右）摇杆 2D 轴" (from "../../../../../../UE5_My_Project/LyraStarterGame/Content/Localization/EngineOverrides/zh-Hans/EngineOverrides.locres" and source hash 0x5b6da730) will be ignored.
[2026.08.30-14.03.12:025][  0]LogTextLocalizationResource: Warning: Text translation conflict for namespace "InputKeys" and key "ValveIndex_Right_Thumbstick_Touch".
[2026.08.30-14.03.12:025][  0]LogTextLocalizationResource: The current translation is "Valve Index（右）摇杆触控" (from "../../../Engine/Content/Localization/Engine/zh-Hans/Engine.locres" and source hash 0x2cdf3542) and the conflicting translation of "Valve Index（右）摇杆轻触" (from "../../../../../../UE5_My_Project/LyraStarterGame/Content/Localization/EngineOverrides/zh-Hans/EngineOverrides.locres" and source hash 0x2cdf3542) will be ignored.
[2026.08.30-14.03.12:025][  0]LogTextLocalizationResource: Warning: Text translation conflict for namespace "InputKeys" and key "ValveIndex_Right_Thumbstick_X".
[2026.08.30-14.03.12:025][  0]LogTextLocalizationResource: The current translation is "Valve Index（右）摇杆X轴" (from "../../../Engine/Content/Localization/Engine/zh-Hans/Engine.locres" and source hash 0xaf3fe6e3) and the conflicting translation of "Valve Index（右）摇杆 X 轴" (from "../../../../../../UE5_My_Project/LyraStarterGame/Content/Localization/EngineOverrides/zh-Hans/EngineOverrides.locres" and source hash 0xaf3fe6e3) will be ignored.
[2026.08.30-14.03.12:025][  0]LogTextLocalizationResource: Warning: Text translation conflict for namespace "InputKeys" and key "ValveIndex_Right_Thumbstick_Y".
[2026.08.30-14.03.12:025][  0]LogTextLocalizationResource: The current translation is "Valve Index（右）摇杆Y轴" (from "../../../Engine/Content/Localization/Engine/zh-Hans/Engine.locres" and source hash 0x2e1a83c4) and the conflicting translation of "Valve Index（右）摇杆 Y 轴" (from "../../../../../../UE5_My_Project/LyraStarterGame/Content/Localization/EngineOverrides/zh-Hans/EngineOverrides.locres" and source hash 0x2e1a83c4) will be ignored.
[2026.08.30-14.03.12:025][  0]LogTextLocalizationResource: Warning: Text translation conflict for namespace "InputKeys" and key "ValveIndex_Right_Trackpad_2D".
[2026.08.30-14.03.12:025][  0]LogTextLocalizationResource: The current translation is "Valve Index（右）触控板2D轴" (from "../../../Engine/Content/Localization/Engine/zh-Hans/Engine.locres" and source hash 0x6644742e) and the conflicting translation of "Valve Index（右）触控板 2D 轴" (from "../../../../../../UE5_My_Project/LyraStarterGame/Content/Localization/EngineOverrides/zh-Hans/EngineOverrides.locres" and source hash 0x6644742e) will be ignored.
[2026.08.30-14.03.12:025][  0]LogTextLocalizationResource: Warning: Text translation conflict for namespace "InputKeys" and key "ValveIndex_Right_Trackpad_Down".
[2026.08.30-14.03.12:025][  0]LogTextLocalizationResource: The current translation is "Valve Index（右）追踪板下" (from "../../../Engine/Content/Localization/Engine/zh-Hans/Engine.locres" and source hash 0x244feb83) and the conflicting translation of "Valve Index（右）触控板下" (from "../../../../../../UE5_My_Project/LyraStarterGame/Content/Localization/EngineOverrides/zh-Hans/EngineOverrides.locres" and source hash 0x244feb83) will be ignored.
[2026.08.30-14.03.12:025][  0]LogTextLocalizationResource: Warning: Text translation conflict for namespace "InputKeys" and key "ValveIndex_Right_Trackpad_Force".
[2026.08.30-14.03.12:025][  0]LogTextLocalizationResource: The current translation is "Valve Index（右）追踪板力" (from "../../../Engine/Content/Localization/Engine/zh-Hans/Engine.locres" and source hash 0xf56d5def) and the conflicting translation of "Valve Index（右）触控板力度" (from "../../../../../../UE5_My_Project/LyraStarterGame/Content/Localization/EngineOverrides/zh-Hans/EngineOverrides.locres" and source hash 0xf56d5def) will be ignored.
[2026.08.30-14.03.12:025][  0]LogTextLocalizationResource: Warning: Text translation conflict for namespace "InputKeys" and key "ValveIndex_Right_Trackpad_Left".
[2026.08.30-14.03.12:025][  0]LogTextLocalizationResource: The current translation is "Valve Index（右）追踪板左" (from "../../../Engine/Content/Localization/Engine/zh-Hans/Engine.locres" and source hash 0x32de1ae3) and the conflicting translation of "Valve Index（右）触控板左" (from "../../../../../../UE5_My_Project/LyraStarterGame/Content/Localization/EngineOverrides/zh-Hans/EngineOverrides.locres" and source hash 0x32de1ae3) will be ignored.
[2026.08.30-14.03.12:025][  0]LogTextLocalizationResource: Warning: Text translation conflict for namespace "InputKeys" and key "ValveIndex_Right_Trackpad_Right".
[2026.08.30-14.03.12:025][  0]LogTextLocalizationResource: The current translation is "Valve Index（右）追踪板右" (from "../../../Engine/Content/Localization/Engine/zh-Hans/Engine.locres" and source hash 0x29a3c237) and the conflicting translation of "Valve Index（右）触控板右" (from "../../../../../../UE5_My_Project/LyraStarterGame/Content/Localization/EngineOverrides/zh-Hans/EngineOverrides.locres" and source hash 0x29a3c237) will be ignored.
[2026.08.30-14.03.12:025][  0]LogTextLocalizationResource: Warning: Text translation conflict for namespace "InputKeys" and key "ValveIndex_Right_Trackpad_Touch".
[2026.08.30-14.03.12:025][  0]LogTextLocalizationResource: The current translation is "Valve Index（右）追踪板触控" (from "../../../Engine/Content/Localization/Engine/zh-Hans/Engine.locres" and source hash 0x5997b114) and the conflicting translation of "Valve Index（右）触控板轻触" (from "../../../../../../UE5_My_Project/LyraStarterGame/Content/Localization/EngineOverrides/zh-Hans/EngineOverrides.locres" and source hash 0x5997b114) will be ignored.
[2026.08.30-14.03.12:025][  0]LogTextLocalizationResource: Warning: Text translation conflict for namespace "InputKeys" and key "ValveIndex_Right_Trackpad_Up".
[2026.08.30-14.03.12:026][  0]LogTextLocalizationResource: The current translation is "Valve Index（右）追踪板上" (from "../../../Engine/Content/Localization/Engine/zh-Hans/Engine.locres" and source hash 0x96830ee9) and the conflicting translation of "Valve Index（右）触控板上" (from "../../../../../../UE5_My_Project/LyraStarterGame/Content/Localization/EngineOverrides/zh-Hans/EngineOverrides.locres" and source hash 0x96830ee9) will be ignored.
[2026.08.30-14.03.12:026][  0]LogTextLocalizationResource: Warning: Text translation conflict for namespace "InputKeys" and key "ValveIndex_Right_Trackpad_X".
[2026.08.30-14.03.12:026][  0]LogTextLocalizationResource: The current translation is "Valve Index（右）追踪板X" (from "../../../Engine/Content/Localization/Engine/zh-Hans/Engine.locres" and source hash 0xd0785d13) and the conflicting translation of "Valve Index（右）触控板 X" (from "../../../../../../UE5_My_Project/LyraStarterGame/Content/Localization/EngineOverrides/zh-Hans/EngineOverrides.locres" and source hash 0xd0785d13) will be ignored.
[2026.08.30-14.03.12:026][  0]LogTextLocalizationResource: Warning: Text translation conflict for namespace "InputKeys" and key "ValveIndex_Right_Trackpad_Y".
[2026.08.30-14.03.12:026][  0]LogTextLocalizationResource: The current translation is "Valve Index（右）追踪板Y" (from "../../../Engine/Content/Localization/Engine/zh-Hans/Engine.locres" and source hash 0x68c43a76) and the conflicting translation of "Valve Index（右）触控板 Y" (from "../../../../../../UE5_My_Project/LyraStarterGame/Content/Localization/EngineOverrides/zh-Hans/EngineOverrides.locres" and source hash 0x68c43a76) will be ignored.
[2026.08.30-14.03.12:026][  0]LogTextLocalizationResource: Warning: Text translation conflict for namespace "InputKeys" and key "ValveIndex_Right_Trigger_Click".
[2026.08.30-14.03.12:026][  0]LogTextLocalizationResource: The current translation is "Valve Index（右）扳机键" (from "../../../Engine/Content/Localization/Engine/zh-Hans/Engine.locres" and source hash 0x53317243) and the conflicting translation of "Valve Index（右）扳机" (from "../../../../../../UE5_My_Project/LyraStarterGame/Content/Localization/EngineOverrides/zh-Hans/EngineOverrides.locres" and source hash 0x53317243) will be ignored.
[2026.08.30-14.03.12:026][  0]LogTextLocalizationResource: Warning: Text translation conflict for namespace "InputKeys" and key "ValveIndex_Right_Trigger_Axis".
[2026.08.30-14.03.12:026][  0]LogTextLocalizationResource: The current translation is "Valve Index（右）扳机键轴" (from "../../../Engine/Content/Localization/Engine/zh-Hans/Engine.locres" and source hash 0x124650da) and the conflicting translation of "Valve Index（右）扳机轴" (from "../../../../../../UE5_My_Project/LyraStarterGame/Content/Localization/EngineOverrides/zh-Hans/EngineOverrides.locres" and source hash 0x124650da) will be ignored.
[2026.08.30-14.03.12:026][  0]LogTextLocalizationResource: Warning: Text translation conflict for namespace "InputKeys" and key "ValveIndex_Right_Trigger_Touch".
[2026.08.30-14.03.12:026][  0]LogTextLocalizationResource: The current translation is "Valve Index（右）扳机键触控" (from "../../../Engine/Content/Localization/Engine/zh-Hans/Engine.locres" and source hash 0x0a22c2f1) and the conflicting translation of "Valve Index（右）扳机轻触" (from "../../../../../../UE5_My_Project/LyraStarterGame/Content/Localization/EngineOverrides/zh-Hans/EngineOverrides.locres" and source hash 0x0a22c2f1) will be ignored.
[2026.08.30-14.03.12:026][  0]LogTextLocalizationResource: Warning: Text translation conflict for namespace "InputKeys" and key "Vive_Left_Grip_Click".
[2026.08.30-14.03.12:026][  0]LogTextLocalizationResource: The current translation is "Vive（左）手握" (from "../../../Engine/Content/Localization/Engine/zh-Hans/Engine.locres" and source hash 0x267cce74) and the conflicting translation of "Vive（左）抓握" (from "../../../../../../UE5_My_Project/LyraStarterGame/Content/Localization/EngineOverrides/zh-Hans/EngineOverrides.locres" and source hash 0x267cce74) will be ignored.
[2026.08.30-14.03.12:026][  0]LogTextLocalizationResource: Warning: Text translation conflict for namespace "InputKeys" and key "Vive_Left_Trackpad_2D".
[2026.08.30-14.03.12:027][  0]LogTextLocalizationResource: The current translation is "Vive（左）触控板2D轴" (from "../../../Engine/Content/Localization/Engine/zh-Hans/Engine.locres" and source hash 0x9f4bda3d) and the conflicting translation of "Vive（左）触控板 2D 轴" (from "../../../../../../UE5_My_Project/LyraStarterGame/Content/Localization/EngineOverrides/zh-Hans/EngineOverrides.locres" and source hash 0x9f4bda3d) will be ignored.
[2026.08.30-14.03.12:027][  0]LogTextLocalizationResource: Warning: Text translation conflict for namespace "InputKeys" and key "Vive_Left_Trackpad_Down".
[2026.08.30-14.03.12:027][  0]LogTextLocalizationResource: The current translation is "Vive（左）追踪板下" (from "../../../Engine/Content/Localization/Engine/zh-Hans/Engine.locres" and source hash 0xa6a665e0) and the conflicting translation of "Vive（左）触控板下" (from "../../../../../../UE5_My_Project/LyraStarterGame/Content/Localization/EngineOverrides/zh-Hans/EngineOverrides.locres" and source hash 0xa6a665e0) will be ignored.
[2026.08.30-14.03.12:027][  0]LogTextLocalizationResource: Warning: Text translation conflict for namespace "InputKeys" and key "Vive_Left_Trackpad_Left".
[2026.08.30-14.03.12:027][  0]LogTextLocalizationResource: The current translation is "Vive（左）追踪板左" (from "../../../Engine/Content/Localization/Engine/zh-Hans/Engine.locres" and source hash 0xb0379480) and the conflicting translation of "Vive（左）触控板左" (from "../../../../../../UE5_My_Project/LyraStarterGame/Content/Localization/EngineOverrides/zh-Hans/EngineOverrides.locres" and source hash 0xb0379480) will be ignored.
[2026.08.30-14.03.12:027][  0]LogTextLocalizationResource: Warning: Text translation conflict for namespace "InputKeys" and key "Vive_Left_Trackpad_Right".
[2026.08.30-14.03.12:027][  0]LogTextLocalizationResource: The current translation is "Vive（左）追踪板右" (from "../../../Engine/Content/Localization/Engine/zh-Hans/Engine.locres" and source hash 0x679106f9) and the conflicting translation of "Vive（左）触控板右" (from "../../../../../../UE5_My_Project/LyraStarterGame/Content/Localization/EngineOverrides/zh-Hans/EngineOverrides.locres" and source hash 0x679106f9) will be ignored.
[2026.08.30-14.03.12:027][  0]LogTextLocalizationResource: Warning: Text translation conflict for namespace "InputKeys" and key "Vive_Left_Trackpad_Touch".
[2026.08.30-14.03.12:027][  0]LogTextLocalizationResource: The current translation is "Vive（左）追踪板触控" (from "../../../Engine/Content/Localization/Engine/zh-Hans/Engine.locres" and source hash 0x17a575da) and the conflicting translation of "Vive（左）触控板轻触" (from "../../../../../../UE5_My_Project/LyraStarterGame/Content/Localization/EngineOverrides/zh-Hans/EngineOverrides.locres" and source hash 0x17a575da) will be ignored.
[2026.08.30-14.03.12:027][  0]LogTextLocalizationResource: Warning: Text translation conflict for namespace "InputKeys" and key "Vive_Left_Trackpad_Up".
[2026.08.30-14.03.12:027][  0]LogTextLocalizationResource: The current translation is "Vive（左）追踪板上" (from "../../../Engine/Content/Localization/Engine/zh-Hans/Engine.locres" and source hash 0xeee63c11) and the conflicting translation of "Vive（左）触控板上" (from "../../../../../../UE5_My_Project/LyraStarterGame/Content/Localization/EngineOverrides/zh-Hans/EngineOverrides.locres" and source hash 0xeee63c11) will be ignored.
[2026.08.30-14.03.12:027][  0]LogTextLocalizationResource: Warning: Text translation conflict for namespace "InputKeys" and key "Vive_Left_Trackpad_X".
[2026.08.30-14.03.12:027][  0]LogTextLocalizationResource: The current translation is "Vive（左）触控板X轴" (from "../../../Engine/Content/Localization/Engine/zh-Hans/Engine.locres" and source hash 0xc38ada30) and the conflicting translation of "Vive（左）触控板 X 轴" (from "../../../../../../UE5_My_Project/LyraStarterGame/Content/Localization/EngineOverrides/zh-Hans/EngineOverrides.locres" and source hash 0xc38ada30) will be ignored.
[2026.08.30-14.03.12:027][  0]LogTextLocalizationResource: Warning: Text translation conflict for namespace "InputKeys" and key "Vive_Left_Trackpad_Y".
[2026.08.30-14.03.12:027][  0]LogTextLocalizationResource: The current translation is "Vive（左）触控板Y轴" (from "../../../Engine/Content/Localization/Engine/zh-Hans/Engine.locres" and source hash 0x42afbf17) and the conflicting translation of "Vive（左）触控板 Y 轴" (from "../../../../../../UE5_My_Project/LyraStarterGame/Content/Localization/EngineOverrides/zh-Hans/EngineOverrides.locres" and source hash 0x42afbf17) will be ignored.
[2026.08.30-14.03.12:027][  0]LogTextLocalizationResource: Warning: Text translation conflict for namespace "InputKeys" and key "Vive_Left_Trigger_Click".
[2026.08.30-14.03.12:027][  0]LogTextLocalizationResource: The current translation is "Vive（左）扳机键" (from "../../../Engine/Content/Localization/Engine/zh-Hans/Engine.locres" and source hash 0xb570b6fe) and the conflicting translation of "Vive（左）扳机" (from "../../../../../../UE5_My_Project/LyraStarterGame/Content/Localization/EngineOverrides/zh-Hans/EngineOverrides.locres" and source hash 0xb570b6fe) will be ignored.
[2026.08.30-14.03.12:027][  0]LogTextLocalizationResource: Warning: Text translation conflict for namespace "InputKeys" and key "Vive_Left_Trigger_Axis".
[2026.08.30-14.03.12:027][  0]LogTextLocalizationResource: The current translation is "Vive（左）扳机键轴" (from "../../../Engine/Content/Localization/Engine/zh-Hans/Engine.locres" and source hash 0x302f3980) and the conflicting translation of "Vive（左）扳机轴" (from "../../../../../../UE5_My_Project/LyraStarterGame/Content/Localization/EngineOverrides/zh-Hans/EngineOverrides.locres" and source hash 0x302f3980) will be ignored.
[2026.08.30-14.03.12:027][  0]LogTextLocalizationResource: Warning: Text translation conflict for namespace "InputKeys" and key "Vive_Right_Grip_Click".
[2026.08.30-14.03.12:027][  0]LogTextLocalizationResource: The current translation is "Vive（右）手握" (from "../../../Engine/Content/Localization/Engine/zh-Hans/Engine.locres" and source hash 0x3530f902) and the conflicting translation of "Vive（右）抓握" (from "../../../../../../UE5_My_Project/LyraStarterGame/Content/Localization/EngineOverrides/zh-Hans/EngineOverrides.locres" and source hash 0x3530f902) will be ignored.
[2026.08.30-14.03.12:027][  0]LogTextLocalizationResource: Warning: Text translation conflict for namespace "InputKeys" and key "Vive_Right_Trackpad_2D".
[2026.08.30-14.03.12:027][  0]LogTextLocalizationResource: The current translation is "Vive（右）触控板2D轴" (from "../../../Engine/Content/Localization/Engine/zh-Hans/Engine.locres" and source hash 0x2c03d2e0) and the conflicting translation of "Vive（右）触控板 2D 轴" (from "../../../../../../UE5_My_Project/LyraStarterGame/Content/Localization/EngineOverrides/zh-Hans/EngineOverrides.locres" and source hash 0x2c03d2e0) will be ignored.
[2026.08.30-14.03.12:027][  0]LogTextLocalizationResource: Warning: Text translation conflict for namespace "InputKeys" and key "Vive_Right_Trackpad_Down".
[2026.08.30-14.03.12:027][  0]LogTextLocalizationResource: The current translation is "Vive（右）追踪板下" (from "../../../Engine/Content/Localization/Engine/zh-Hans/Engine.locres" and source hash 0x0e1a092f) and the conflicting translation of "Vive（右）触控板下" (from "../../../../../../UE5_My_Project/LyraStarterGame/Content/Localization/EngineOverrides/zh-Hans/EngineOverrides.locres" and source hash 0x0e1a092f) will be ignored.
[2026.08.30-14.03.12:027][  0]LogTextLocalizationResource: Warning: Text translation conflict for namespace "InputKeys" and key "Vive_Right_Trackpad_Left".
[2026.08.30-14.03.12:028][  0]LogTextLocalizationResource: The current translation is "Vive（右）追踪板左" (from "../../../Engine/Content/Localization/Engine/zh-Hans/Engine.locres" and source hash 0x188bf84f) and the conflicting translation of "Vive（右）触控板左" (from "../../../../../../UE5_My_Project/LyraStarterGame/Content/Localization/EngineOverrides/zh-Hans/EngineOverrides.locres" and source hash 0x188bf84f) will be ignored.
[2026.08.30-14.03.12:028][  0]LogTextLocalizationResource: Warning: Text translation conflict for namespace "InputKeys" and key "Vive_Right_Trackpad_Right".
[2026.08.30-14.03.12:028][  0]LogTextLocalizationResource: The current translation is "Vive（右）追踪板右" (from "../../../Engine/Content/Localization/Engine/zh-Hans/Engine.locres" and source hash 0x980f0083) and the conflicting translation of "Vive（右）触控板右" (from "../../../../../../UE5_My_Project/LyraStarterGame/Content/Localization/EngineOverrides/zh-Hans/EngineOverrides.locres" and source hash 0x980f0083) will be ignored.
[2026.08.30-14.03.12:028][  0]LogTextLocalizationResource: Warning: Text translation conflict for namespace "InputKeys" and key "Vive_Right_Trackpad_Touch".
[2026.08.30-14.03.12:028][  0]LogTextLocalizationResource: The current translation is "Vive（右）追踪板触控" (from "../../../Engine/Content/Localization/Engine/zh-Hans/Engine.locres" and source hash 0xe83b73a0) and the conflicting translation of "Vive（右）触控板轻触" (from "../../../../../../UE5_My_Project/LyraStarterGame/Content/Localization/EngineOverrides/zh-Hans/EngineOverrides.locres" and source hash 0xe83b73a0) will be ignored.
[2026.08.30-14.03.12:028][  0]LogTextLocalizationResource: Warning: Text translation conflict for namespace "InputKeys" and key "Vive_Right_Trackpad_Up".
[2026.08.30-14.03.12:028][  0]LogTextLocalizationResource: The current translation is "Vive（右）追踪板上" (from "../../../Engine/Content/Localization/Engine/zh-Hans/Engine.locres" and source hash 0x4d10f16a) and the conflicting translation of "Vive（右）触控板上" (from "../../../../../../UE5_My_Project/LyraStarterGame/Content/Localization/EngineOverrides/zh-Hans/EngineOverrides.locres" and source hash 0x4d10f16a) will be ignored.
[2026.08.30-14.03.12:028][  0]LogTextLocalizationResource: Warning: Text translation conflict for namespace "InputKeys" and key "Vive_Right_Trackpad_X".
[2026.08.30-14.03.12:028][  0]LogTextLocalizationResource: The current translation is "Vive（右）触控板X轴" (from "../../../Engine/Content/Localization/Engine/zh-Hans/Engine.locres" and source hash 0x0145ae63) and the conflicting translation of "Vive（右）触控板 X 轴" (from "../../../../../../UE5_My_Project/LyraStarterGame/Content/Localization/EngineOverrides/zh-Hans/EngineOverrides.locres" and source hash 0x0145ae63) will be ignored.
[2026.08.30-14.03.12:028][  0]LogTextLocalizationResource: Warning: Text translation conflict for namespace "InputKeys" and key "Vive_Right_Trackpad_Y".
[2026.08.30-14.03.12:028][  0]LogTextLocalizationResource: The current translation is "Vive（右）触控板Y轴" (from "../../../Engine/Content/Localization/Engine/zh-Hans/Engine.locres" and source hash 0x8060cb44) and the conflicting translation of "Vive（右）触控板 Y 轴" (from "../../../../../../UE5_My_Project/LyraStarterGame/Content/Localization/EngineOverrides/zh-Hans/EngineOverrides.locres" and source hash 0x8060cb44) will be ignored.
[2026.08.30-14.03.12:028][  0]LogTextLocalizationResource: Warning: Text translation conflict for namespace "InputKeys" and key "Vive_Right_Trigger_Click".
[2026.08.30-14.03.12:028][  0]LogTextLocalizationResource: The current translation is "Vive（右）扳机键" (from "../../../Engine/Content/Localization/Engine/zh-Hans/Engine.locres" and source hash 0x6e9d55ef) and the conflicting translation of "Vive（右）扳机" (from "../../../../../../UE5_My_Project/LyraStarterGame/Content/Localization/EngineOverrides/zh-Hans/EngineOverrides.locres" and source hash 0x6e9d55ef) will be ignored.
[2026.08.30-14.03.12:028][  0]LogTextLocalizationResource: Warning: Text translation conflict for namespace "InputKeys" and key "Vive_Right_Trigger_Axis".
[2026.08.30-14.03.12:028][  0]LogTextLocalizationResource: The current translation is "Vive（右）扳机键轴" (from "../../../Engine/Content/Localization/Engine/zh-Hans/Engine.locres" and source hash 0x185faf67) and the conflicting translation of "Vive（右）扳机轴" (from "../../../../../../UE5_My_Project/LyraStarterGame/Content/Localization/EngineOverrides/zh-Hans/EngineOverrides.locres" and source hash 0x185faf67) will be ignored.
[2026.08.30-14.03.12:028][  0]LogTextLocalizationResource: Warning: Text translation conflict for namespace "LinuxDynamicRHI" and key "NoOpenGLDriver".
[2026.08.30-14.03.12:028][  0]LogTextLocalizationResource: The current translation is "未能加载引擎运行所需的OpenGL驱动。
已废弃OpenGL4，建议使用Vulkan。" (from "../../../Engine/Content/Localization/Engine/zh-Hans/Engine.locres" and source hash 0x088c8f70) and the conflicting translation of "无法加载运行引擎所需的OpenGL驱动程序。
OpenGL4已被弃用，应使用Vulkan。" (from "../../../../../../UE5_My_Project/LyraStarterGame/Content/Localization/EngineOverrides/zh-Hans/EngineOverrides.locres" and source hash 0x088c8f70) will be ignored.
[2026.08.30-14.03.12:028][  0]LogTextLocalizationResource: Warning: Text translation conflict for namespace "LinuxDynamicRHI" and key "NoVulkanDriver".
[2026.08.30-14.03.12:028][  0]LogTextLocalizationResource: The current translation is "未能加载引擎运行所需的Vulkan驱动。
引擎不再退却到废弃的OpenGL4。" (from "../../../Engine/Content/Localization/Engine/zh-Hans/Engine.locres" and source hash 0x2fccd442) and the conflicting translation of "无法加载运行引擎所需的Vulkan驱动程序。
引擎不再回退到已弃用的OpenGL4。" (from "../../../../../../UE5_My_Project/LyraStarterGame/Content/Localization/EngineOverrides/zh-Hans/EngineOverrides.locres" and source hash 0x2fccd442) will be ignored.
[2026.08.30-14.03.12:028][  0]LogTextLocalizationResource: Warning: Text translation conflict for namespace "LinuxDynamicRHI" and key "RequiredOpenGL".
[2026.08.30-14.03.12:029][  0]LogTextLocalizationResource: The current translation is "运行引擎需要OpenGL 4.3。" (from "../../../Engine/Content/Localization/Engine/zh-Hans/Engine.locres" and source hash 0xc517d6b4) and the conflicting translation of "此引擎运行需要OpenGL 4.3。" (from "../../../../../../UE5_My_Project/LyraStarterGame/Content/Localization/EngineOverrides/zh-Hans/EngineOverrides.locres" and source hash 0xc517d6b4) will be ignored.
[2026.08.30-14.03.12:029][  0]LogTextLocalizationResource: Warning: Text translation conflict for namespace "LinuxDynamicRHI" and key "NoTargetedRHI".
[2026.08.30-14.03.12:029][  0]LogTextLocalizationResource: The current translation is "项目未以Vulkan或OpenGL RHI为目标，请检查项目设置或跳过-nullrhi。" (from "../../../Engine/Content/Localization/Engine/zh-Hans/Engine.locres" and source hash 0xffa90e98) and the conflicting translation of "该项目没有目标Vulkan或OpenGL RHIs，检查项目设置或跳过。-nullrhi." (from "../../../../../../UE5_My_Project/LyraStarterGame/Content/Localization/EngineOverrides/zh-Hans/EngineOverrides.locres" and source hash 0xffa90e98) will be ignored.
[2026.08.30-14.03.12:029][  0]LogTextLocalizationResource: Warning: Text translation conflict for namespace "LinuxDynamicRHI" and key "NoOpenGLTargetedRHI".
[2026.08.30-14.03.12:029][  0]LogTextLocalizationResource: The current translation is "正尝试强制执行OpenGL RHI，但项目的TargetedRHIs列表中未含有OpenGL RHI。" (from "../../../Engine/Content/Localization/Engine/zh-Hans/Engine.locres" and source hash 0xc8c3751a) and the conflicting translation of "试图强制运行OpenGL RHI但该项目的TargetedRHIs表中缺失该内容。" (from "../../../../../../UE5_My_Project/LyraStarterGame/Content/Localization/EngineOverrides/zh-Hans/EngineOverrides.locres" and source hash 0xc8c3751a) will be ignored.
[2026.08.30-14.03.12:029][  0]LogTextLocalizationResource: Warning: Text translation conflict for namespace "LinuxDynamicRHI" and key "NoVulkanTargetedRHI".
[2026.08.30-14.03.12:029][  0]LogTextLocalizationResource: The current translation is "正尝试强制执行Vulkan RHI，但项目的TargetedRHIs列表中未含有Vulkan RHI。" (from "../../../Engine/Content/Localization/Engine/zh-Hans/Engine.locres" and source hash 0x1cdead2e) and the conflicting translation of "试图强制运行Vulkan RHI但该项目的TargetedRHIs表中缺失该内容。" (from "../../../../../../UE5_My_Project/LyraStarterGame/Content/Localization/EngineOverrides/zh-Hans/EngineOverrides.locres" and source hash 0x1cdead2e) will be ignored.
[2026.08.30-14.03.12:029][  0]LogTextLocalizationResource: Warning: Text translation conflict for namespace "LinuxDynamicRHI" and key "RequiredVulkan".
[2026.08.30-14.03.12:029][  0]LogTextLocalizationResource: The current translation is "需要Vulkan驱动程序才能运行引擎。" (from "../../../Engine/Content/Localization/Engine/zh-Hans/Engine.locres" and source hash 0xcbe26027) and the conflicting translation of "需要安装Vulkan驱动才能运行此引擎。" (from "../../../../../../UE5_My_Project/LyraStarterGame/Content/Localization/EngineOverrides/zh-Hans/EngineOverrides.locres" and source hash 0xcbe26027) will be ignored.
[2026.08.30-14.03.12:029][  0]LogTextLocalizationResource: Warning: Text translation conflict for namespace "LinuxDynamicRHI" and key "NoVulkanNoGL".
[2026.08.30-14.03.12:029][  0]LogTextLocalizationResource: The current translation is "运行引擎需要Vulkan或OpenGL（4.3）支持。" (from "../../../Engine/Content/Localization/Engine/zh-Hans/Engine.locres" and source hash 0xdac70890) and the conflicting translation of "需要支持Vulkan或OpenGL(4.3)以运行该引擎。" (from "../../../../../../UE5_My_Project/LyraStarterGame/Content/Localization/EngineOverrides/zh-Hans/EngineOverrides.locres" and source hash 0xdac70890) will be ignored.
[2026.08.30-14.03.12:029][  0]LogTextLocalizationResource: Warning: Text translation conflict for namespace "LinuxDynamicRHI" and key "OpenGLRemoved".
[2026.08.30-14.03.12:029][  0]LogTextLocalizationResource: The current translation is "警告：桌面平台不再支持OpenGL。将转而使用Vulkan。" (from "../../../Engine/Content/Localization/Engine/zh-Hans/Engine.locres" and source hash 0x52a0c365) and the conflicting translation of "警告：桌面平台已不再支持OpenGL。将使用Vulkan代替。" (from "../../../../../../UE5_My_Project/LyraStarterGame/Content/Localization/EngineOverrides/zh-Hans/EngineOverrides.locres" and source hash 0x52a0c365) will be ignored.
[2026.08.30-14.03.12:029][  0]LogTextLocalizationResource: Warning: Text translation conflict for namespace "MessageDialog" and key "UpdateMacOSX_Body".
[2026.08.30-14.03.12:029][  0]LogTextLocalizationResource: The current translation is "请将macOS更新为最新版本，以获得最佳性能和稳定性。" (from "../../../Engine/Content/Localization/Engine/zh-Hans/Engine.locres" and source hash 0xca9bef56) and the conflicting translation of "请更新至最新版本的macOS以体验最佳性能与稳定性。" (from "../../../../../../UE5_My_Project/LyraStarterGame/Content/Localization/EngineOverrides/zh-Hans/EngineOverrides.locres" and source hash 0xca9bef56) will be ignored.
[2026.08.30-14.03.12:029][  0]LogTextLocalizationResource: Warning: Text translation conflict for namespace "MessageDialog" and key "TitleVideoCardDriverIssue".
[2026.08.30-14.03.12:029][  0]LogTextLocalizationResource: The current translation is "警告：图形驱动的已知问题" (from "../../../Engine/Content/Localization/Engine/zh-Hans/Engine.locres" and source hash 0x83464347) and the conflicting translation of "警告：存在已知的图形驱动问题。" (from "../../../../../../UE5_My_Project/LyraStarterGame/Content/Localization/EngineOverrides/zh-Hans/EngineOverrides.locres" and source hash 0x83464347) will be ignored.
[2026.08.30-14.03.12:029][  0]LogTextLocalizationResource: Warning: Text translation conflict for namespace "UnrealBuildConfigurations" and key "ShippingName".
[2026.08.30-14.03.12:029][  0]LogTextLocalizationResource: The current translation is "发行" (from "../../../Engine/Content/Localization/Engine/zh-Hans/Engine.locres" and source hash 0xa3ab1a8a) and the conflicting translation of "运输" (from "../../../../../../UE5_My_Project/LyraStarterGame/Content/Localization/EngineOverrides/zh-Hans/EngineOverrides.locres" and source hash 0xa3ab1a8a) will be ignored.
[2026.08.30-14.03.12:029][  0]LogTextLocalizationResource: Warning: Text translation conflict for namespace "WindowsDynamicRHI" and key "RHIOptionsError".
[2026.08.30-14.03.12:029][  0]LogTextLocalizationResource: The current translation is "-d3d12/dx12、-d3d11/dx11、-vulkan和-opengl是互斥的选项，但命令行中指定了多个。" (from "../../../Engine/Content/Localization/Engine/zh-Hans/Engine.locres" and source hash 0x79e1f72c) and the conflicting translation of "-d3d12/dx12、-d3d11/dx11、-vulkan 和 -opengl 是互斥的选项，但在命令行中指定了多个选项。" (from "../../../../../../UE5_My_Project/LyraStarterGame/Content/Localization/EngineOverrides/zh-Hans/EngineOverrides.locres" and source hash 0x79e1f72c) will be ignored.
[2026.08.30-14.03.12:029][  0]LogTextLocalizationResource: Warning: Text translation conflict for namespace "WindowsDynamicRHI" and key "RequiredDX11Feature_11_SM5".
[2026.08.30-14.03.12:029][  0]LogTextLocalizationResource: The current translation is "运行引擎需要兼容D3D11的GPU（功能级别11.0，着色器模型5.0）。" (from "../../../Engine/Content/Localization/Engine/zh-Hans/Engine.locres" and source hash 0x593a6143) and the conflicting translation of "运行此引擎需要兼容D3D11的GPU （功能级别11.0，着色器型号5.0）。" (from "../../../../../../UE5_My_Project/LyraStarterGame/Content/Localization/EngineOverrides/zh-Hans/EngineOverrides.locres" and source hash 0x593a6143) will be ignored.
[2026.08.30-14.03.12:029][  0]LogTextLocalizationResource: Warning: Text translation conflict for namespace "WindowsDynamicRHI" and key "RequiredOpenGL".
[2026.08.30-14.03.12:029][  0]LogTextLocalizationResource: The current translation is "运行引擎需要OpenGL 4.3。" (from "../../../Engine/Content/Localization/Engine/zh-Hans/Engine.locres" and source hash 0xc517d6b4) and the conflicting translation of "此引擎运行需要OpenGL 4.3。" (from "../../../../../../UE5_My_Project/LyraStarterGame/Content/Localization/EngineOverrides/zh-Hans/EngineOverrides.locres" and source hash 0xc517d6b4) will be ignored.
[2026.08.30-14.03.12:029][  0]LogTextLocalizationResource: Warning: Text translation conflict for namespace "WindowsDynamicRHI" and key "RequiredVulkan".
[2026.08.30-14.03.12:029][  0]LogTextLocalizationResource: The current translation is "需要Vulkan驱动程序才能运行引擎。" (from "../../../Engine/Content/Localization/Engine/zh-Hans/Engine.locres" and source hash 0xcbe26027) and the conflicting translation of "需要安装Vulkan驱动才能运行此引擎。" (from "../../../../../../UE5_My_Project/LyraStarterGame/Content/Localization/EngineOverrides/zh-Hans/EngineOverrides.locres" and source hash 0xcbe26027) will be ignored.
[2026.08.30-14.03.12:029][  0]LogTextLocalizationResource: LocRes '../../../Engine/Content/Localization/Editor/zh/Editor.locres' could not be opened for reading!
[2026.08.30-14.03.12:029][  0]LogTextLocalizationResource: LocRes '../../../Engine/Content/Localization/EditorTutorials/zh/EditorTutorials.locres' could not be opened for reading!
[2026.08.30-14.03.12:029][  0]LogTextLocalizationResource: LocRes '../../../Engine/Content/Localization/Keywords/zh/Keywords.locres' could not be opened for reading!
[2026.08.30-14.03.12:029][  0]LogTextLocalizationResource: LocRes '../../../Engine/Content/Localization/Category/zh/Category.locres' could not be opened for reading!
[2026.08.30-14.03.12:029][  0]LogTextLocalizationResource: LocRes '../../../Engine/Content/Localization/ToolTips/zh/ToolTips.locres' could not be opened for reading!
[2026.08.30-14.03.12:029][  0]LogTextLocalizationResource: LocRes '../../../Engine/Content/Localization/PropertyNames/zh/PropertyNames.locres' could not be opened for reading!
[2026.08.30-14.03.12:029][  0]LogTextLocalizationResource: LocRes '../../../Engine/Content/Localization/Engine/zh/Engine.locres' could not be opened for reading!
[2026.08.30-14.03.12:029][  0]LogTextLocalizationResource: LocRes '../../../../../../UE5_My_Project/LyraStarterGame/Content/Localization/EngineOverrides/zh/EngineOverrides.locres' could not be opened for reading!
[2026.08.30-14.03.12:029][  0]LogTextLocalizationResource: LocRes '../../../Engine/Plugins/Online/OnlineFramework/Content/Localization/OnlineFramework/zh/OnlineFramework.locres' could not be opened for reading!
[2026.08.30-14.03.12:029][  0]LogTextLocalizationResource: LocRes '../../../Engine/Plugins/Online/OnlineSubsystem/Content/Localization/OnlineSubsystem/zh/OnlineSubsystem.locres' could not be opened for reading!
[2026.08.30-14.03.12:029][  0]LogTextLocalizationResource: LocRes '../../../Engine/Plugins/Online/OnlineSubsystemSteam/Content/Localization/OnlineSubsystemSteam/zh/OnlineSubsystemSteam.locres' could not be opened for reading!
[2026.08.30-14.03.12:029][  0]LogTextLocalizationResource: LocRes '../../../Engine/Plugins/Online/OnlineSubsystemUtils/Content/Localization/OnlineSubsystemUtils/zh/OnlineSubsystemUtils.locres' could not be opened for reading!
[2026.08.30-14.03.12:029][  0]LogTextLocalizationResource: LocRes '../../../Engine/Plugins/Online/Android/OnlineSubsystemGooglePlay/Content/Localization/OnlineSubsystemGooglePlay/zh/OnlineSubsystemGooglePlay.locres' could not be opened for reading!
[2026.08.30-14.03.12:029][  0]LogTextLocalizationResource: LocRes '../../../Engine/Plugins/Online/IOS/OnlineSubsystemIOS/Content/Localization/OnlineSubsystemIOS/zh/OnlineSubsystemIOS.locres' could not be opened for reading!
[2026.08.30-14.03.12:246][  0]LogWindowsTextInputMethodSystem: Available input methods:
[2026.08.30-14.03.12:246][  0]LogWindowsTextInputMethodSystem:   - 简体中文(中国大陆) - 微软拼音 (TSF IME).
[2026.08.30-14.03.12:249][  0]LogWindowsTextInputMethodSystem: Activated input method: 简体中文(中国大陆) - 微软拼音 (TSF IME).
[2026.08.30-14.03.12:484][  0]LogSlate: New Slate User Created. Platform User Id 0, User Index 0, Is Virtual User: 0
[2026.08.30-14.03.12:484][  0]LogSlate: Slate User Registered.  User Index 0, Is Virtual User: 0
[2026.08.30-14.03.12:693][  0]LogVRS: Current RHI does not support Variable Rate Shading
[2026.08.30-14.03.12:695][  0]LogInit: Initializing FReadOnlyCVARCache
[2026.08.30-14.03.12:934][  0]LogTextureFormatManager: Display: Loaded Base TextureFormat: TextureFormatASTC
[2026.08.30-14.03.12:934][  0]LogTextureFormatManager: Display: Loaded Base TextureFormat: TextureFormatDXT
[2026.08.30-14.03.12:934][  0]LogTextureFormatManager: Display: Loaded Base TextureFormat: TextureFormatETC2
[2026.08.30-14.03.12:934][  0]LogTextureFormatManager: Display: Loaded Base TextureFormat: TextureFormatIntelISPCTexComp
[2026.08.30-14.03.12:934][  0]LogTextureFormatManager: Display: Loaded Base TextureFormat: TextureFormatUncompressed
[2026.08.30-14.03.12:934][  0]LogTextureFormatOodle: Display: Oodle Texture TFO init; latest sdk version = 2.9.12
[2026.08.30-14.03.12:934][  0]LogTextureFormatOodle: Display: Oodle Texture loading DLL: oo2tex_win64_2.9.12.dll
[2026.08.30-14.03.12:938][  0]LogTextureFormatOodle: Display: Oodle Texture loading DLL: oo2tex_win64_2.9.5.dll
[2026.08.30-14.03.12:941][  0]LogTextureFormatManager: Display: Loaded Base TextureFormat: TextureFormatOodle
[2026.08.30-14.03.13:029][  0]LogTargetPlatformManager: Display: Loaded TargetPlatform 'Windows'
[2026.08.30-14.03.13:029][  0]LogTargetPlatformManager: Display: Loaded TargetPlatform 'WindowsEditor'
[2026.08.30-14.03.13:029][  0]LogTargetPlatformManager: Display: Loaded TargetPlatform 'WindowsServer'
[2026.08.30-14.03.13:029][  0]LogTargetPlatformManager: Display: Loaded TargetPlatform 'WindowsClient'
[2026.08.30-14.03.13:029][  0]LogTargetPlatformManager: Display: Building Assets For WindowsEditor
[2026.08.30-14.03.13:132][  0]LogAudioDebug: Display: Lib vorbis DLL was dynamically loaded.
[2026.08.30-14.03.13:472][  0]LogRendererCore: Ray tracing is disabled. Reason: not supported by current RHI.
[2026.08.30-14.03.13:475][  0]LogDerivedDataCache: Display: Memory: Max Cache Size: -1 MB
[2026.08.30-14.03.13:475][  0]LogDerivedDataCache: FDerivedDataBackendGraph: Pak pak cache file ../../../../../../UE5_My_Project/LyraStarterGame/DerivedDataCache/DDC.ddp not found, will not use a pak cache.
[2026.08.30-14.03.13:475][  0]LogDerivedDataCache: Unable to find inner node Pak for hierarchy Hierarchy.
[2026.08.30-14.03.13:541][  0]LogDerivedDataCache: Display: ../../../../../../UE5_My_Project/LyraStarterGame/DerivedDataCache/Compressed.ddp: Opened pak cache for reading. (2034 MiB)
[2026.08.30-14.03.13:591][  0]LogDerivedDataCache: Display: ../../../Engine/DerivedDataCache/Compressed.ddp: Opened pak cache for reading. (2464 MiB)
[2026.08.30-14.03.13:591][  0]LogDerivedDataCache: FDerivedDataBackendGraph: EnterprisePak pak cache file ../../../Enterprise/DerivedDataCache/Compressed.ddp not found, will not use a pak cache.
[2026.08.30-14.03.13:591][  0]LogDerivedDataCache: Unable to find inner node EnterprisePak for hierarchy Hierarchy.
[2026.08.30-14.03.13:598][  0]LogZenServiceInstance: Found Zen config default=C:/Users/LX/AppData/Local/UnrealEngine/Common/Zen/Data
[2026.08.30-14.03.13:601][  0]LogZenServiceInstance: InTree version at 'D:/UE_Engine/UE_.5.4/UE_5.4/Engine/Binaries/Win64/zenserver.exe' is '5.4.5-202405102234-windows-x64-release-373e58b'
[2026.08.30-14.03.13:604][  0]LogZenServiceInstance: Installed version at 'C:/Users/LX/AppData/Local/UnrealEngine/Common/Zen/Install/zenserver.exe' is '5.7.6-202510061608-windows-x64-release-9a1ebb9'
[2026.08.30-14.03.13:607][  0]LogZenServiceInstance: No current process using the data dir found, launching a new instance
[2026.08.30-14.03.13:607][  0]LogZenServiceInstance: Display: Launching executable 'C:/Users/LX/AppData/Local/UnrealEngine/Common/Zen/Install/zenserver.exe', working dir 'C:/Users/LX/AppData/Local/UnrealEngine/Common/Zen/Install', data dir 'C:/Users/LX/AppData/Local/UnrealEngine/Common/Zen/Data', args '--port 8558 --data-dir "C:\Users\LX\AppData\Local\UnrealEngine\Common\Zen\Data" --http asio --gc-cache-duration-seconds 1209600 --gc-interval-seconds 21600 --gc-low-diskspace-threshold 2147483648 --http-forceloopback --quiet --owner-pid 56856'
[2026.08.30-14.03.14:044][  0]LogZenServiceInstance: Display: Unreal Zen Storage Server HTTP service at [::1]:8558 status: OK!.
[2026.08.30-14.03.14:060][  0]LogDerivedDataCache: Display: ZenLocal: Using ZenServer HTTP service at http://[::1]:8558/ with namespace ue.ddc status: OK!.
[2026.08.30-14.03.14:146][  0]LogDerivedDataCache: C:/Users/LX/AppData/Local/UnrealEngine/Common/DerivedDataCache: Speed tests took 0.08 seconds.
[2026.08.30-14.03.14:146][  0]LogDerivedDataCache: Display: C:/Users/LX/AppData/Local/UnrealEngine/Common/DerivedDataCache: Performance: Latency=0.64ms. RandomReadSpeed=44.09MBs, RandomWriteSpeed=16.87MBs. Assigned SpeedClass 'Local'
[2026.08.30-14.03.14:149][  0]LogDerivedDataCache: Local: Using data cache path C:/Users/LX/AppData/Local/UnrealEngine/Common/DerivedDataCache: DeleteOnly
[2026.08.30-14.03.14:149][  0]LogDerivedDataCache: ZenShared: Disabled because Host is set to 'None'
[2026.08.30-14.03.14:150][  0]LogDerivedDataCache: Unable to find inner node ZenShared for hierarchy Hierarchy.
[2026.08.30-14.03.14:150][  0]LogDerivedDataCache: Shared: Disabled because no path is configured.
[2026.08.30-14.03.14:150][  0]LogDerivedDataCache: Unable to find inner node Shared for hierarchy Hierarchy.
[2026.08.30-14.03.14:150][  0]LogDerivedDataCache: Cloud: Disabled because Host is set to 'None'
[2026.08.30-14.03.14:150][  0]LogDerivedDataCache: Unable to find inner node Cloud for hierarchy Hierarchy.
[2026.08.30-14.03.14:152][  0]LogShaderCompilers: Guid format shader working directory is -6 characters bigger than the processId version (../../../../../../UE5_My_Project/LyraStarterGame/Intermediate/Shaders/WorkingDirectory/56856/).
[2026.08.30-14.03.14:154][  0]LogShaderCompilers: Cleaned the shader compiler working directory 'C:/Users/LX/AppData/Local/Temp/UnrealShaderWorkingDir/0F7559724AD8562FF56BE5BBD69A6BD0/'.
[2026.08.30-14.03.14:154][  0]LogXGEController: Cannot use XGE Controller as Incredibuild is not installed on this machine.
[2026.08.30-14.03.14:154][  0]LogShaderCompilers: Display: Using Local Shader Compiler with 12 workers.
[2026.08.30-14.03.14:175][  0]LogShaderCompilers: Display: Compiling shader autogen file: ../../../../../../UE5_My_Project/LyraStarterGame/Intermediate/ShaderAutogen/PCD3D_SM5/AutogenShaderHeaders.ush
[2026.08.30-14.03.14:177][  0]LogShaderCompilers: Display: Autogen file is unchanged, skipping write.
[2026.08.30-14.03.20:106][  0]LogSlate: Using FreeType 2.10.0
[2026.08.30-14.03.20:109][  0]LogSlate: SlateFontServices - WITH_FREETYPE: 1, WITH_HARFBUZZ: 1
[2026.08.30-14.03.20:136][  0]LogInit: Overriding language with game user settings language configuration option (zh-Hans).
[2026.08.30-14.03.20:136][  0]LogInit: Overriding language with game user settings locale configuration option (zh-Hans).
[2026.08.30-14.03.20:141][  0]LogAssetRegistry: FAssetRegistry took 0.0007 seconds to start up
[2026.08.30-14.03.20:141][  0]LogConfig: Warning: GConfig::Find attempting to access config with non-normalized path ../../../../../../UE5_My_Project/LyraStarterGame/Saved/Config/WindowsEditor/AudioGameplay.ini. Please use FConfigCacheIni::NormalizeConfigIniPath before accessing INI files through ConfigCache.
[2026.08.30-14.03.20:141][  0]LogConfig: Warning: GConfig::Find attempting to access config with non-normalized path ../../../../../../UE5_My_Project/LyraStarterGame/Saved/Config/WindowsEditor/AudioGameplayVolume.ini. Please use FConfigCacheIni::NormalizeConfigIniPath before accessing INI files through ConfigCache.
[2026.08.30-14.03.20:141][  0]LogConfig: Warning: GConfig::Find attempting to access config with non-normalized path ../../../../../../UE5_My_Project/LyraStarterGame/Saved/Config/WindowsEditor/Bridge.ini. Please use FConfigCacheIni::NormalizeConfigIniPath before accessing INI files through ConfigCache.
[2026.08.30-14.03.20:141][  0]LogConfig: Warning: GConfig::Find attempting to access config with non-normalized path ../../../../../../UE5_My_Project/LyraStarterGame/Saved/Config/WindowsEditor/ChaosCloth.ini. Please use FConfigCacheIni::NormalizeConfigIniPath before accessing INI files through ConfigCache.
[2026.08.30-14.03.20:141][  0]LogConfig: Warning: GConfig::Find attempting to access config with non-normalized path ../../../../../../UE5_My_Project/LyraStarterGame/Saved/Config/WindowsEditor/CmdLinkServer.ini. Please use FConfigCacheIni::NormalizeConfigIniPath before accessing INI files through ConfigCache.
[2026.08.30-14.03.20:141][  0]LogConfig: Warning: GConfig::Find attempting to access config with non-normalized path ../../../../../../UE5_My_Project/LyraStarterGame/Saved/Config/WindowsEditor/ChaosVD.ini. Please use FConfigCacheIni::NormalizeConfigIniPath before accessing INI files through ConfigCache.
[2026.08.30-14.03.20:141][  0]LogConfig: Warning: GConfig::Find attempting to access config with non-normalized path ../../../../../../UE5_My_Project/LyraStarterGame/Saved/Config/WindowsEditor/EnhancedInput.ini. Please use FConfigCacheIni::NormalizeConfigIniPath before accessing INI files through ConfigCache.
[2026.08.30-14.03.20:141][  0]LogConfig: Warning: GConfig::Find attempting to access config with non-normalized path ../../../../../../UE5_My_Project/LyraStarterGame/Saved/Config/WindowsEditor/Fab.ini. Please use FConfigCacheIni::NormalizeConfigIniPath before accessing INI files through ConfigCache.
[2026.08.30-14.03.20:141][  0]LogConfig: Warning: GConfig::Find attempting to access config with non-normalized path ../../../../../../UE5_My_Project/LyraStarterGame/Saved/Config/WindowsEditor/FastBuildController.ini. Please use FConfigCacheIni::NormalizeConfigIniPath before accessing INI files through ConfigCache.
[2026.08.30-14.03.20:141][  0]LogConfig: Warning: GConfig::Find attempting to access config with non-normalized path ../../../../../../UE5_My_Project/LyraStarterGame/Saved/Config/WindowsEditor/MeshPainting.ini. Please use FConfigCacheIni::NormalizeConfigIniPath before accessing INI files through ConfigCache.
[2026.08.30-14.03.20:141][  0]LogConfig: Warning: GConfig::Find attempting to access config with non-normalized path ../../../../../../UE5_My_Project/LyraStarterGame/Saved/Config/WindowsEditor/RenderGraphInsights.ini. Please use FConfigCacheIni::NormalizeConfigIniPath before accessing INI files through ConfigCache.
[2026.08.30-14.03.20:141][  0]LogConfig: Warning: GConfig::Find attempting to access config with non-normalized path ../../../../../../UE5_My_Project/LyraStarterGame/Saved/Config/WindowsEditor/TraceUtilities.ini. Please use FConfigCacheIni::NormalizeConfigIniPath before accessing INI files through ConfigCache.
[2026.08.30-14.03.20:142][  0]LogConfig: Warning: GConfig::Find attempting to access config with non-normalized path ../../../../../../UE5_My_Project/LyraStarterGame/Saved/Config/WindowsEditor/WorldMetrics.ini. Please use FConfigCacheIni::NormalizeConfigIniPath before accessing INI files through ConfigCache.
[2026.08.30-14.03.20:142][  0]LogConfig: Warning: GConfig::Find attempting to access config with non-normalized path ../../../../../../UE5_My_Project/LyraStarterGame/Saved/Config/WindowsEditor/XGEController.ini. Please use FConfigCacheIni::NormalizeConfigIniPath before accessing INI files through ConfigCache.
[2026.08.30-14.03.20:142][  0]LogConfig: Warning: GConfig::Find attempting to access config with non-normalized path ../../../../../../UE5_My_Project/LyraStarterGame/Saved/Config/WindowsEditor/AISupport.ini. Please use FConfigCacheIni::NormalizeConfigIniPath before accessing INI files through ConfigCache.
[2026.08.30-14.03.20:142][  0]LogConfig: Warning: GConfig::Find attempting to access config with non-normalized path ../../../../../../UE5_My_Project/LyraStarterGame/Saved/Config/WindowsEditor/EnvironmentQueryEditor.ini. Please use FConfigCacheIni::NormalizeConfigIniPath before accessing INI files through ConfigCache.
[2026.08.30-14.03.20:142][  0]LogConfig: Warning: GConfig::Find attempting to access config with non-normalized path ../../../../../../UE5_My_Project/LyraStarterGame/Saved/Config/WindowsEditor/Niagara.ini. Please use FConfigCacheIni::NormalizeConfigIniPath before accessing INI files through ConfigCache.
[2026.08.30-14.03.20:142][  0]LogConfig: Warning: GConfig::Find attempting to access config with non-normalized path ../../../../../../UE5_My_Project/LyraStarterGame/Saved/Config/WindowsEditor/NiagaraSimCaching.ini. Please use FConfigCacheIni::NormalizeConfigIniPath before accessing INI files through ConfigCache.
[2026.08.30-14.03.20:142][  0]LogConfig: Warning: GConfig::Find attempting to access config with non-normalized path ../../../../../../UE5_My_Project/LyraStarterGame/Saved/Config/WindowsEditor/AlembicImporter.ini. Please use FConfigCacheIni::NormalizeConfigIniPath before accessing INI files through ConfigCache.
[2026.08.30-14.03.20:142][  0]LogConfig: Warning: GConfig::Find attempting to access config with non-normalized path ../../../../../../UE5_My_Project/LyraStarterGame/Saved/Config/WindowsEditor/ACLPlugin.ini. Please use FConfigCacheIni::NormalizeConfigIniPath before accessing INI files through ConfigCache.
[2026.08.30-14.03.20:142][  0]LogConfig: Warning: GConfig::Find attempting to access config with non-normalized path ../../../../../../UE5_My_Project/LyraStarterGame/Saved/Config/WindowsEditor/AnimationData.ini. Please use FConfigCacheIni::NormalizeConfigIniPath before accessing INI files through ConfigCache.
[2026.08.30-14.03.20:142][  0]LogConfig: Warning: GConfig::Find attempting to access config with non-normalized path ../../../../../../UE5_My_Project/LyraStarterGame/Saved/Config/WindowsEditor/AnimationLocomotionLibrary.ini. Please use FConfigCacheIni::NormalizeConfigIniPath before accessing INI files through ConfigCache.
[2026.08.30-14.03.20:142][  0]LogConfig: Warning: GConfig::Find attempting to access config with non-normalized path ../../../../../../UE5_My_Project/LyraStarterGame/Saved/Config/WindowsEditor/AnimationWarping.ini. Please use FConfigCacheIni::NormalizeConfigIniPath before accessing INI files through ConfigCache.
[2026.08.30-14.03.20:142][  0]LogConfig: Warning: GConfig::Find attempting to access config with non-normalized path ../../../../../../UE5_My_Project/LyraStarterGame/Saved/Config/WindowsEditor/ControlRigModules.ini. Please use FConfigCacheIni::NormalizeConfigIniPath before accessing INI files through ConfigCache.
[2026.08.30-14.03.20:142][  0]LogConfig: Warning: GConfig::Find attempting to access config with non-normalized path ../../../../../../UE5_My_Project/LyraStarterGame/Saved/Config/WindowsEditor/BlendSpaceMotionAnalysis.ini. Please use FConfigCacheIni::NormalizeConfigIniPath before accessing INI files through ConfigCache.
[2026.08.30-14.03.20:142][  0]LogConfig: Warning: GConfig::Find attempting to access config with non-normalized path ../../../../../../UE5_My_Project/LyraStarterGame/Saved/Config/WindowsEditor/ControlRig.ini. Please use FConfigCacheIni::NormalizeConfigIniPath before accessing INI files through ConfigCache.
[2026.08.30-14.03.20:142][  0]LogConfig: Warning: GConfig::Find attempting to access config with non-normalized path ../../../../../../UE5_My_Project/LyraStarterGame/Saved/Config/WindowsEditor/GameplayInsights.ini. Please use FConfigCacheIni::NormalizeConfigIniPath before accessing INI files through ConfigCache.
[2026.08.30-14.03.20:142][  0]LogConfig: Warning: GConfig::Find attempting to access config with non-normalized path ../../../../../../UE5_My_Project/LyraStarterGame/Saved/Config/WindowsEditor/AnimationModifierLibrary.ini. Please use FConfigCacheIni::NormalizeConfigIniPath before accessing INI files through ConfigCache.
[2026.08.30-14.03.20:142][  0]LogConfig: Warning: GConfig::Find attempting to access config with non-normalized path ../../../../../../UE5_My_Project/LyraStarterGame/Saved/Config/WindowsEditor/ControlRigSpline.ini. Please use FConfigCacheIni::NormalizeConfigIniPath before accessing INI files through ConfigCache.
[2026.08.30-14.03.20:142][  0]LogConfig: Warning: GConfig::Find attempting to access config with non-normalized path ../../../../../../UE5_My_Project/LyraStarterGame/Saved/Config/WindowsEditor/IKRig.ini. Please use FConfigCacheIni::NormalizeConfigIniPath before accessing INI files through ConfigCache.
[2026.08.30-14.03.20:142][  0]LogConfig: Warning: GConfig::Find attempting to access config with non-normalized path ../../../../../../UE5_My_Project/LyraStarterGame/Saved/Config/WindowsEditor/MotionWarping.ini. Please use FConfigCacheIni::NormalizeConfigIniPath before accessing INI files through ConfigCache.
[2026.08.30-14.03.20:142][  0]LogConfig: Warning: GConfig::Find attempting to access config with non-normalized path ../../../../../../UE5_My_Project/LyraStarterGame/Saved/Config/WindowsEditor/AndroidMedia.ini. Please use FConfigCacheIni::NormalizeConfigIniPath before accessing INI files through ConfigCache.
[2026.08.30-14.03.20:142][  0]LogConfig: Warning: GConfig::Find attempting to access config with non-normalized path ../../../../../../UE5_My_Project/LyraStarterGame/Saved/Config/WindowsEditor/AvfMedia.ini. Please use FConfigCacheIni::NormalizeConfigIniPath before accessing INI files through ConfigCache.
[2026.08.30-14.03.20:142][  0]LogConfig: Warning: GConfig::Find attempting to access config with non-normalized path ../../../../../../UE5_My_Project/LyraStarterGame/Saved/Config/WindowsEditor/ImgMedia.ini. Please use FConfigCacheIni::NormalizeConfigIniPath before accessing INI files through ConfigCache.
[2026.08.30-14.03.20:142][  0]LogConfig: Warning: GConfig::Find attempting to access config with non-normalized path ../../../../../../UE5_My_Project/LyraStarterGame/Saved/Config/WindowsEditor/MediaIOFramework.ini. Please use FConfigCacheIni::NormalizeConfigIniPath before accessing INI files through ConfigCache.
[2026.08.30-14.03.20:142][  0]LogConfig: Warning: GConfig::Find attempting to access config with non-normalized path ../../../../../../UE5_My_Project/LyraStarterGame/Saved/Config/WindowsEditor/MediaCompositing.ini. Please use FConfigCacheIni::NormalizeConfigIniPath before accessing INI files through ConfigCache.
[2026.08.30-14.03.20:142][  0]LogConfig: Warning: GConfig::Find attempting to access config with non-normalized path ../../../../../../UE5_My_Project/LyraStarterGame/Saved/Config/WindowsEditor/MediaPlate.ini. Please use FConfigCacheIni::NormalizeConfigIniPath before accessing INI files through ConfigCache.
[2026.08.30-14.03.20:142][  0]LogConfig: Warning: GConfig::Find attempting to access config with non-normalized path ../../../../../../UE5_My_Project/LyraStarterGame/Saved/Config/WindowsEditor/MediaPlayerEditor.ini. Please use FConfigCacheIni::NormalizeConfigIniPath before accessing INI files through ConfigCache.
[2026.08.30-14.03.20:142][  0]LogConfig: Warning: GConfig::Find attempting to access config with non-normalized path ../../../../../../UE5_My_Project/LyraStarterGame/Saved/Config/WindowsEditor/WebMMedia.ini. Please use FConfigCacheIni::NormalizeConfigIniPath before accessing INI files through ConfigCache.
[2026.08.30-14.03.20:142][  0]LogConfig: Warning: GConfig::Find attempting to access config with non-normalized path ../../../../../../UE5_My_Project/LyraStarterGame/Saved/Config/WindowsEditor/WmfMedia.ini. Please use FConfigCacheIni::NormalizeConfigIniPath before accessing INI files through ConfigCache.
[2026.08.30-14.03.20:142][  0]LogConfig: Warning: GConfig::Find attempting to access config with non-normalized path ../../../../../../UE5_My_Project/LyraStarterGame/Saved/Config/WindowsEditor/CameraShakePreviewer.ini. Please use FConfigCacheIni::NormalizeConfigIniPath before accessing INI files through ConfigCache.
[2026.08.30-14.03.20:142][  0]LogConfig: Warning: GConfig::Find attempting to access config with non-normalized path ../../../../../../UE5_My_Project/LyraStarterGame/Saved/Config/WindowsEditor/GameplayCameras.ini. Please use FConfigCacheIni::NormalizeConfigIniPath before accessing INI files through ConfigCache.
[2026.08.30-14.03.20:142][  0]LogConfig: Warning: GConfig::Find attempting to access config with non-normalized path ../../../../../../UE5_My_Project/LyraStarterGame/Saved/Config/WindowsEditor/ActorSequence.ini. Please use FConfigCacheIni::NormalizeConfigIniPath before accessing INI files through ConfigCache.
[2026.08.30-14.03.20:142][  0]LogConfig: Warning: GConfig::Find attempting to access config with non-normalized path ../../../../../../UE5_My_Project/LyraStarterGame/Saved/Config/WindowsEditor/LevelSequenceEditor.ini. Please use FConfigCacheIni::NormalizeConfigIniPath before accessing INI files through ConfigCache.
[2026.08.30-14.03.20:142][  0]LogConfig: Warning: GConfig::Find attempting to access config with non-normalized path ../../../../../../UE5_My_Project/LyraStarterGame/Saved/Config/WindowsEditor/MoviePipelineMaskRenderPass.ini. Please use FConfigCacheIni::NormalizeConfigIniPath before accessing INI files through ConfigCache.
[2026.08.30-14.03.20:142][  0]LogConfig: Warning: GConfig::Find attempting to access config with non-normalized path ../../../../../../UE5_My_Project/LyraStarterGame/Saved/Config/WindowsEditor/MovieRenderPipeline.ini. Please use FConfigCacheIni::NormalizeConfigIniPath before accessing INI files through ConfigCache.
[2026.08.30-14.03.20:142][  0]LogConfig: Warning: GConfig::Find attempting to access config with non-normalized path ../../../../../../UE5_My_Project/LyraStarterGame/Saved/Config/WindowsEditor/SequencerScripting.ini. Please use FConfigCacheIni::NormalizeConfigIniPath before accessing INI files through ConfigCache.
[2026.08.30-14.03.20:142][  0]LogConfig: Warning: GConfig::Find attempting to access config with non-normalized path ../../../../../../UE5_My_Project/LyraStarterGame/Saved/Config/WindowsEditor/TemplateSequence.ini. Please use FConfigCacheIni::NormalizeConfigIniPath before accessing INI files through ConfigCache.
[2026.08.30-14.03.20:142][  0]LogConfig: Warning: GConfig::Find attempting to access config with non-normalized path ../../../../../../UE5_My_Project/LyraStarterGame/Saved/Config/WindowsEditor/UdpMessaging.ini. Please use FConfigCacheIni::NormalizeConfigIniPath before accessing INI files through ConfigCache.
[2026.08.30-14.03.20:143][  0]LogConfig: Warning: GConfig::Find attempting to access config with non-normalized path ../../../../../../UE5_My_Project/LyraStarterGame/Saved/Config/WindowsEditor/TcpMessaging.ini. Please use FConfigCacheIni::NormalizeConfigIniPath before accessing INI files through ConfigCache.
[2026.08.30-14.03.20:143][  0]LogConfig: Warning: GConfig::Find attempting to access config with non-normalized path ../../../../../../UE5_My_Project/LyraStarterGame/Saved/Config/WindowsEditor/OodleNetwork.ini. Please use FConfigCacheIni::NormalizeConfigIniPath before accessing INI files through ConfigCache.
[2026.08.30-14.03.20:143][  0]LogConfig: Warning: GConfig::Find attempting to access config with non-normalized path ../../../../../../UE5_My_Project/LyraStarterGame/Saved/Config/WindowsEditor/Takes.ini. Please use FConfigCacheIni::NormalizeConfigIniPath before accessing INI files through ConfigCache.
[2026.08.30-14.03.20:143][  0]LogConfig: Warning: GConfig::Find attempting to access config with non-normalized path ../../../../../../UE5_My_Project/LyraStarterGame/Saved/Config/WindowsEditor/OpenColorIO.ini. Please use FConfigCacheIni::NormalizeConfigIniPath before accessing INI files through ConfigCache.
[2026.08.30-14.03.20:143][  0]LogConfig: Warning: GConfig::Find attempting to access config with non-normalized path ../../../../../../UE5_My_Project/LyraStarterGame/Saved/Config/WindowsEditor/AnimationSharing.ini. Please use FConfigCacheIni::NormalizeConfigIniPath before accessing INI files through ConfigCache.
[2026.08.30-14.03.20:143][  0]LogConfig: Warning: GConfig::Find attempting to access config with non-normalized path ../../../../../../UE5_My_Project/LyraStarterGame/Saved/Config/WindowsEditor/CLionSourceCodeAccess.ini. Please use FConfigCacheIni::NormalizeConfigIniPath before accessing INI files through ConfigCache.
[2026.08.30-14.03.20:143][  0]LogConfig: Warning: GConfig::Find attempting to access config with non-normalized path ../../../../../../UE5_My_Project/LyraStarterGame/Saved/Config/WindowsEditor/CodeLiteSourceCodeAccess.ini. Please use FConfigCacheIni::NormalizeConfigIniPath before accessing INI files through ConfigCache.
[2026.08.30-14.03.20:143][  0]LogConfig: Warning: GConfig::Find attempting to access config with non-normalized path ../../../../../../UE5_My_Project/LyraStarterGame/Saved/Config/WindowsEditor/DumpGPUServices.ini. Please use FConfigCacheIni::NormalizeConfigIniPath before accessing INI files through ConfigCache.
[2026.08.30-14.03.20:143][  0]LogConfig: Warning: GConfig::Find attempting to access config with non-normalized path ../../../../../../UE5_My_Project/LyraStarterGame/Saved/Config/WindowsEditor/GitSourceControl.ini. Please use FConfigCacheIni::NormalizeConfigIniPath before accessing INI files through ConfigCache.
[2026.08.30-14.03.20:143][  0]LogConfig: Warning: GConfig::Find attempting to access config with non-normalized path ../../../../../../UE5_My_Project/LyraStarterGame/Saved/Config/WindowsEditor/KDevelopSourceCodeAccess.ini. Please use FConfigCacheIni::NormalizeConfigIniPath before accessing INI files through ConfigCache.
[2026.08.30-14.03.20:143][  0]LogConfig: Warning: GConfig::Find attempting to access config with non-normalized path ../../../../../../UE5_My_Project/LyraStarterGame/Saved/Config/WindowsEditor/NullSourceCodeAccess.ini. Please use FConfigCacheIni::NormalizeConfigIniPath before accessing INI files through ConfigCache.
[2026.08.30-14.03.20:143][  0]LogConfig: Warning: GConfig::Find attempting to access config with non-normalized path ../../../../../../UE5_My_Project/LyraStarterGame/Saved/Config/WindowsEditor/N10XSourceCodeAccess.ini. Please use FConfigCacheIni::NormalizeConfigIniPath before accessing INI files through ConfigCache.
[2026.08.30-14.03.20:143][  0]LogConfig: Warning: GConfig::Find attempting to access config with non-normalized path ../../../../../../UE5_My_Project/LyraStarterGame/Saved/Config/WindowsEditor/PerforceSourceControl.ini. Please use FConfigCacheIni::NormalizeConfigIniPath before accessing INI files through ConfigCache.
[2026.08.30-14.03.20:143][  0]LogConfig: Warning: GConfig::Find attempting to access config with non-normalized path ../../../../../../UE5_My_Project/LyraStarterGame/Saved/Config/WindowsEditor/PixWinPlugin.ini. Please use FConfigCacheIni::NormalizeConfigIniPath before accessing INI files through ConfigCache.
[2026.08.30-14.03.20:143][  0]LogConfig: Warning: GConfig::Find attempting to access config with non-normalized path ../../../../../../UE5_My_Project/LyraStarterGame/Saved/Config/WindowsEditor/PlasticSourceControl.ini. Please use FConfigCacheIni::NormalizeConfigIniPath before accessing INI files through ConfigCache.
[2026.08.30-14.03.20:143][  0]LogConfig: Warning: GConfig::Find attempting to access config with non-normalized path ../../../../../../UE5_My_Project/LyraStarterGame/Saved/Config/WindowsEditor/EOSOverlayInputProvider.ini. Please use FConfigCacheIni::NormalizeConfigIniPath before accessing INI files through ConfigCache.
[2026.08.30-14.03.20:143][  0]LogConfig: Warning: GConfig::Find attempting to access config with non-normalized path ../../../../../../UE5_My_Project/LyraStarterGame/Saved/Config/WindowsEditor/PluginUtils.ini. Please use FConfigCacheIni::NormalizeConfigIniPath before accessing INI files through ConfigCache.
[2026.08.30-14.03.20:143][  0]LogConfig: Warning: GConfig::Find attempting to access config with non-normalized path ../../../../../../UE5_My_Project/LyraStarterGame/Saved/Config/WindowsEditor/PropertyAccessNode.ini. Please use FConfigCacheIni::NormalizeConfigIniPath before accessing INI files through ConfigCache.
[2026.08.30-14.03.20:143][  0]LogConfig: Warning: GConfig::Find attempting to access config with non-normalized path ../../../../../../UE5_My_Project/LyraStarterGame/Saved/Config/WindowsEditor/RiderSourceCodeAccess.ini. Please use FConfigCacheIni::NormalizeConfigIniPath before accessing INI files through ConfigCache.
[2026.08.30-14.03.20:143][  0]LogConfig: Warning: GConfig::Find attempting to access config with non-normalized path ../../../../../../UE5_My_Project/LyraStarterGame/Saved/Config/WindowsEditor/SubversionSourceControl.ini. Please use FConfigCacheIni::NormalizeConfigIniPath before accessing INI files through ConfigCache.
[2026.08.30-14.03.20:143][  0]LogConfig: Warning: GConfig::Find attempting to access config with non-normalized path ../../../../../../UE5_My_Project/LyraStarterGame/Saved/Config/WindowsEditor/RenderDocPlugin.ini. Please use FConfigCacheIni::NormalizeConfigIniPath before accessing INI files through ConfigCache.
[2026.08.30-14.03.20:144][  0]LogConfig: Warning: GConfig::Find attempting to access config with non-normalized path ../../../../../../UE5_My_Project/LyraStarterGame/Saved/Config/WindowsEditor/TextureFormatOodle.ini. Please use FConfigCacheIni::NormalizeConfigIniPath before accessing INI files through ConfigCache.
[2026.08.30-14.03.20:144][  0]LogConfig: Warning: GConfig::Find attempting to access config with non-normalized path ../../../../../../UE5_My_Project/LyraStarterGame/Saved/Config/WindowsEditor/TraceDataFilters.ini. Please use FConfigCacheIni::NormalizeConfigIniPath before accessing INI files through ConfigCache.
[2026.08.30-14.03.20:144][  0]LogConfig: Warning: GConfig::Find attempting to access config with non-normalized path ../../../../../../UE5_My_Project/LyraStarterGame/Saved/Config/WindowsEditor/UObjectPlugin.ini. Please use FConfigCacheIni::NormalizeConfigIniPath before accessing INI files through ConfigCache.
[2026.08.30-14.03.20:144][  0]LogConfig: Warning: GConfig::Find attempting to access config with non-normalized path ../../../../../../UE5_My_Project/LyraStarterGame/Saved/Config/WindowsEditor/VisualStudioCodeSourceCodeAccess.ini. Please use FConfigCacheIni::NormalizeConfigIniPath before accessing INI files through ConfigCache.
[2026.08.30-14.03.20:144][  0]LogConfig: Warning: GConfig::Find attempting to access config with non-normalized path ../../../../../../UE5_My_Project/LyraStarterGame/Saved/Config/WindowsEditor/VisualStudioSourceCodeAccess.ini. Please use FConfigCacheIni::NormalizeConfigIniPath before accessing INI files through ConfigCache.
[2026.08.30-14.03.20:144][  0]LogConfig: Warning: GConfig::Find attempting to access config with non-normalized path ../../../../../../UE5_My_Project/LyraStarterGame/Saved/Config/WindowsEditor/XCodeSourceCodeAccess.ini. Please use FConfigCacheIni::NormalizeConfigIniPath before accessing INI files through ConfigCache.
[2026.08.30-14.03.20:144][  0]LogConfig: Warning: GConfig::Find attempting to access config with non-normalized path ../../../../../../UE5_My_Project/LyraStarterGame/Saved/Config/WindowsEditor/EOSShared.ini. Please use FConfigCacheIni::NormalizeConfigIniPath before accessing INI files through ConfigCache.
[2026.08.30-14.03.20:144][  0]LogConfig: Warning: GConfig::Find attempting to access config with non-normalized path ../../../../../../UE5_My_Project/LyraStarterGame/Saved/Config/WindowsEditor/AssetManagerEditor.ini. Please use FConfigCacheIni::NormalizeConfigIniPath before accessing INI files through ConfigCache.
[2026.08.30-14.03.20:144][  0]LogConfig: Warning: GConfig::Find attempting to access config with non-normalized path ../../../../../../UE5_My_Project/LyraStarterGame/Saved/Config/WindowsEditor/AssetReferenceRestrictions.ini. Please use FConfigCacheIni::NormalizeConfigIniPath before accessing INI files through ConfigCache.
[2026.08.30-14.03.20:144][  0]LogConfig: Warning: GConfig::Find attempting to access config with non-normalized path ../../../../../../UE5_My_Project/LyraStarterGame/Saved/Config/WindowsEditor/OnlineBase.ini. Please use FConfigCacheIni::NormalizeConfigIniPath before accessing INI files through ConfigCache.
[2026.08.30-14.03.20:144][  0]LogConfig: Warning: GConfig::Find attempting to access config with non-normalized path ../../../../../../UE5_My_Project/LyraStarterGame/Saved/Config/WindowsEditor/AssetSearch.ini. Please use FConfigCacheIni::NormalizeConfigIniPath before accessing INI files through ConfigCache.
[2026.08.30-14.03.20:144][  0]LogConfig: Warning: GConfig::Find attempting to access config with non-normalized path ../../../../../../UE5_My_Project/LyraStarterGame/Saved/Config/WindowsEditor/OnlineFramework.ini. Please use FConfigCacheIni::NormalizeConfigIniPath before accessing INI files through ConfigCache.
[2026.08.30-14.03.20:144][  0]LogConfig: Warning: GConfig::Find attempting to access config with non-normalized path ../../../../../../UE5_My_Project/LyraStarterGame/Saved/Config/WindowsEditor/BlueprintHeaderView.ini. Please use FConfigCacheIni::NormalizeConfigIniPath before accessing INI files through ConfigCache.
[2026.08.30-14.03.20:144][  0]LogConfig: Warning: GConfig::Find attempting to access config with non-normalized path ../../../../../../UE5_My_Project/LyraStarterGame/Saved/Config/WindowsEditor/OnlineServices.ini. Please use FConfigCacheIni::NormalizeConfigIniPath before accessing INI files through ConfigCache.
[2026.08.30-14.03.20:144][  0]LogConfig: Warning: GConfig::Find attempting to access config with non-normalized path ../../../../../../UE5_My_Project/LyraStarterGame/Saved/Config/WindowsEditor/OnlineServicesEOS.ini. Please use FConfigCacheIni::NormalizeConfigIniPath before accessing INI files through ConfigCache.
[2026.08.30-14.03.20:144][  0]LogConfig: Warning: GConfig::Find attempting to access config with non-normalized path ../../../../../../UE5_My_Project/LyraStarterGame/Saved/Config/WindowsEditor/BlueprintMaterialTextureNodes.ini. Please use FConfigCacheIni::NormalizeConfigIniPath before accessing INI files through ConfigCache.
[2026.08.30-14.03.20:145][  0]LogConfig: Warning: GConfig::Find attempting to access config with non-normalized path ../../../../../../UE5_My_Project/LyraStarterGame/Saved/Config/WindowsEditor/OnlineServicesEOSGS.ini. Please use FConfigCacheIni::NormalizeConfigIniPath before accessing INI files through ConfigCache.
[2026.08.30-14.03.20:145][  0]LogConfig: Warning: GConfig::Find attempting to access config with non-normalized path ../../../../../../UE5_My_Project/LyraStarterGame/Saved/Config/WindowsEditor/OnlineServicesNull.ini. Please use FConfigCacheIni::NormalizeConfigIniPath before accessing INI files through ConfigCache.
[2026.08.30-14.03.20:145][  0]LogConfig: Warning: GConfig::Find attempting to access config with non-normalized path ../../../../../../UE5_My_Project/LyraStarterGame/Saved/Config/WindowsEditor/OnlineServicesOSSAdapter.ini. Please use FConfigCacheIni::NormalizeConfigIniPath before accessing INI files through ConfigCache.
[2026.08.30-14.03.20:145][  0]LogConfig: Warning: GConfig::Find attempting to access config with non-normalized path ../../../../../../UE5_My_Project/LyraStarterGame/Saved/Config/WindowsEditor/ChangelistReview.ini. Please use FConfigCacheIni::NormalizeConfigIniPath before accessing INI files through ConfigCache.
[2026.08.30-14.03.20:145][  0]LogConfig: Warning: GConfig::Find attempting to access config with non-normalized path ../../../../../../UE5_My_Project/LyraStarterGame/Saved/Config/WindowsEditor/OnlineSubsystem.ini. Please use FConfigCacheIni::NormalizeConfigIniPath before accessing INI files through ConfigCache.
[2026.08.30-14.03.20:145][  0]LogConfig: Warning: GConfig::Find attempting to access config with non-normalized path ../../../../../../UE5_My_Project/LyraStarterGame/Saved/Config/WindowsEditor/OnlineSubsystemNull.ini. Please use FConfigCacheIni::NormalizeConfigIniPath before accessing INI files through ConfigCache.
[2026.08.30-14.03.20:145][  0]LogConfig: Warning: GConfig::Find attempting to access config with non-normalized path ../../../../../../UE5_My_Project/LyraStarterGame/Saved/Config/WindowsEditor/OnlineSubsystemEOS.ini. Please use FConfigCacheIni::NormalizeConfigIniPath before accessing INI files through ConfigCache.
[2026.08.30-14.03.20:145][  0]LogConfig: Warning: GConfig::Find attempting to access config with non-normalized path ../../../../../../UE5_My_Project/LyraStarterGame/Saved/Config/WindowsEditor/OnlineSubsystemSteam.ini. Please use FConfigCacheIni::NormalizeConfigIniPath before accessing INI files through ConfigCache.
[2026.08.30-14.03.20:145][  0]LogConfig: Warning: GConfig::Find attempting to access config with non-normalized path ../../../../../../UE5_My_Project/LyraStarterGame/Saved/Config/WindowsEditor/SocketSubsystemEOS.ini. Please use FConfigCacheIni::NormalizeConfigIniPath before accessing INI files through ConfigCache.
[2026.08.30-14.03.20:145][  0]LogConfig: Warning: GConfig::Find attempting to access config with non-normalized path ../../../../../../UE5_My_Project/LyraStarterGame/Saved/Config/WindowsEditor/OnlineSubsystemUtils.ini. Please use FConfigCacheIni::NormalizeConfigIniPath before accessing INI files through ConfigCache.
[2026.08.30-14.03.20:145][  0]LogConfig: Warning: GConfig::Find attempting to access config with non-normalized path ../../../../../../UE5_My_Project/LyraStarterGame/Saved/Config/WindowsEditor/ConsoleVariables.ini. Please use FConfigCacheIni::NormalizeConfigIniPath before accessing INI files through ConfigCache.
[2026.08.30-14.03.20:145][  0]LogConfig: Warning: GConfig::Find attempting to access config with non-normalized path ../../../../../../UE5_My_Project/LyraStarterGame/Saved/Config/WindowsEditor/CryptoKeys.ini. Please use FConfigCacheIni::NormalizeConfigIniPath before accessing INI files through ConfigCache.
[2026.08.30-14.03.20:145][  0]LogConfig: Warning: GConfig::Find attempting to access config with non-normalized path ../../../../../../UE5_My_Project/LyraStarterGame/Saved/Config/WindowsEditor/CurveEditorTools.ini. Please use FConfigCacheIni::NormalizeConfigIniPath before accessing INI files through ConfigCache.
[2026.08.30-14.03.20:145][  0]LogConfig: Warning: GConfig::Find attempting to access config with non-normalized path ../../../../../../UE5_My_Project/LyraStarterGame/Saved/Config/WindowsEditor/DataValidation.ini. Please use FConfigCacheIni::NormalizeConfigIniPath before accessing INI files through ConfigCache.
[2026.08.30-14.03.20:145][  0]LogConfig: Warning: GConfig::Find attempting to access config with non-normalized path ../../../../../../UE5_My_Project/LyraStarterGame/Saved/Config/WindowsEditor/EditorDebugTools.ini. Please use FConfigCacheIni::NormalizeConfigIniPath before accessing INI files through ConfigCache.
[2026.08.30-14.03.20:145][  0]LogConfig: Warning: GConfig::Find attempting to access config with non-normalized path ../../../../../../UE5_My_Project/LyraStarterGame/Saved/Config/WindowsEditor/EditorScriptingUtilities.ini. Please use FConfigCacheIni::NormalizeConfigIniPath before accessing INI files through ConfigCache.
[2026.08.30-14.03.20:145][  0]LogConfig: Warning: GConfig::Find attempting to access config with non-normalized path ../../../../../../UE5_My_Project/LyraStarterGame/Saved/Config/WindowsEditor/EngineAssetDefinitions.ini. Please use FConfigCacheIni::NormalizeConfigIniPath before accessing INI files through ConfigCache.
[2026.08.30-14.03.20:145][  0]LogConfig: Warning: GConfig::Find attempting to access config with non-normalized path ../../../../../../UE5_My_Project/LyraStarterGame/Saved/Config/WindowsEditor/FacialAnimation.ini. Please use FConfigCacheIni::NormalizeConfigIniPath before accessing INI files through ConfigCache.
[2026.08.30-14.03.20:145][  0]LogConfig: Warning: GConfig::Find attempting to access config with non-normalized path ../../../../../../UE5_My_Project/LyraStarterGame/Saved/Config/WindowsEditor/GameplayTagsEditor.ini. Please use FConfigCacheIni::NormalizeConfigIniPath before accessing INI files through ConfigCache.
[2026.08.30-14.03.20:145][  0]LogConfig: Warning: GConfig::Find attempting to access config with non-normalized path ../../../../../../UE5_My_Project/LyraStarterGame/Saved/Config/WindowsEditor/GeometryMode.ini. Please use FConfigCacheIni::NormalizeConfigIniPath before accessing INI files through ConfigCache.
[2026.08.30-14.03.20:146][  0]LogConfig: Warning: GConfig::Find attempting to access config with non-normalized path ../../../../../../UE5_My_Project/LyraStarterGame/Saved/Config/WindowsEditor/MacGraphicsSwitching.ini. Please use FConfigCacheIni::NormalizeConfigIniPath before accessing INI files through ConfigCache.
[2026.08.30-14.03.20:146][  0]LogConfig: Warning: GConfig::Find attempting to access config with non-normalized path ../../../../../../UE5_My_Project/LyraStarterGame/Saved/Config/WindowsEditor/LauncherChunkInstaller.ini. Please use FConfigCacheIni::NormalizeConfigIniPath before accessing INI files through ConfigCache.
[2026.08.30-14.03.20:146][  0]LogConfig: Warning: GConfig::Find attempting to access config with non-normalized path ../../../../../../UE5_My_Project/LyraStarterGame/Saved/Config/WindowsEditor/MaterialAnalyzer.ini. Please use FConfigCacheIni::NormalizeConfigIniPath before accessing INI files through ConfigCache.
[2026.08.30-14.03.20:146][  0]LogConfig: Warning: GConfig::Find attempting to access config with non-normalized path ../../../../../../UE5_My_Project/LyraStarterGame/Saved/Config/WindowsEditor/MobileLauncherProfileWizard.ini. Please use FConfigCacheIni::NormalizeConfigIniPath before accessing INI files through ConfigCache.
[2026.08.30-14.03.20:146][  0]LogConfig: Warning: GConfig::Find attempting to access config with non-normalized path ../../../../../../UE5_My_Project/LyraStarterGame/Saved/Config/WindowsEditor/ModelingToolsEditorMode.ini. Please use FConfigCacheIni::NormalizeConfigIniPath before accessing INI files through ConfigCache.
[2026.08.30-14.03.20:146][  0]LogConfig: Warning: GConfig::Find attempting to access config with non-normalized path ../../../../../../UE5_My_Project/LyraStarterGame/Saved/Config/WindowsEditor/MeshLODToolset.ini. Please use FConfigCacheIni::NormalizeConfigIniPath before accessing INI files through ConfigCache.
[2026.08.30-14.03.20:146][  0]LogConfig: Warning: GConfig::Find attempting to access config with non-normalized path ../../../../../../UE5_My_Project/LyraStarterGame/Saved/Config/WindowsEditor/PluginBrowser.ini. Please use FConfigCacheIni::NormalizeConfigIniPath before accessing INI files through ConfigCache.
[2026.08.30-14.03.20:146][  0]LogConfig: Warning: GConfig::Find attempting to access config with non-normalized path ../../../../../../UE5_My_Project/LyraStarterGame/Saved/Config/WindowsEditor/ProxyLODPlugin.ini. Please use FConfigCacheIni::NormalizeConfigIniPath before accessing INI files through ConfigCache.
[2026.08.30-14.03.20:146][  0]LogConfig: Warning: GConfig::Find attempting to access config with non-normalized path ../../../../../../UE5_My_Project/LyraStarterGame/Saved/Config/WindowsEditor/ActorPalette.ini. Please use FConfigCacheIni::NormalizeConfigIniPath before accessing INI files through ConfigCache.
[2026.08.30-14.03.20:146][  0]LogConfig: Warning: GConfig::Find attempting to access config with non-normalized path ../../../../../../UE5_My_Project/LyraStarterGame/Saved/Config/WindowsEditor/SequencerAnimTools.ini. Please use FConfigCacheIni::NormalizeConfigIniPath before accessing INI files through ConfigCache.
[2026.08.30-14.03.20:146][  0]LogConfig: Warning: GConfig::Find attempting to access config with non-normalized path ../../../../../../UE5_My_Project/LyraStarterGame/Saved/Config/WindowsEditor/SpeedTreeImporter.ini. Please use FConfigCacheIni::NormalizeConfigIniPath before accessing INI files through ConfigCache.
[2026.08.30-14.03.20:146][  0]LogConfig: Warning: GConfig::Find attempting to access config with non-normalized path ../../../../../../UE5_My_Project/LyraStarterGame/Saved/Config/WindowsEditor/DatasmithContent.ini. Please use FConfigCacheIni::NormalizeConfigIniPath before accessing INI files through ConfigCache.
[2026.08.30-14.03.20:146][  0]LogConfig: Warning: GConfig::Find attempting to access config with non-normalized path ../../../../../../UE5_My_Project/LyraStarterGame/Saved/Config/WindowsEditor/UVEditor.ini. Please use FConfigCacheIni::NormalizeConfigIniPath before accessing INI files through ConfigCache.
[2026.08.30-14.03.20:146][  0]LogConfig: Warning: GConfig::Find attempting to access config with non-normalized path ../../../../../../UE5_My_Project/LyraStarterGame/Saved/Config/WindowsEditor/WorldPartitionHLODUtilities.ini. Please use FConfigCacheIni::NormalizeConfigIniPath before accessing INI files through ConfigCache.
[2026.08.30-14.03.20:146][  0]LogConfig: Warning: GConfig::Find attempting to access config with non-normalized path ../../../../../../UE5_My_Project/LyraStarterGame/Saved/Config/WindowsEditor/GLTFExporter.ini. Please use FConfigCacheIni::NormalizeConfigIniPath before accessing INI files through ConfigCache.
[2026.08.30-14.03.20:146][  0]LogConfig: Warning: GConfig::Find attempting to access config with non-normalized path ../../../../../../UE5_My_Project/LyraStarterGame/Saved/Config/WindowsEditor/VariantManagerContent.ini. Please use FConfigCacheIni::NormalizeConfigIniPath before accessing INI files through ConfigCache.
[2026.08.30-14.03.20:146][  0]LogConfig: Warning: GConfig::Find attempting to access config with non-normalized path ../../../../../../UE5_My_Project/LyraStarterGame/Saved/Config/WindowsEditor/VariantManager.ini. Please use FConfigCacheIni::NormalizeConfigIniPath before accessing INI files through ConfigCache.
[2026.08.30-14.03.20:146][  0]LogConfig: Warning: GConfig::Find attempting to access config with non-normalized path ../../../../../../UE5_My_Project/LyraStarterGame/Saved/Config/WindowsEditor/AutomationUtils.ini. Please use FConfigCacheIni::NormalizeConfigIniPath before accessing INI files through ConfigCache.
[2026.08.30-14.03.20:146][  0]LogConfig: Warning: GConfig::Find attempting to access config with non-normalized path ../../../../../../UE5_My_Project/LyraStarterGame/Saved/Config/WindowsEditor/BackChannel.ini. Please use FConfigCacheIni::NormalizeConfigIniPath before accessing INI files through ConfigCache.
[2026.08.30-14.03.20:146][  0]LogConfig: Warning: GConfig::Find attempting to access config with non-normalized path ../../../../../../UE5_My_Project/LyraStarterGame/Saved/Config/WindowsEditor/ChaosCaching.ini. Please use FConfigCacheIni::NormalizeConfigIniPath before accessing INI files through ConfigCache.
[2026.08.30-14.03.20:146][  0]LogConfig: Warning: GConfig::Find attempting to access config with non-normalized path ../../../../../../UE5_My_Project/LyraStarterGame/Saved/Config/WindowsEditor/ChaosEditor.ini. Please use FConfigCacheIni::NormalizeConfigIniPath before accessing INI files through ConfigCache.
[2026.08.30-14.03.20:146][  0]LogConfig: Warning: GConfig::Find attempting to access config with non-normalized path ../../../../../../UE5_My_Project/LyraStarterGame/Saved/Config/WindowsEditor/ChaosSolverPlugin.ini. Please use FConfigCacheIni::NormalizeConfigIniPath before accessing INI files through ConfigCache.
[2026.08.30-14.03.20:146][  0]LogConfig: Warning: GConfig::Find attempting to access config with non-normalized path ../../../../../../UE5_My_Project/LyraStarterGame/Saved/Config/WindowsEditor/ChaosNiagara.ini. Please use FConfigCacheIni::NormalizeConfigIniPath before accessing INI files through ConfigCache.
[2026.08.30-14.03.20:146][  0]LogConfig: Warning: GConfig::Find attempting to access config with non-normalized path ../../../../../../UE5_My_Project/LyraStarterGame/Saved/Config/WindowsEditor/ChaosUserDataPT.ini. Please use FConfigCacheIni::NormalizeConfigIniPath before accessing INI files through ConfigCache.
[2026.08.30-14.03.20:146][  0]LogConfig: Warning: GConfig::Find attempting to access config with non-normalized path ../../../../../../UE5_My_Project/LyraStarterGame/Saved/Config/WindowsEditor/CharacterAI.ini. Please use FConfigCacheIni::NormalizeConfigIniPath before accessing INI files through ConfigCache.
[2026.08.30-14.03.20:146][  0]LogConfig: Warning: GConfig::Find attempting to access config with non-normalized path ../../../../../../UE5_My_Project/LyraStarterGame/Saved/Config/WindowsEditor/CommonConversation.ini. Please use FConfigCacheIni::NormalizeConfigIniPath before accessing INI files through ConfigCache.
[2026.08.30-14.03.20:146][  0]LogConfig: Warning: GConfig::Find attempting to access config with non-normalized path ../../../../../../UE5_My_Project/LyraStarterGame/Saved/Config/WindowsEditor/ControlFlows.ini. Please use FConfigCacheIni::NormalizeConfigIniPath before accessing INI files through ConfigCache.
[2026.08.30-14.03.20:146][  0]LogConfig: Warning: GConfig::Find attempting to access config with non-normalized path ../../../../../../UE5_My_Project/LyraStarterGame/Saved/Config/WindowsEditor/Dataflow.ini. Please use FConfigCacheIni::NormalizeConfigIniPath before accessing INI files through ConfigCache.
[2026.08.30-14.03.20:146][  0]LogConfig: Warning: GConfig::Find attempting to access config with non-normalized path ../../../../../../UE5_My_Project/LyraStarterGame/Saved/Config/WindowsEditor/Fracture.ini. Please use FConfigCacheIni::NormalizeConfigIniPath before accessing INI files through ConfigCache.
[2026.08.30-14.03.20:146][  0]LogConfig: Warning: GConfig::Find attempting to access config with non-normalized path ../../../../../../UE5_My_Project/LyraStarterGame/Saved/Config/WindowsEditor/FullBodyIK.ini. Please use FConfigCacheIni::NormalizeConfigIniPath before accessing INI files through ConfigCache.
[2026.08.30-14.03.20:146][  0]LogConfig: Warning: GConfig::Find attempting to access config with non-normalized path ../../../../../../UE5_My_Project/LyraStarterGame/Saved/Config/WindowsEditor/GameplayBehaviors.ini. Please use FConfigCacheIni::NormalizeConfigIniPath before accessing INI files through ConfigCache.
[2026.08.30-14.03.20:147][  0]LogConfig: Warning: GConfig::Find attempting to access config with non-normalized path ../../../../../../UE5_My_Project/LyraStarterGame/Saved/Config/WindowsEditor/TargetingSystem.ini. Please use FConfigCacheIni::NormalizeConfigIniPath before accessing INI files through ConfigCache.
[2026.08.30-14.03.20:147][  0]LogConfig: Warning: GConfig::Find attempting to access config with non-normalized path ../../../../../../UE5_My_Project/LyraStarterGame/Saved/Config/WindowsEditor/Gauntlet.ini. Please use FConfigCacheIni::NormalizeConfigIniPath before accessing INI files through ConfigCache.
[2026.08.30-14.03.20:147][  0]LogConfig: Warning: GConfig::Find attempting to access config with non-normalized path ../../../../../../UE5_My_Project/LyraStarterGame/Saved/Config/WindowsEditor/GeometryCollectionPlugin.ini. Please use FConfigCacheIni::NormalizeConfigIniPath before accessing INI files through ConfigCache.
[2026.08.30-14.03.20:147][  0]LogConfig: Warning: GConfig::Find attempting to access config with non-normalized path ../../../../../../UE5_My_Project/LyraStarterGame/Saved/Config/WindowsEditor/GeometryFlow.ini. Please use FConfigCacheIni::NormalizeConfigIniPath before accessing INI files through ConfigCache.
[2026.08.30-14.03.20:147][  0]LogConfig: Warning: GConfig::Find attempting to access config with non-normalized path ../../../../../../UE5_My_Project/LyraStarterGame/Saved/Config/WindowsEditor/Landmass.ini. Please use FConfigCacheIni::NormalizeConfigIniPath before accessing INI files through ConfigCache.
[2026.08.30-14.03.20:147][  0]LogConfig: Warning: GConfig::Find attempting to access config with non-normalized path ../../../../../../UE5_My_Project/LyraStarterGame/Saved/Config/WindowsEditor/LocalizableMessage.ini. Please use FConfigCacheIni::NormalizeConfigIniPath before accessing INI files through ConfigCache.
[2026.08.30-14.03.20:147][  0]LogConfig: Warning: GConfig::Find attempting to access config with non-normalized path ../../../../../../UE5_My_Project/LyraStarterGame/Saved/Config/WindowsEditor/MeshModelingToolsetExp.ini. Please use FConfigCacheIni::NormalizeConfigIniPath before accessing INI files through ConfigCache.
[2026.08.30-14.03.20:147][  0]LogConfig: Warning: GConfig::Find attempting to access config with non-normalized path ../../../../../../UE5_My_Project/LyraStarterGame/Saved/Config/WindowsEditor/OpenImageDenoise.ini. Please use FConfigCacheIni::NormalizeConfigIniPath before accessing INI files through ConfigCache.
[2026.08.30-14.03.20:147][  0]LogConfig: Warning: GConfig::Find attempting to access config with non-normalized path ../../../../../../UE5_My_Project/LyraStarterGame/Saved/Config/WindowsEditor/PlanarCut.ini. Please use FConfigCacheIni::NormalizeConfigIniPath before accessing INI files through ConfigCache.
[2026.08.30-14.03.20:147][  0]LogConfig: Warning: GConfig::Find attempting to access config with non-normalized path ../../../../../../UE5_My_Project/LyraStarterGame/Saved/Config/WindowsEditor/PlatformCrypto.ini. Please use FConfigCacheIni::NormalizeConfigIniPath before accessing INI files through ConfigCache.
[2026.08.30-14.03.20:147][  0]LogConfig: Warning: GConfig::Find attempting to access config with non-normalized path ../../../../../../UE5_My_Project/LyraStarterGame/Saved/Config/WindowsEditor/PythonScriptPlugin.ini. Please use FConfigCacheIni::NormalizeConfigIniPath before accessing INI files through ConfigCache.
[2026.08.30-14.03.20:147][  0]LogConfig: Warning: GConfig::Find attempting to access config with non-normalized path ../../../../../../UE5_My_Project/LyraStarterGame/Saved/Config/WindowsEditor/RemoteSession.ini. Please use FConfigCacheIni::NormalizeConfigIniPath before accessing INI files through ConfigCache.
[2026.08.30-14.03.20:147][  0]LogConfig: Warning: GConfig::Find attempting to access config with non-normalized path ../../../../../../UE5_My_Project/LyraStarterGame/Saved/Config/WindowsEditor/SkeletalReduction.ini. Please use FConfigCacheIni::NormalizeConfigIniPath before accessing INI files through ConfigCache.
[2026.08.30-14.03.20:147][  0]LogConfig: Warning: GConfig::Find attempting to access config with non-normalized path ../../../../../../UE5_My_Project/LyraStarterGame/Saved/Config/WindowsEditor/StructUtils.ini. Please use FConfigCacheIni::NormalizeConfigIniPath before accessing INI files through ConfigCache.
[2026.08.30-14.03.20:147][  0]LogConfig: Warning: GConfig::Find attempting to access config with non-normalized path ../../../../../../UE5_My_Project/LyraStarterGame/Saved/Config/WindowsEditor/StudioTelemetry.ini. Please use FConfigCacheIni::NormalizeConfigIniPath before accessing INI files through ConfigCache.
[2026.08.30-14.03.20:147][  0]LogConfig: Warning: GConfig::Find attempting to access config with non-normalized path ../../../../../../UE5_My_Project/LyraStarterGame/Saved/Config/WindowsEditor/ToolPresets.ini. Please use FConfigCacheIni::NormalizeConfigIniPath before accessing INI files through ConfigCache.
[2026.08.30-14.03.20:147][  0]LogConfig: Warning: GConfig::Find attempting to access config with non-normalized path ../../../../../../UE5_My_Project/LyraStarterGame/Saved/Config/WindowsEditor/ActorLayerUtilities.ini. Please use FConfigCacheIni::NormalizeConfigIniPath before accessing INI files through ConfigCache.
[2026.08.30-14.03.20:147][  0]LogConfig: Warning: GConfig::Find attempting to access config with non-normalized path ../../../../../../UE5_My_Project/LyraStarterGame/Saved/Config/WindowsEditor/Volumetrics.ini. Please use FConfigCacheIni::NormalizeConfigIniPath before accessing INI files through ConfigCache.
[2026.08.30-14.03.20:147][  0]LogConfig: Warning: GConfig::Find attempting to access config with non-normalized path ../../../../../../UE5_My_Project/LyraStarterGame/Saved/Config/WindowsEditor/Water.ini. Please use FConfigCacheIni::NormalizeConfigIniPath before accessing INI files through ConfigCache.
[2026.08.30-14.03.20:148][  0]LogConfig: Warning: GConfig::Find attempting to access config with non-normalized path ../../../../../../UE5_My_Project/LyraStarterGame/Saved/Config/WindowsEditor/AndroidDeviceProfileSelector.ini. Please use FConfigCacheIni::NormalizeConfigIniPath before accessing INI files through ConfigCache.
[2026.08.30-14.03.20:148][  0]LogConfig: Warning: GConfig::Find attempting to access config with non-normalized path ../../../../../../UE5_My_Project/LyraStarterGame/Saved/Config/WindowsEditor/AndroidFileServer.ini. Please use FConfigCacheIni::NormalizeConfigIniPath before accessing INI files through ConfigCache.
[2026.08.30-14.03.20:148][  0]LogConfig: Warning: GConfig::Find attempting to access config with non-normalized path ../../../../../../UE5_My_Project/LyraStarterGame/Saved/Config/WindowsEditor/AndroidMoviePlayer.ini. Please use FConfigCacheIni::NormalizeConfigIniPath before accessing INI files through ConfigCache.
[2026.08.30-14.03.20:148][  0]LogConfig: Warning: GConfig::Find attempting to access config with non-normalized path ../../../../../../UE5_My_Project/LyraStarterGame/Saved/Config/WindowsEditor/AndroidPermission.ini. Please use FConfigCacheIni::NormalizeConfigIniPath before accessing INI files through ConfigCache.
[2026.08.30-14.03.20:148][  0]LogConfig: Warning: GConfig::Find attempting to access config with non-normalized path ../../../../../../UE5_My_Project/LyraStarterGame/Saved/Config/WindowsEditor/AppleImageUtils.ini. Please use FConfigCacheIni::NormalizeConfigIniPath before accessing INI files through ConfigCache.
[2026.08.30-14.03.20:148][  0]LogConfig: Warning: GConfig::Find attempting to access config with non-normalized path ../../../../../../UE5_My_Project/LyraStarterGame/Saved/Config/WindowsEditor/AppleMoviePlayer.ini. Please use FConfigCacheIni::NormalizeConfigIniPath before accessing INI files through ConfigCache.
[2026.08.30-14.03.20:148][  0]LogConfig: Warning: GConfig::Find attempting to access config with non-normalized path ../../../../../../UE5_My_Project/LyraStarterGame/Saved/Config/WindowsEditor/ArchVisCharacter.ini. Please use FConfigCacheIni::NormalizeConfigIniPath before accessing INI files through ConfigCache.
[2026.08.30-14.03.20:148][  0]LogConfig: Warning: GConfig::Find attempting to access config with non-normalized path ../../../../../../UE5_My_Project/LyraStarterGame/Saved/Config/WindowsEditor/AssetTags.ini. Please use FConfigCacheIni::NormalizeConfigIniPath before accessing INI files through ConfigCache.
[2026.08.30-14.03.20:148][  0]LogConfig: Warning: GConfig::Find attempting to access config with non-normalized path ../../../../../../UE5_My_Project/LyraStarterGame/Saved/Config/WindowsEditor/AudioCapture.ini. Please use FConfigCacheIni::NormalizeConfigIniPath before accessing INI files through ConfigCache.
[2026.08.30-14.03.20:148][  0]LogConfig: Warning: GConfig::Find attempting to access config with non-normalized path ../../../../../../UE5_My_Project/LyraStarterGame/Saved/Config/WindowsEditor/AudioModulation.ini. Please use FConfigCacheIni::NormalizeConfigIniPath before accessing INI files through ConfigCache.
[2026.08.30-14.03.20:148][  0]LogConfig: Warning: GConfig::Find attempting to access config with non-normalized path ../../../../../../UE5_My_Project/LyraStarterGame/Saved/Config/WindowsEditor/AudioWidgets.ini. Please use FConfigCacheIni::NormalizeConfigIniPath before accessing INI files through ConfigCache.
[2026.08.30-14.03.20:148][  0]LogConfig: Warning: GConfig::Find attempting to access config with non-normalized path ../../../../../../UE5_My_Project/LyraStarterGame/Saved/Config/WindowsEditor/AudioSynesthesia.ini. Please use FConfigCacheIni::NormalizeConfigIniPath before accessing INI files through ConfigCache.
[2026.08.30-14.03.20:148][  0]LogConfig: Warning: GConfig::Find attempting to access config with non-normalized path ../../../../../../UE5_My_Project/LyraStarterGame/Saved/Config/WindowsEditor/ChunkDownloader.ini. Please use FConfigCacheIni::NormalizeConfigIniPath before accessing INI files through ConfigCache.
[2026.08.30-14.03.20:148][  0]LogConfig: Warning: GConfig::Find attempting to access config with non-normalized path ../../../../../../UE5_My_Project/LyraStarterGame/Saved/Config/WindowsEditor/CableComponent.ini. Please use FConfigCacheIni::NormalizeConfigIniPath before accessing INI files through ConfigCache.
[2026.08.30-14.03.20:148][  0]LogConfig: Warning: GConfig::Find attempting to access config with non-normalized path ../../../../../../UE5_My_Project/LyraStarterGame/Saved/Config/WindowsEditor/CommonUI.ini. Please use FConfigCacheIni::NormalizeConfigIniPath before accessing INI files through ConfigCache.
[2026.08.30-14.03.20:148][  0]LogConfig: Warning: GConfig::Find attempting to access config with non-normalized path ../../../../../../UE5_My_Project/LyraStarterGame/Saved/Config/WindowsEditor/CustomMeshComponent.ini. Please use FConfigCacheIni::NormalizeConfigIniPath before accessing INI files through ConfigCache.
[2026.08.30-14.03.20:148][  0]LogConfig: Warning: GConfig::Find attempting to access config with non-normalized path ../../../../../../UE5_My_Project/LyraStarterGame/Saved/Config/WindowsEditor/DataRegistry.ini. Please use FConfigCacheIni::NormalizeConfigIniPath before accessing INI files through ConfigCache.
[2026.08.30-14.03.20:148][  0]LogConfig: Warning: GConfig::Find attempting to access config with non-normalized path ../../../../../../UE5_My_Project/LyraStarterGame/Saved/Config/WindowsEditor/ExampleDeviceProfileSelector.ini. Please use FConfigCacheIni::NormalizeConfigIniPath before accessing INI files through ConfigCache.
[2026.08.30-14.03.20:148][  0]LogConfig: Warning: GConfig::Find attempting to access config with non-normalized path ../../../../../../UE5_My_Project/LyraStarterGame/Saved/Config/WindowsEditor/GameFeatures.ini. Please use FConfigCacheIni::NormalizeConfigIniPath before accessing INI files through ConfigCache.
[2026.08.30-14.03.20:148][  0]LogConfig: Warning: GConfig::Find attempting to access config with non-normalized path ../../../../../../UE5_My_Project/LyraStarterGame/Saved/Config/WindowsEditor/GameplayAbilities.ini. Please use FConfigCacheIni::NormalizeConfigIniPath before accessing INI files through ConfigCache.
[2026.08.30-14.03.20:148][  0]LogConfig: Warning: GConfig::Find attempting to access config with non-normalized path ../../../../../../UE5_My_Project/LyraStarterGame/Saved/Config/WindowsEditor/GameplayBehaviorSmartObjects.ini. Please use FConfigCacheIni::NormalizeConfigIniPath before accessing INI files through ConfigCache.
[2026.08.30-14.03.20:148][  0]LogConfig: Warning: GConfig::Find attempting to access config with non-normalized path ../../../../../../UE5_My_Project/LyraStarterGame/Saved/Config/WindowsEditor/GameplayInteractions.ini. Please use FConfigCacheIni::NormalizeConfigIniPath before accessing INI files through ConfigCache.
[2026.08.30-14.03.20:148][  0]LogConfig: Warning: GConfig::Find attempting to access config with non-normalized path ../../../../../../UE5_My_Project/LyraStarterGame/Saved/Config/WindowsEditor/GameplayStateTree.ini. Please use FConfigCacheIni::NormalizeConfigIniPath before accessing INI files through ConfigCache.
[2026.08.30-14.03.20:148][  0]LogConfig: Warning: GConfig::Find attempting to access config with non-normalized path ../../../../../../UE5_My_Project/LyraStarterGame/Saved/Config/WindowsEditor/GeometryCache.ini. Please use FConfigCacheIni::NormalizeConfigIniPath before accessing INI files through ConfigCache.
[2026.08.30-14.03.20:148][  0]LogConfig: Warning: GConfig::Find attempting to access config with non-normalized path ../../../../../../UE5_My_Project/LyraStarterGame/Saved/Config/WindowsEditor/GeometryProcessing.ini. Please use FConfigCacheIni::NormalizeConfigIniPath before accessing INI files through ConfigCache.
[2026.08.30-14.03.20:148][  0]LogConfig: Warning: GConfig::Find attempting to access config with non-normalized path ../../../../../../UE5_My_Project/LyraStarterGame/Saved/Config/WindowsEditor/GeometryScripting.ini. Please use FConfigCacheIni::NormalizeConfigIniPath before accessing INI files through ConfigCache.
[2026.08.30-14.03.20:148][  0]LogConfig: Warning: GConfig::Find attempting to access config with non-normalized path ../../../../../../UE5_My_Project/LyraStarterGame/Saved/Config/WindowsEditor/GoogleCloudMessaging.ini. Please use FConfigCacheIni::NormalizeConfigIniPath before accessing INI files through ConfigCache.
[2026.08.30-14.03.20:148][  0]LogConfig: Warning: GConfig::Find attempting to access config with non-normalized path ../../../../../../UE5_My_Project/LyraStarterGame/Saved/Config/WindowsEditor/GooglePAD.ini. Please use FConfigCacheIni::NormalizeConfigIniPath before accessing INI files through ConfigCache.
[2026.08.30-14.03.20:148][  0]LogConfig: Warning: GConfig::Find attempting to access config with non-normalized path ../../../../../../UE5_My_Project/LyraStarterGame/Saved/Config/WindowsEditor/InputDebugging.ini. Please use FConfigCacheIni::NormalizeConfigIniPath before accessing INI files through ConfigCache.
[2026.08.30-14.03.20:148][  0]LogConfig: Warning: GConfig::Find attempting to access config with non-normalized path ../../../../../../UE5_My_Project/LyraStarterGame/Saved/Config/WindowsEditor/IOSDeviceProfileSelector.ini. Please use FConfigCacheIni::NormalizeConfigIniPath before accessing INI files through ConfigCache.
[2026.08.30-14.03.20:148][  0]LogConfig: Warning: GConfig::Find attempting to access config with non-normalized path ../../../../../../UE5_My_Project/LyraStarterGame/Saved/Config/WindowsEditor/LinuxDeviceProfileSelector.ini. Please use FConfigCacheIni::NormalizeConfigIniPath before accessing INI files through ConfigCache.
[2026.08.30-14.03.20:148][  0]LogConfig: Warning: GConfig::Find attempting to access config with non-normalized path ../../../../../../UE5_My_Project/LyraStarterGame/Saved/Config/WindowsEditor/LocationServicesBPLibrary.ini. Please use FConfigCacheIni::NormalizeConfigIniPath before accessing INI files through ConfigCache.
[2026.08.30-14.03.20:148][  0]LogConfig: Warning: GConfig::Find attempting to access config with non-normalized path ../../../../../../UE5_My_Project/LyraStarterGame/Saved/Config/WindowsEditor/MeshModelingToolset.ini. Please use FConfigCacheIni::NormalizeConfigIniPath before accessing INI files through ConfigCache.
[2026.08.30-14.03.20:148][  0]LogConfig: Warning: GConfig::Find attempting to access config with non-normalized path ../../../../../../UE5_My_Project/LyraStarterGame/Saved/Config/WindowsEditor/Metasound.ini. Please use FConfigCacheIni::NormalizeConfigIniPath before accessing INI files through ConfigCache.
[2026.08.30-14.03.20:148][  0]LogConfig: Warning: GConfig::Find attempting to access config with non-normalized path ../../../../../../UE5_My_Project/LyraStarterGame/Saved/Config/WindowsEditor/MobilePatchingUtils.ini. Please use FConfigCacheIni::NormalizeConfigIniPath before accessing INI files through ConfigCache.
[2026.08.30-14.03.20:148][  0]LogConfig: Warning: GConfig::Find attempting to access config with non-normalized path ../../../../../../UE5_My_Project/LyraStarterGame/Saved/Config/WindowsEditor/ModularGameplay.ini. Please use FConfigCacheIni::NormalizeConfigIniPath before accessing INI files through ConfigCache.
[2026.08.30-14.03.20:148][  0]LogConfig: Warning: GConfig::Find attempting to access config with non-normalized path ../../../../../../UE5_My_Project/LyraStarterGame/Saved/Config/WindowsEditor/MsQuic.ini. Please use FConfigCacheIni::NormalizeConfigIniPath before accessing INI files through ConfigCache.
[2026.08.30-14.03.20:149][  0]LogConfig: Warning: GConfig::Find attempting to access config with non-normalized path ../../../../../../UE5_My_Project/LyraStarterGame/Saved/Config/WindowsEditor/NavCorridor.ini. Please use FConfigCacheIni::NormalizeConfigIniPath before accessing INI files through ConfigCache.
[2026.08.30-14.03.20:149][  0]LogConfig: Warning: GConfig::Find attempting to access config with non-normalized path ../../../../../../UE5_My_Project/LyraStarterGame/Saved/Config/WindowsEditor/ProceduralMeshComponent.ini. Please use FConfigCacheIni::NormalizeConfigIniPath before accessing INI files through ConfigCache.
[2026.08.30-14.03.20:149][  0]LogConfig: Warning: GConfig::Find attempting to access config with non-normalized path ../../../../../../UE5_My_Project/LyraStarterGame/Saved/Config/WindowsEditor/PropertyAccessEditor.ini. Please use FConfigCacheIni::NormalizeConfigIniPath before accessing INI files through ConfigCache.
[2026.08.30-14.03.20:149][  0]LogConfig: Warning: GConfig::Find attempting to access config with non-normalized path ../../../../../../UE5_My_Project/LyraStarterGame/Saved/Config/WindowsEditor/PropertyBindingUtils.ini. Please use FConfigCacheIni::NormalizeConfigIniPath before accessing INI files through ConfigCache.
[2026.08.30-14.03.20:149][  0]LogConfig: Warning: GConfig::Find attempting to access config with non-normalized path ../../../../../../UE5_My_Project/LyraStarterGame/Saved/Config/WindowsEditor/ReplicationGraph.ini. Please use FConfigCacheIni::NormalizeConfigIniPath before accessing INI files through ConfigCache.
[2026.08.30-14.03.20:149][  0]LogConfig: Warning: GConfig::Find attempting to access config with non-normalized path ../../../../../../UE5_My_Project/LyraStarterGame/Saved/Config/WindowsEditor/RigVM.ini. Please use FConfigCacheIni::NormalizeConfigIniPath before accessing INI files through ConfigCache.
[2026.08.30-14.03.20:149][  0]LogConfig: Warning: GConfig::Find attempting to access config with non-normalized path ../../../../../../UE5_My_Project/LyraStarterGame/Saved/Config/WindowsEditor/SignificanceManager.ini. Please use FConfigCacheIni::NormalizeConfigIniPath before accessing INI files through ConfigCache.
[2026.08.30-14.03.20:149][  0]LogConfig: Warning: GConfig::Find attempting to access config with non-normalized path ../../../../../../UE5_My_Project/LyraStarterGame/Saved/Config/WindowsEditor/SmartObjects.ini. Please use FConfigCacheIni::NormalizeConfigIniPath before accessing INI files through ConfigCache.
[2026.08.30-14.03.20:149][  0]LogConfig: Warning: GConfig::Find attempting to access config with non-normalized path ../../../../../../UE5_My_Project/LyraStarterGame/Saved/Config/WindowsEditor/SoundFields.ini. Please use FConfigCacheIni::NormalizeConfigIniPath before accessing INI files through ConfigCache.
[2026.08.30-14.03.20:149][  0]LogConfig: Warning: GConfig::Find attempting to access config with non-normalized path ../../../../../../UE5_My_Project/LyraStarterGame/Saved/Config/WindowsEditor/InterchangeEditor.ini. Please use FConfigCacheIni::NormalizeConfigIniPath before accessing INI files through ConfigCache.
[2026.08.30-14.03.20:149][  0]LogConfig: Warning: GConfig::Find attempting to access config with non-normalized path ../../../../../../UE5_My_Project/LyraStarterGame/Saved/Config/WindowsEditor/SoundUtilities.ini. Please use FConfigCacheIni::NormalizeConfigIniPath before accessing INI files through ConfigCache.
[2026.08.30-14.03.20:149][  0]LogConfig: Warning: GConfig::Find attempting to access config with non-normalized path ../../../../../../UE5_My_Project/LyraStarterGame/Saved/Config/WindowsEditor/Paper2D.ini. Please use FConfigCacheIni::NormalizeConfigIniPath before accessing INI files through ConfigCache.
[2026.08.30-14.03.20:149][  0]LogConfig: Warning: GConfig::Find attempting to access config with non-normalized path ../../../../../../UE5_My_Project/LyraStarterGame/Saved/Config/WindowsEditor/Interchange.ini. Please use FConfigCacheIni::NormalizeConfigIniPath before accessing INI files through ConfigCache.
[2026.08.30-14.03.20:149][  0]LogConfig: Warning: GConfig::Find attempting to access config with non-normalized path ../../../../../../UE5_My_Project/LyraStarterGame/Saved/Config/WindowsEditor/FunctionalTestingEditor.ini. Please use FConfigCacheIni::NormalizeConfigIniPath before accessing INI files through ConfigCache.
[2026.08.30-14.03.20:149][  0]LogConfig: Warning: GConfig::Find attempting to access config with non-normalized path ../../../../../../UE5_My_Project/LyraStarterGame/Saved/Config/WindowsEditor/InterchangeTests.ini. Please use FConfigCacheIni::NormalizeConfigIniPath before accessing INI files through ConfigCache.
[2026.08.30-14.03.20:149][  0]LogConfig: Warning: GConfig::Find attempting to access config with non-normalized path ../../../../../../UE5_My_Project/LyraStarterGame/Saved/Config/WindowsEditor/Spatialization.ini. Please use FConfigCacheIni::NormalizeConfigIniPath before accessing INI files through ConfigCache.
[2026.08.30-14.03.20:149][  0]LogConfig: Warning: GConfig::Find attempting to access config with non-normalized path ../../../../../../UE5_My_Project/LyraStarterGame/Saved/Config/WindowsEditor/StateTree.ini. Please use FConfigCacheIni::NormalizeConfigIniPath before accessing INI files through ConfigCache.
[2026.08.30-14.03.20:149][  0]LogConfig: Warning: GConfig::Find attempting to access config with non-normalized path ../../../../../../UE5_My_Project/LyraStarterGame/Saved/Config/WindowsEditor/Synthesis.ini. Please use FConfigCacheIni::NormalizeConfigIniPath before accessing INI files through ConfigCache.
[2026.08.30-14.03.20:149][  0]LogConfig: Warning: GConfig::Find attempting to access config with non-normalized path ../../../../../../UE5_My_Project/LyraStarterGame/Saved/Config/WindowsEditor/WaveTable.ini. Please use FConfigCacheIni::NormalizeConfigIniPath before accessing INI files through ConfigCache.
[2026.08.30-14.03.20:149][  0]LogConfig: Warning: GConfig::Find attempting to access config with non-normalized path ../../../../../../UE5_My_Project/LyraStarterGame/Saved/Config/WindowsEditor/WebMMoviePlayer.ini. Please use FConfigCacheIni::NormalizeConfigIniPath before accessing INI files through ConfigCache.
[2026.08.30-14.03.20:149][  0]LogConfig: Warning: GConfig::Find attempting to access config with non-normalized path ../../../../../../UE5_My_Project/LyraStarterGame/Saved/Config/WindowsEditor/WindowsDeviceProfileSelector.ini. Please use FConfigCacheIni::NormalizeConfigIniPath before accessing INI files through ConfigCache.
[2026.08.30-14.03.20:149][  0]LogConfig: Warning: GConfig::Find attempting to access config with non-normalized path ../../../../../../UE5_My_Project/LyraStarterGame/Saved/Config/WindowsEditor/WindowsMoviePlayer.ini. Please use FConfigCacheIni::NormalizeConfigIniPath before accessing INI files through ConfigCache.
[2026.08.30-14.03.20:149][  0]LogConfig: Warning: GConfig::Find attempting to access config with non-normalized path ../../../../../../UE5_My_Project/LyraStarterGame/Saved/Config/WindowsEditor/WorldConditions.ini. Please use FConfigCacheIni::NormalizeConfigIniPath before accessing INI files through ConfigCache.
[2026.08.30-14.03.20:149][  0]LogConfig: Warning: GConfig::Find attempting to access config with non-normalized path ../../../../../../UE5_My_Project/LyraStarterGame/Saved/Config/WindowsEditor/XRBase.ini. Please use FConfigCacheIni::NormalizeConfigIniPath before accessing INI files through ConfigCache.
[2026.08.30-14.03.20:149][  0]LogConfig: Warning: GConfig::Find attempting to access config with non-normalized path ../../../../../../UE5_My_Project/LyraStarterGame/Saved/Config/WindowsEditor/MetaHumanProjectUtilities.ini. Please use FConfigCacheIni::NormalizeConfigIniPath before accessing INI files through ConfigCache.
[2026.08.30-14.03.20:149][  0]LogConfig: Warning: GConfig::Find attempting to access config with non-normalized path ../../../../../../UE5_My_Project/LyraStarterGame/Saved/Config/WindowsEditor/EOSVoiceChat.ini. Please use FConfigCacheIni::NormalizeConfigIniPath before accessing INI files through ConfigCache.
[2026.08.30-14.03.20:149][  0]LogConfig: Warning: GConfig::Find attempting to access config with non-normalized path ../../../../../../UE5_My_Project/LyraStarterGame/Saved/Config/WindowsEditor/SteamShared.ini. Please use FConfigCacheIni::NormalizeConfigIniPath before accessing INI files through ConfigCache.
[2026.08.30-14.03.20:149][  0]LogConfig: Warning: GConfig::Find attempting to access config with non-normalized path ../../../../../../UE5_My_Project/LyraStarterGame/Saved/Config/WindowsEditor/SteamSockets.ini. Please use FConfigCacheIni::NormalizeConfigIniPath before accessing INI files through ConfigCache.
[2026.08.30-14.03.20:151][  0]LogConfig: Warning: GConfig::Find attempting to access config with non-normalized path ../../../../../../UE5_My_Project/LyraStarterGame/Saved/Config/WindowsEditor/ContextualAnimation.ini. Please use FConfigCacheIni::NormalizeConfigIniPath before accessing INI files through ConfigCache.
[2026.08.30-14.03.20:151][  0]LogConfig: Warning: GConfig::Find attempting to access config with non-normalized path ../../../../../../UE5_My_Project/LyraStarterGame/Saved/Config/WindowsEditor/LightMixer.ini. Please use FConfigCacheIni::NormalizeConfigIniPath before accessing INI files through ConfigCache.
[2026.08.30-14.03.20:151][  0]LogConfig: Warning: GConfig::Find attempting to access config with non-normalized path ../../../../../../UE5_My_Project/LyraStarterGame/Saved/Config/WindowsEditor/ContentBrowserFileDataSource.ini. Please use FConfigCacheIni::NormalizeConfigIniPath before accessing INI files through ConfigCache.
[2026.08.30-14.03.20:151][  0]LogConfig: Warning: GConfig::Find attempting to access config with non-normalized path ../../../../../../UE5_My_Project/LyraStarterGame/Saved/Config/WindowsEditor/ObjectMixer.ini. Please use FConfigCacheIni::NormalizeConfigIniPath before accessing INI files through ConfigCache.
[2026.08.30-14.03.20:151][  0]LogConfig: Warning: GConfig::Find attempting to access config with non-normalized path ../../../../../../UE5_My_Project/LyraStarterGame/Saved/Config/WindowsEditor/ContentBrowserAssetDataSource.ini. Please use FConfigCacheIni::NormalizeConfigIniPath before accessing INI files through ConfigCache.
[2026.08.30-14.03.20:151][  0]LogConfig: Warning: GConfig::Find attempting to access config with non-normalized path ../../../../../../UE5_My_Project/LyraStarterGame/Saved/Config/WindowsEditor/ContentBrowserClassDataSource.ini. Please use FConfigCacheIni::NormalizeConfigIniPath before accessing INI files through ConfigCache.
[2026.08.30-14.03.20:151][  0]LogConfig: Warning: GConfig::Find attempting to access config with non-normalized path ../../../../../../UE5_My_Project/LyraStarterGame/Saved/Config/WindowsEditor/PortableObjectFileDataSource.ini. Please use FConfigCacheIni::NormalizeConfigIniPath before accessing INI files through ConfigCache.
[2026.08.30-14.03.20:151][  0]LogConfig: Warning: GConfig::Find attempting to access config with non-normalized path ../../../../../../UE5_My_Project/LyraStarterGame/Saved/Config/WindowsEditor/BaseCharacterFXEditor.ini. Please use FConfigCacheIni::NormalizeConfigIniPath before accessing INI files through ConfigCache.
[2026.08.30-14.03.20:151][  0]LogConfig: Warning: GConfig::Find attempting to access config with non-normalized path ../../../../../../UE5_My_Project/LyraStarterGame/Saved/Config/WindowsEditor/WinDualShock.ini. Please use FConfigCacheIni::NormalizeConfigIniPath before accessing INI files through ConfigCache.
[2026.08.30-14.03.20:151][  0]LogConfig: Warning: GConfig::Find attempting to access config with non-normalized path ../../../../../../UE5_My_Project/LyraStarterGame/Saved/Config/WindowsEditor/XInputDevice.ini. Please use FConfigCacheIni::NormalizeConfigIniPath before accessing INI files through ConfigCache.
[2026.08.30-14.03.20:151][  0]LogConfig: Warning: GConfig::Find attempting to access config with non-normalized path ../../../../../../UE5_My_Project/LyraStarterGame/Saved/Config/WindowsEditor/OnlineSubsystemGooglePlay.ini. Please use FConfigCacheIni::NormalizeConfigIniPath before accessing INI files through ConfigCache.
[2026.08.30-14.03.20:151][  0]LogConfig: Warning: GConfig::Find attempting to access config with non-normalized path ../../../../../../UE5_My_Project/LyraStarterGame/Saved/Config/WindowsEditor/SQLiteCore.ini. Please use FConfigCacheIni::NormalizeConfigIniPath before accessing INI files through ConfigCache.
[2026.08.30-14.03.20:151][  0]LogConfig: Warning: GConfig::Find attempting to access config with non-normalized path ../../../../../../UE5_My_Project/LyraStarterGame/Saved/Config/WindowsEditor/ConcertMain.ini. Please use FConfigCacheIni::NormalizeConfigIniPath before accessing INI files through ConfigCache.
[2026.08.30-14.03.20:151][  0]LogConfig: Warning: GConfig::Find attempting to access config with non-normalized path ../../../../../../UE5_My_Project/LyraStarterGame/Saved/Config/WindowsEditor/AESGCMHandlerComponent.ini. Please use FConfigCacheIni::NormalizeConfigIniPath before accessing INI files through ConfigCache.
[2026.08.30-14.03.20:151][  0]LogConfig: Warning: GConfig::Find attempting to access config with non-normalized path ../../../../../../UE5_My_Project/LyraStarterGame/Saved/Config/WindowsEditor/DTLSHandlerComponent.ini. Please use FConfigCacheIni::NormalizeConfigIniPath before accessing INI files through ConfigCache.
[2026.08.30-14.03.20:151][  0]LogConfig: Warning: GConfig::Find attempting to access config with non-normalized path ../../../../../../UE5_My_Project/LyraStarterGame/Saved/Config/WindowsEditor/OnlineSubsystemIOS.ini. Please use FConfigCacheIni::NormalizeConfigIniPath before accessing INI files through ConfigCache.
[2026.08.30-14.03.20:151][  0]LogConfig: Warning: GConfig::Find attempting to access config with non-normalized path ../../../../../../UE5_My_Project/LyraStarterGame/Saved/Config/WindowsEditor/ConcertSharedSlate.ini. Please use FConfigCacheIni::NormalizeConfigIniPath before accessing INI files through ConfigCache.
[2026.08.30-14.03.20:151][  0]LogConfig: Warning: GConfig::Find attempting to access config with non-normalized path ../../../../../../UE5_My_Project/LyraStarterGame/Saved/Config/WindowsEditor/ConcertSyncCore.ini. Please use FConfigCacheIni::NormalizeConfigIniPath before accessing INI files through ConfigCache.
[2026.08.30-14.03.20:151][  0]LogConfig: Warning: GConfig::Find attempting to access config with non-normalized path ../../../../../../UE5_My_Project/LyraStarterGame/Saved/Config/WindowsEditor/ConcertSyncClient.ini. Please use FConfigCacheIni::NormalizeConfigIniPath before accessing INI files through ConfigCache.
[2026.08.30-14.03.20:152][  0]LogConfig: Warning: GConfig::Find attempting to access config with non-normalized path ../../../../../../UE5_My_Project/LyraStarterGame/Saved/Config/WindowsEditor/AsyncMixin.ini. Please use FConfigCacheIni::NormalizeConfigIniPath before accessing INI files through ConfigCache.
[2026.08.30-14.03.20:152][  0]LogConfig: Warning: GConfig::Find attempting to access config with non-normalized path ../../../../../../UE5_My_Project/LyraStarterGame/Saved/Config/WindowsEditor/CommonGame.ini. Please use FConfigCacheIni::NormalizeConfigIniPath before accessing INI files through ConfigCache.
[2026.08.30-14.03.20:153][  0]LogConfig: Warning: GConfig::Find attempting to access config with non-normalized path ../../../../../../UE5_My_Project/LyraStarterGame/Saved/Config/WindowsEditor/CommonUser.ini. Please use FConfigCacheIni::NormalizeConfigIniPath before accessing INI files through ConfigCache.
[2026.08.30-14.03.20:153][  0]LogConfig: Warning: GConfig::Find attempting to access config with non-normalized path ../../../../../../UE5_My_Project/LyraStarterGame/Saved/Config/WindowsEditor/CommonLoadingScreen.ini. Please use FConfigCacheIni::NormalizeConfigIniPath before accessing INI files through ConfigCache.
[2026.08.30-14.03.20:153][  0]LogConfig: Warning: GConfig::Find attempting to access config with non-normalized path ../../../../../../UE5_My_Project/LyraStarterGame/Saved/Config/WindowsEditor/GameSettings.ini. Please use FConfigCacheIni::NormalizeConfigIniPath before accessing INI files through ConfigCache.
[2026.08.30-14.03.20:153][  0]LogConfig: Warning: GConfig::Find attempting to access config with non-normalized path ../../../../../../UE5_My_Project/LyraStarterGame/Saved/Config/WindowsEditor/GameplayMessageRouter.ini. Please use FConfigCacheIni::NormalizeConfigIniPath before accessing INI files through ConfigCache.
[2026.08.30-14.03.20:153][  0]LogConfig: Warning: GConfig::Find attempting to access config with non-normalized path ../../../../../../UE5_My_Project/LyraStarterGame/Saved/Config/WindowsEditor/LyraExtTool.ini. Please use FConfigCacheIni::NormalizeConfigIniPath before accessing INI files through ConfigCache.
[2026.08.30-14.03.20:153][  0]LogConfig: Warning: GConfig::Find attempting to access config with non-normalized path ../../../../../../UE5_My_Project/LyraStarterGame/Saved/Config/WindowsEditor/GameSubtitles.ini. Please use FConfigCacheIni::NormalizeConfigIniPath before accessing INI files through ConfigCache.
[2026.08.30-14.03.20:153][  0]LogConfig: Warning: GConfig::Find attempting to access config with non-normalized path ../../../../../../UE5_My_Project/LyraStarterGame/Saved/Config/WindowsEditor/UIExtension.ini. Please use FConfigCacheIni::NormalizeConfigIniPath before accessing INI files through ConfigCache.
[2026.08.30-14.03.20:153][  0]LogConfig: Warning: GConfig::Find attempting to access config with non-normalized path ../../../../../../UE5_My_Project/LyraStarterGame/Saved/Config/WindowsEditor/LyraExampleContent.ini. Please use FConfigCacheIni::NormalizeConfigIniPath before accessing INI files through ConfigCache.
[2026.08.30-14.03.20:153][  0]LogConfig: Warning: GConfig::Find attempting to access config with non-normalized path ../../../../../../UE5_My_Project/LyraStarterGame/Saved/Config/WindowsEditor/PocketWorlds.ini. Please use FConfigCacheIni::NormalizeConfigIniPath before accessing INI files through ConfigCache.
[2026.08.30-14.03.20:153][  0]LogConfig: Warning: GConfig::Find attempting to access config with non-normalized path ../../../../../../UE5_My_Project/LyraStarterGame/Saved/Config/WindowsEditor/ModularGameplayActors.ini. Please use FConfigCacheIni::NormalizeConfigIniPath before accessing INI files through ConfigCache.
[2026.08.30-14.03.20:153][  0]LogTextLocalizationResource: LocRes '../../../../../../UE5_My_Project/LyraStarterGame/Content/Localization/Game/zh/Game.locres' could not be opened for reading!
[2026.08.30-14.03.20:542][  0]LogStreaming: Display: FlushAsyncLoading(1): 1 QueuedPackages, 0 AsyncPackages
[2026.08.30-14.03.20:551][  0]LogDeviceProfileManager: Display: Deviceprofile LinuxArm64Editor not found.
[2026.08.30-14.03.20:551][  0]LogDeviceProfileManager: Display: Deviceprofile LinuxArm64 not found.
[2026.08.30-14.03.20:605][  0]LogDeviceProfileManager: Active device profile: [00000BB2339ACA00][00000BB222CB5000 66] WindowsEditor
[2026.08.30-14.03.20:605][  0]LogCsvProfiler: Display: Metadata set : deviceprofile="WindowsEditor"
[2026.08.30-14.03.20:605][  0]LogShaderCompilers: Display: Compiling shader autogen file: ../../../../../../UE5_My_Project/LyraStarterGame/Intermediate/ShaderAutogen/PCD3D_SM6/AutogenShaderHeaders.ush
[2026.08.30-14.03.20:605][  0]LogShaderCompilers: Display: Autogen file is unchanged, skipping write.
[2026.08.30-14.03.20:607][  0]LogShaderCompilers: Display: Compiling shader autogen file: ../../../../../../UE5_My_Project/LyraStarterGame/Intermediate/ShaderAutogen/VULKAN_SM6/AutogenShaderHeaders.ush
[2026.08.30-14.03.20:608][  0]LogShaderCompilers: Display: Autogen file is unchanged, skipping write.
[2026.08.30-14.03.20:642][  0]LogStreaming: Display: Flushing package /Engine/Functions/Engine_MaterialFunctions01/Shading/PowerToRoughness (state: WaitingForIo) recursively from another package /Engine/EngineMaterials/WorldGridMaterial (state: CreateLinkerLoadExports) will result in a partially loaded package to avoid a deadlock.
[2026.08.30-14.03.20:643][  0]LogStreaming: Display: Package /Engine/Functions/Engine_MaterialFunctions01/Shading/PowerToRoughness has reached state ExportsDone > CreateLinkerLoadExports, releasing request 11 to allow recursive sync load to finish
[2026.08.30-14.03.20:644][  0]LogStreaming: Display: Merging postload groups of package /Engine/Functions/Engine_MaterialFunctions01/Shading/PowerToRoughness with requester package /Engine/EngineMaterials/WorldGridMaterial
[2026.08.30-14.03.20:644][  0]LogStreaming: Display: Flushing package /Engine/Functions/Engine_MaterialFunctions01/Shading/PowerToRoughness (state: ExportsDone) recursively from another package /Engine/EngineMaterials/WorldGridMaterial (state: CreateLinkerLoadExports) will result in a partially loaded package to avoid a deadlock.
[2026.08.30-14.03.20:644][  0]LogStreaming: Display: Package /Engine/Functions/Engine_MaterialFunctions01/Shading/PowerToRoughness has reached state ExportsDone > CreateLinkerLoadExports, releasing request 12 to allow recursive sync load to finish
[2026.08.30-14.03.20:644][  0]LogStreaming: Display: Merging postload groups of package /Engine/Functions/Engine_MaterialFunctions01/Shading/PowerToRoughness with requester package /Engine/EngineMaterials/WorldGridMaterial
[2026.08.30-14.03.20:644][  0]LogStreaming: Display: Flushing package /Engine/Functions/Engine_MaterialFunctions01/Shading/ConvertFromDiffSpec (state: WaitingForIo) recursively from another package /Engine/EngineMaterials/WorldGridMaterial (state: CreateLinkerLoadExports) will result in a partially loaded package to avoid a deadlock.
[2026.08.30-14.03.20:647][  0]LogStreaming: Display: Package /Engine/Functions/Engine_MaterialFunctions01/Shading/ConvertFromDiffSpec has reached state ExportsDone > CreateLinkerLoadExports, releasing request 13 to allow recursive sync load to finish
[2026.08.30-14.03.20:647][  0]LogStreaming: Display: Merging postload groups of package /Engine/Functions/Engine_MaterialFunctions01/Shading/ConvertFromDiffSpec with requester package /Engine/EngineMaterials/WorldGridMaterial
[2026.08.30-14.03.20:647][  0]LogStreaming: Display: Flushing package /Engine/Functions/Engine_MaterialFunctions01/Shading/ConvertFromDiffSpec (state: ExportsDone) recursively from another package /Engine/EngineMaterials/WorldGridMaterial (state: CreateLinkerLoadExports) will result in a partially loaded package to avoid a deadlock.
[2026.08.30-14.03.20:647][  0]LogStreaming: Display: Package /Engine/Functions/Engine_MaterialFunctions01/Shading/ConvertFromDiffSpec has reached state ExportsDone > CreateLinkerLoadExports, releasing request 14 to allow recursive sync load to finish
[2026.08.30-14.03.20:647][  0]LogStreaming: Display: Merging postload groups of package /Engine/Functions/Engine_MaterialFunctions01/Shading/ConvertFromDiffSpec with requester package /Engine/EngineMaterials/WorldGridMaterial
[2026.08.30-14.03.20:648][  0]LogStreaming: Display: Flushing package /Engine/EngineMaterials/DefaultDeferredDecalMaterial (state: WaitingForIo) recursively from another package /Engine/EngineMaterials/WorldGridMaterial (state: CreateLinkerLoadExports) will result in a partially loaded package to avoid a deadlock.
[2026.08.30-14.03.20:651][  0]LogStreaming: Display: Flushing package /Engine/Functions/Engine_MaterialFunctions01/Shading/PowerToRoughness (state: ExportsDone) recursively from another package /Engine/EngineMaterials/DefaultDeferredDecalMaterial (state: CreateLinkerLoadExports) will result in a partially loaded package to avoid a deadlock.
[2026.08.30-14.03.20:651][  0]LogStreaming: Display: Package /Engine/Functions/Engine_MaterialFunctions01/Shading/PowerToRoughness has reached state ExportsDone > CreateLinkerLoadExports, releasing request 16 to allow recursive sync load to finish
[2026.08.30-14.03.20:651][  0]LogStreaming: Display: Merging postload groups of package /Engine/Functions/Engine_MaterialFunctions01/Shading/PowerToRoughness with requester package /Engine/EngineMaterials/DefaultDeferredDecalMaterial
[2026.08.30-14.03.20:651][  0]LogStreaming: Display: Flushing package /Engine/Functions/Engine_MaterialFunctions01/Shading/ConvertFromDiffSpec (state: ExportsDone) recursively from another package /Engine/EngineMaterials/DefaultDeferredDecalMaterial (state: CreateLinkerLoadExports) will result in a partially loaded package to avoid a deadlock.
[2026.08.30-14.03.20:651][  0]LogStreaming: Display: Package /Engine/Functions/Engine_MaterialFunctions01/Shading/ConvertFromDiffSpec has reached state ExportsDone > CreateLinkerLoadExports, releasing request 17 to allow recursive sync load to finish
[2026.08.30-14.03.20:651][  0]LogStreaming: Display: Merging postload groups of package /Engine/Functions/Engine_MaterialFunctions01/Shading/ConvertFromDiffSpec with requester package /Engine/EngineMaterials/DefaultDeferredDecalMaterial
[2026.08.30-14.03.20:652][  0]LogStreaming: Display: Flushing package /Engine/EngineMaterials/DefaultLightFunctionMaterial (state: WaitingForIo) recursively from another package /Engine/EngineMaterials/DefaultDeferredDecalMaterial (state: CreateLinkerLoadExports) will result in a partially loaded package to avoid a deadlock.
[2026.08.30-14.03.20:654][  0]LogStreaming: Display: Flushing package /Engine/Functions/Engine_MaterialFunctions01/Shading/PowerToRoughness (state: ExportsDone) recursively from another package /Engine/EngineMaterials/DefaultLightFunctionMaterial (state: CreateLinkerLoadExports) will result in a partially loaded package to avoid a deadlock.
[2026.08.30-14.03.20:654][  0]LogStreaming: Display: Package /Engine/Functions/Engine_MaterialFunctions01/Shading/PowerToRoughness has reached state ExportsDone > CreateLinkerLoadExports, releasing request 19 to allow recursive sync load to finish
[2026.08.30-14.03.20:654][  0]LogStreaming: Display: Merging postload groups of package /Engine/Functions/Engine_MaterialFunctions01/Shading/PowerToRoughness with requester package /Engine/EngineMaterials/DefaultLightFunctionMaterial
[2026.08.30-14.03.20:654][  0]LogStreaming: Display: Flushing package /Engine/Functions/Engine_MaterialFunctions01/Shading/ConvertFromDiffSpec (state: ExportsDone) recursively from another package /Engine/EngineMaterials/DefaultLightFunctionMaterial (state: CreateLinkerLoadExports) will result in a partially loaded package to avoid a deadlock.
[2026.08.30-14.03.20:654][  0]LogStreaming: Display: Package /Engine/Functions/Engine_MaterialFunctions01/Shading/ConvertFromDiffSpec has reached state ExportsDone > CreateLinkerLoadExports, releasing request 20 to allow recursive sync load to finish
[2026.08.30-14.03.20:654][  0]LogStreaming: Display: Merging postload groups of package /Engine/Functions/Engine_MaterialFunctions01/Shading/ConvertFromDiffSpec with requester package /Engine/EngineMaterials/DefaultLightFunctionMaterial
[2026.08.30-14.03.20:654][  0]LogStreaming: Display: Flushing package /Engine/EngineMaterials/DefaultPostProcessMaterial (state: WaitingForIo) recursively from another package /Engine/EngineMaterials/DefaultLightFunctionMaterial (state: CreateLinkerLoadExports) will result in a partially loaded package to avoid a deadlock.
[2026.08.30-14.03.20:657][  0]LogStreaming: Display: Merging postload groups of package /Engine/EngineMaterials/DefaultDiffuse with requester package /Engine/EngineMaterials/DefaultLightFunctionMaterial
[2026.08.30-14.03.20:658][  0]LogStreaming: Display: Flushing package /Engine/Functions/Engine_MaterialFunctions01/Shading/PowerToRoughness (state: ExportsDone) recursively from another package /Engine/EngineMaterials/DefaultPostProcessMaterial (state: CreateLinkerLoadExports) will result in a partially loaded package to avoid a deadlock.
[2026.08.30-14.03.20:658][  0]LogStreaming: Display: Package /Engine/Functions/Engine_MaterialFunctions01/Shading/PowerToRoughness has reached state ExportsDone > CreateLinkerLoadExports, releasing request 22 to allow recursive sync load to finish
[2026.08.30-14.03.20:658][  0]LogStreaming: Display: Merging postload groups of package /Engine/Functions/Engine_MaterialFunctions01/Shading/PowerToRoughness with requester package /Engine/EngineMaterials/DefaultPostProcessMaterial
[2026.08.30-14.03.20:658][  0]LogStreaming: Display: Flushing package /Engine/Functions/Engine_MaterialFunctions01/Shading/ConvertFromDiffSpec (state: ExportsDone) recursively from another package /Engine/EngineMaterials/DefaultPostProcessMaterial (state: CreateLinkerLoadExports) will result in a partially loaded package to avoid a deadlock.
[2026.08.30-14.03.20:658][  0]LogStreaming: Display: Package /Engine/Functions/Engine_MaterialFunctions01/Shading/ConvertFromDiffSpec has reached state ExportsDone > CreateLinkerLoadExports, releasing request 23 to allow recursive sync load to finish
[2026.08.30-14.03.20:658][  0]LogStreaming: Display: Merging postload groups of package /Engine/Functions/Engine_MaterialFunctions01/Shading/ConvertFromDiffSpec with requester package /Engine/EngineMaterials/DefaultPostProcessMaterial
[2026.08.30-14.03.20:658][  0]LogStreaming: Display: Merging postload groups of package /Engine/Functions/Engine_MaterialFunctions02/Utility/BreakOutFloat2Components with requester package /Engine/EngineMaterials/DefaultLightFunctionMaterial
[2026.08.30-14.03.20:659][  0]LogStreaming: Display: Package /Engine/EngineMaterials/DefaultPostProcessMaterial has reached state ExportsDone > CreateLinkerLoadExports, releasing request 21 to allow recursive sync load to finish
[2026.08.30-14.03.20:659][  0]LogStreaming: Display: Merging postload groups of package /Engine/EngineMaterials/DefaultPostProcessMaterial with requester package /Engine/EngineMaterials/DefaultLightFunctionMaterial
[2026.08.30-14.03.20:660][  0]LogStreaming: Display: Flushing package /Engine/EngineMaterials/DefaultPostProcessMaterial (state: ExportsDone) recursively from another package /Engine/EngineMaterials/DefaultLightFunctionMaterial (state: CreateLinkerLoadExports) will result in a partially loaded package to avoid a deadlock.
[2026.08.30-14.03.20:660][  0]LogStreaming: Display: Package /Engine/EngineMaterials/DefaultPostProcessMaterial has reached state ExportsDone > CreateLinkerLoadExports, releasing request 24 to allow recursive sync load to finish
[2026.08.30-14.03.20:660][  0]LogStreaming: Display: Merging postload groups of package /Engine/EngineMaterials/DefaultPostProcessMaterial with requester package /Engine/EngineMaterials/DefaultLightFunctionMaterial
[2026.08.30-14.03.20:660][  0]LogStreaming: Display: Package /Engine/EngineMaterials/DefaultLightFunctionMaterial has reached state ExportsDone > CreateLinkerLoadExports, releasing request 18 to allow recursive sync load to finish
[2026.08.30-14.03.20:660][  0]LogStreaming: Display: Merging postload groups of package /Engine/EngineMaterials/DefaultLightFunctionMaterial with requester package /Engine/EngineMaterials/DefaultDeferredDecalMaterial
[2026.08.30-14.03.20:661][  0]LogStreaming: Display: Flushing package /Engine/EngineMaterials/DefaultLightFunctionMaterial (state: ExportsDone) recursively from another package /Engine/EngineMaterials/DefaultDeferredDecalMaterial (state: CreateLinkerLoadExports) will result in a partially loaded package to avoid a deadlock.
[2026.08.30-14.03.20:661][  0]LogStreaming: Display: Package /Engine/EngineMaterials/DefaultLightFunctionMaterial has reached state ExportsDone > CreateLinkerLoadExports, releasing request 25 to allow recursive sync load to finish
[2026.08.30-14.03.20:661][  0]LogStreaming: Display: Merging postload groups of package /Engine/EngineMaterials/DefaultLightFunctionMaterial with requester package /Engine/EngineMaterials/DefaultDeferredDecalMaterial
[2026.08.30-14.03.20:661][  0]LogStreaming: Display: Package /Engine/EngineMaterials/DefaultDeferredDecalMaterial has reached state ExportsDone > CreateLinkerLoadExports, releasing request 15 to allow recursive sync load to finish
[2026.08.30-14.03.20:661][  0]LogStreaming: Display: Merging postload groups of package /Engine/EngineMaterials/DefaultDeferredDecalMaterial with requester package /Engine/EngineMaterials/WorldGridMaterial
[2026.08.30-14.03.20:661][  0]LogStreaming: Display: Flushing package /Engine/EngineMaterials/DefaultDeferredDecalMaterial (state: ExportsDone) recursively from another package /Engine/EngineMaterials/WorldGridMaterial (state: CreateLinkerLoadExports) will result in a partially loaded package to avoid a deadlock.
[2026.08.30-14.03.20:661][  0]LogStreaming: Display: Package /Engine/EngineMaterials/DefaultDeferredDecalMaterial has reached state ExportsDone > CreateLinkerLoadExports, releasing request 26 to allow recursive sync load to finish
[2026.08.30-14.03.20:663][  0]LogStreaming: Display: Merging postload groups of package /Engine/EngineMaterials/DefaultDeferredDecalMaterial with requester package /Engine/EngineMaterials/WorldGridMaterial
[2026.08.30-14.03.20:866][  0]LogMeshReduction: Display: Using QuadricMeshReduction for automatic static mesh reduction
[2026.08.30-14.03.20:866][  0]LogMeshReduction: Display: Using SkeletalMeshReduction for automatic skeletal mesh reduction
[2026.08.30-14.03.20:866][  0]LogMeshReduction: Display: Using ProxyLODMeshReduction for automatic mesh merging
[2026.08.30-14.03.20:866][  0]LogMeshReduction: Display: No distributed automatic mesh merging module available
[2026.08.30-14.03.20:866][  0]LogMeshMerging: No distributed automatic mesh merging module available
[2026.08.30-14.03.20:971][  0]LogTextureEncodingSettings: Display: Texture Encode Speed: Final (cook).
[2026.08.30-14.03.20:972][  0]LogTextureEncodingSettings: Display: Oodle Texture Encode Speed settings: Fast: RDO Off Lambda=0, Effort=Normal Final: RDO On Lambda=30, Effort=Normal
[2026.08.30-14.03.20:972][  0]LogTextureEncodingSettings: Display: Shared linear texture encoding: Enabled
[2026.08.30-14.03.21:661][  0]LogVirtualization: Display: VirtualizationSystem name found in ini file: None
[2026.08.30-14.03.21:661][  0]LogVirtualization: Display: FNullVirtualizationSystem mounted, virtualization will be disabled
[2026.08.30-14.03.21:680][  0]LogPackageLocalizationCache: Processed 80 localized package path(s) for 2 prioritized culture(s) in 0.018706 seconds
[2026.08.30-14.03.22:197][  0]LogWorldPartition: Display: FWorldPartitionClassDescRegistry::Initialize started...
[2026.08.30-14.03.22:200][  0]LogWorldPartition: Display: FWorldPartitionClassDescRegistry::Initialize took 3.449 ms
[2026.08.30-14.03.22:315][  0]LogSlate: InvalidateAllWidgets triggered.  All widgets were invalidated
[2026.08.30-14.03.22:429][  0]LogNiagaraDebuggerClient: Niagara Debugger Client Initialized | Session: 9B42A60AE9E24B898000000000001B00 | Instance: B397B8C5442DAAE31696198A1E006E14 (小小-56856).
[2026.08.30-14.03.22:645][  0]LogCollectionManager: Loaded 0 collections in 0.004990 seconds
[2026.08.30-14.03.22:649][  0]LogFileCache: Scanning file cache for directory 'D:/UE5_My_Project/LyraStarterGame/Saved/Collections/' took 0.00s
[2026.08.30-14.03.22:652][  0]LogFileCache: Scanning file cache for directory 'D:/UE5_My_Project/LyraStarterGame/Content/Developers/LX/Collections/' took 0.00s
[2026.08.30-14.03.22:654][  0]LogFileCache: Scanning file cache for directory 'D:/UE5_My_Project/LyraStarterGame/Content/Collections/' took 0.00s
[2026.08.30-14.03.22:655][  0]LogCollectionManager: Fixed up redirectors for 0 collections in 0.000008 seconds (updated 0 objects)
[2026.08.30-14.03.23:964][  0]LogStats: UGameplayTagsManager::InitializeManager -  0.006 s
[2026.08.30-14.03.24:168][  0]LogGauntlet: Display: Gauntlet Initialized
[2026.08.30-14.03.24:232][  0]LogPython: Using Python 3.11.8
[2026.08.30-14.03.25:720][  0]LogPython: Display: No enabled plugins with python dependencies found, skipping
[2026.08.30-14.03.25:861][  0]LogAudioModulation: Display: Initialized Audio Modulation Parameter 'BitDepth'
[2026.08.30-14.03.25:863][  0]LogAudioModulation: Display: Initialized Audio Modulation Parameter 'HPFCutoffFrequency'
[2026.08.30-14.03.25:865][  0]LogAudioModulation: Display: Initialized Audio Modulation Parameter 'LowRateFrequency'
[2026.08.30-14.03.25:867][  0]LogAudioModulation: Display: Initialized Audio Modulation Parameter 'LPFCutoffFrequency'
[2026.08.30-14.03.25:869][  0]LogAudioModulation: Display: Initialized Audio Modulation Parameter 'Pan'
[2026.08.30-14.03.25:872][  0]LogAudioModulation: Display: Initialized Audio Modulation Parameter 'Pitch'
[2026.08.30-14.03.25:873][  0]LogAudioModulation: Display: Initialized Audio Modulation Parameter 'SampleRate'
[2026.08.30-14.03.25:875][  0]LogAudioModulation: Display: Initialized Audio Modulation Parameter 'TimeOfDay'
[2026.08.30-14.03.25:876][  0]LogAudioModulation: Display: Initialized Audio Modulation Parameter 'Volume'
[2026.08.30-14.03.25:876][  0]LogAudioModulation: Registering Modulation MetaSound Nodes...
[2026.08.30-14.03.26:414][  0]LogAudio: Display: Registering Engine Module Parameter Interfaces...
[2026.08.30-14.03.26:419][  0]LogMetasoundEngine: MetaSound Engine Initialized
[2026.08.30-14.03.26:427][  0]LogAudioModulation: Audio Modulation Initialized
[2026.08.30-14.03.28:488][  0]LogSteamShared: Display: Loading Steam SDK 1.57
[2026.08.30-14.03.28:496][  0]LogSteamShared: Steam SDK Loaded!
[2026.08.30-14.03.29:310][  0]AudioGameplayLog: FAudioGameplayModule::StartupModule
[2026.08.30-14.03.30:676][  0]SourceControl: 版本控制已禁用
[2026.08.30-14.03.31:757][  0]LogOpenImageDenoise: OIDN starting up
[2026.08.30-14.03.31:827][  0]LogAndroidPermission: UAndroidPermissionCallbackProxy::GetInstance
[2026.08.30-14.03.31:936][  0]LogAudioCaptureCore: Display: No Audio Capture implementations found. Audio input will be silent.
[2026.08.30-14.03.31:936][  0]LogAudioCaptureCore: Display: No Audio Capture implementations found. Audio input will be silent.
[2026.08.30-14.03.32:458][  0]LogSockets: SteamSockets: Disabled due to no Steam OSS running.
[2026.08.30-14.03.32:997][  0]LogUObjectArray: 47206 objects as part of root set at end of initial load.
[2026.08.30-14.03.32:997][  0]LogUObjectAllocator: 15045112 out of 0 bytes used by permanent object pool.
[2026.08.30-14.03.32:997][  0]LogUObjectArray: CloseDisregardForGC: 0/0 objects in disregard for GC pool
[2026.08.30-14.03.33:023][  0]LogStreaming: Display: AsyncLoading2 - NotifyRegistrationComplete: Registered 36957 public script object entries (999.75 KB)
[2026.08.30-14.03.33:023][  0]LogStreaming: Display: AsyncLoading2 - Thread Started: false, IsInitialLoad: false
[2026.08.30-14.03.33:364][  0]LogEngine: Initializing Engine...
[2026.08.30-14.03.33:375][  0]LogGameFeatures: Initializing game features subsystem
[2026.08.30-14.03.33:525][  0]LogGameFeatures: Scanning for built-in game feature plugins
[2026.08.30-14.03.33:531][  0]LogGameFeatures: Loading 257 builtins
[2026.08.30-14.03.33:531][  0]LogGameFeatures: Display: Creating GameFeaturePlugin StateMachine using Identifier:TopDownArena.uplugin from PluginURL:file:../../../../../../UE5_My_Project/LyraStarterGame/Plugins/GameFeatures/TopDownArena/TopDownArena.uplugin
[2026.08.30-14.03.33:537][  0]LogPackageLocalizationCache: Processed 1 localized package path(s) for 2 prioritized culture(s) in 0.004466 seconds
[2026.08.30-14.03.33:731][  0]LogGameFeatures: Display: Game feature 'TopDownArena' loaded successfully. Ending state: Registered, [Registered, Active]
[2026.08.30-14.03.33:731][  0]LogGameFeatures: Display: Creating GameFeaturePlugin StateMachine using Identifier:ShooterCore.uplugin from PluginURL:file:../../../../../../UE5_My_Project/LyraStarterGame/Plugins/GameFeatures/ShooterCore/ShooterCore.uplugin
[2026.08.30-14.03.33:738][  0]LogPackageLocalizationCache: Processed 1 localized package path(s) for 2 prioritized culture(s) in 0.005696 seconds
[2026.08.30-14.03.34:016][  0]LogGameFeatures: Display: Game feature 'ShooterCore' loaded successfully. Ending state: Registered, [Registered, Active]
[2026.08.30-14.03.34:016][  0]LogGameFeatures: Display: Creating GameFeaturePlugin StateMachine using Identifier:ShooterExplorer.uplugin from PluginURL:file:../../../../../../UE5_My_Project/LyraStarterGame/Plugins/GameFeatures/ShooterExplorer/ShooterExplorer.uplugin
[2026.08.30-14.03.34:022][  0]LogPackageLocalizationCache: Processed 1 localized package path(s) for 2 prioritized culture(s) in 0.004431 seconds
[2026.08.30-14.03.34:082][  0]LogGameFeatures: Display: Game feature 'ShooterExplorer' loaded successfully. Ending state: Registered, [Registered, Active]
[2026.08.30-14.03.34:082][  0]LogGameFeatures: Display: Creating GameFeaturePlugin StateMachine using Identifier:ShooterTests.uplugin from PluginURL:file:../../../../../../UE5_My_Project/LyraStarterGame/Plugins/GameFeatures/ShooterTests/ShooterTests.uplugin
[2026.08.30-14.03.34:087][  0]LogPackageLocalizationCache: Processed 1 localized package path(s) for 2 prioritized culture(s) in 0.004995 seconds
[2026.08.30-14.03.34:161][  0]LogGameFeatures: Display: Game feature 'ShooterTests' loaded successfully. Ending state: Registered, [Registered, Active]
[2026.08.30-14.03.34:162][  0]LogGameFeatures: Display: Creating GameFeaturePlugin StateMachine using Identifier:ShooterMaps.uplugin from PluginURL:file:../../../../../../UE5_My_Project/LyraStarterGame/Plugins/GameFeatures/ShooterMaps/ShooterMaps.uplugin
[2026.08.30-14.03.34:168][  0]LogPackageLocalizationCache: Processed 1 localized package path(s) for 2 prioritized culture(s) in 0.005750 seconds
[2026.08.30-14.03.34:325][  0]LogGameFeatures: Display: Game feature 'ShooterMaps' loaded successfully. Ending state: Registered, [Registered, Active]
[2026.08.30-14.03.34:325][  0]LogGameFeatures: Display: Total built in plugin load time 0.7952s
[2026.08.30-14.03.34:325][  0]LogStats: BuiltInGameFeaturePlugins loaded. -  0.795 s
[2026.08.30-14.03.34:325][  0]LogLyra: Display: Startup job "InitializeGameplayCueManager()" starting
[2026.08.30-14.03.34:325][  0]LogLyra: Display: Startup job "InitializeGameplayCueManager()" took 0.00 seconds to complete
[2026.08.30-14.03.34:325][  0]LogLyra: Display: Startup job "GetGameData()" starting
[2026.08.30-14.03.34:325][  0]LogLyra: Loading GameData: /Game/DefaultGameData.DefaultGameData ...
[2026.08.30-14.03.34:343][  0]LogStats:             ... GameData loaded! -  0.015 s
[2026.08.30-14.03.34:343][  0]LogLyra: Display: Startup job "GetGameData()" took 0.02 seconds to complete
[2026.08.30-14.03.34:343][  0]LogLyra: Display: All startup jobs took 0.02 seconds to complete
[2026.08.30-14.03.34:351][  0]LogNetVersion: Set ProjectVersion to 1.0.0.0. Version Checksum will be recalculated on next use.
[2026.08.30-14.03.34:354][  0]LogInit: Texture streaming: Disabled
[2026.08.30-14.03.34:534][  0]LogCsvProfiler: Display: Metadata set : largeworldcoordinates="1"
[2026.08.30-14.03.34:556][  0]LogWorldMetrics: [UWorldMetricsSubsystem::Initialize]
[2026.08.30-14.03.34:563][  0]LogNiagara: UAV Float16 is not supported, compressed GPU emitters will be disabled.
[2026.08.30-14.03.34:717][  0]LogChartCreation: Started creating FPS charts at 16819533.424613 seconds
[2026.08.30-14.03.34:743][  0]LogEngine: GameWindow did not exist.  Was created
[2026.08.30-14.03.34:764][  0]LogSlate: Updating window title bar state: overlay mode, drag disabled, window buttons hidden, title bar hidden
[2026.08.30-14.03.34:769][  0]LogWindows: WindowsPlatformFeatures enabled
[2026.08.30-14.03.34:779][  0]LogEnhancedInput: Enhanced Input local player subsystem has initalized the user settings!
[2026.08.30-14.03.34:801][  0]LogUIActionRouter: Display: Found 0 derived classes when attemping to create action router (CommonUIActionRouterBase)
[2026.08.30-14.03.35:343][  0]LogCommonGame: AddLocalPlayer: Set LyraLocalPlayer_0 to Primary Player
[2026.08.30-14.03.35:343][  0]LogInit: Display: Game Engine Initialized.
[2026.08.30-14.03.35:369][  0]LogNiagaraEditor: GEditor isn't valid! Particle reset commands will not work for Niagara components!
[2026.08.30-14.03.35:513][  0]LogInit: Display: Starting Game.
[2026.08.30-14.03.35:513][  0]LogGlobalStatus: UEngine::Browse Started Browse: "/Game/WeaponSystem/Maps/L_WS_WeaponTest?Name=Player"
[2026.08.30-14.03.35:513][  0]LogNet: Browse: /Game/WeaponSystem/Maps/L_WS_WeaponTest?Name=Player
[2026.08.30-14.03.35:519][  0]LogLoadingScreen: Showing loading screen when 'IsShowingInitialLoadingScreen()' is false.
[2026.08.30-14.03.35:519][  0]LogLoadingScreen: GameState hasn't yet replicated (it's null)
[2026.08.30-14.03.36:382][  0]LogSlate: Took 0.001083 seconds to synchronously load lazily loaded font '../../../Engine/Content/Slate/Fonts/Roboto-Regular.ttf' (155K)
[2026.08.30-14.03.36:386][  0]LogSlate: Took 0.005394 seconds to synchronously load lazily loaded font '../../../Engine/Content/Slate/Fonts/DroidSansFallback.ttf' (3848K)
[2026.08.30-14.03.36:401][  0]LogLoadingScreen: Loading screen showing: 1. Reason: GameState hasn't yet replicated (it's null)
[2026.08.30-14.03.50:342][  0]LogNiagaraEditor: Niagara graph NiagaraGraph /Game/Effects/Particles/Environmental/NS_WallPortal.NS_WallPortal:SystemDisturbed.NiagaraScriptSource_0.NiagaraGraph_0: The default value declaration for the variable 'Module.ActiveTime' is not consistent between the graph and the metadata.
  Either change the default mode to 'custom' or check the input pins in the parameter map get node in the graph.
[2026.08.30-14.03.50:774][  0]LogLoad: LoadMap: /Game/WeaponSystem/Maps/L_WS_WeaponTest?Name=Player
[2026.08.30-14.03.50:774][  0]LogWorld: BeginTearingDown for /Temp/Untitled_0
[2026.08.30-14.03.50:780][  0]LogWorld: UWorld::CleanupWorld for Untitled, bSessionEnded=true, bCleanupResources=true
[2026.08.30-14.03.50:784][  0]LogSlate: InvalidateAllWidgets triggered.  All widgets were invalidated
[2026.08.30-14.03.50:789][  0]LogWorldMetrics: [UWorldMetricsSubsystem::Deinitialize]
[2026.08.30-14.03.50:789][  0]LogWorldMetrics: [UWorldMetricsSubsystem::Clear]
[2026.08.30-14.03.51:016][  0]LogUObjectHash: Compacting FUObjectHashTables data took   4.28ms
[2026.08.30-14.03.51:018][  0]LogUIActionRouter: Cleaned out [0] inactive UI action bindings
[2026.08.30-14.03.51:027][  0]LogStreaming: Display: 1.999 ms for processing 35661 objects in RemoveUnreachableObjects(Queued=1, Async=0). Removed 9 (1667->1658) packages and 29383 (77477->48094) public exports.
[2026.08.30-14.04.02:283][  0]LogWorldMetrics: [UWorldMetricsSubsystem::Initialize]
[2026.08.30-14.04.02:325][  0]LogLoad: Game class is 'B_LyraGameMode_C'
[2026.08.30-14.04.02:332][  0]LogStaticMesh: Display: Waiting on static mesh StaticMesh /Game/Weapons/Spawnpad/Mesh/SM_launchpad_Round.SM_launchpad_Round being ready before playing
[2026.08.30-14.04.02:332][  0]LogStaticMesh: Display: Waiting on static mesh StaticMesh /Engine/BasicShapes/Cube.Cube being ready before playing
[2026.08.30-14.04.02:332][  0]LogStaticMesh: Display: Waiting on static mesh StaticMesh /Engine/EngineSky/SM_SkySphere.SM_SkySphere being ready before playing
[2026.08.30-14.04.02:332][  0]LogStaticMesh: Display: Waiting on static mesh StaticMesh /Engine/BasicShapes/Sphere.Sphere being ready before playing
[2026.08.30-14.04.02:332][  0]LogStaticMesh: Display: Waiting on static mesh StaticMesh /Engine/BasicShapes/Cylinder.Cylinder being ready before playing
[2026.08.30-14.04.02:332][  0]LogStaticMesh: Display: Waiting on static mesh StaticMesh /Game/Weapons/Rifle/Mesh/SM_Rifle.SM_Rifle being ready before playing
[2026.08.30-14.04.02:332][  0]LogStaticMesh: Display: Waiting on static mesh StaticMesh /Game/Weapons/Shotgun/Mesh/SM_Shotgun.SM_Shotgun being ready before playing
[2026.08.30-14.04.02:388][  0]LogWorld: Bringing World /Game/WeaponSystem/Maps/L_WS_WeaponTest.L_WS_WeaponTest up for play (max tick rate 60) at 2026.08.30-22.04.02
[2026.08.30-14.04.02:398][  0]LogWorld: Bringing up level for play took: 0.055711
[2026.08.30-14.04.02:428][  0]LogCommonGame: [B_LyraUIPolicy_C_0] is adding player [LyraLocalPlayer_0]'s root layout [W_OverallUILayout_C_0] to the viewport
[2026.08.30-14.04.02:471][  0]LogLoad: Took 11.698953 seconds to LoadMap(/Game/WeaponSystem/Maps/L_WS_WeaponTest)
[2026.08.30-14.04.02:471][  0]LogGlobalStatus: UEngine::LoadMap Load map complete /Game/WeaponSystem/Maps/L_WS_WeaponTest
[2026.08.30-14.04.02:749][  0]LogStats: UGameplayCueManager::InitializeEditorObjectLibrary -  0.079 s
[2026.08.30-14.04.02:792][  0]LogBackChannel: Listening on FBackChannelConnection Client Socket (localport: 2049)
[2026.08.30-14.04.02:792][  0]LogRemoteSession: Started listening on port 2049
[2026.08.30-14.04.02:804][  0]LogInit: Display: Engine is initialized. Leaving FEngineLoop::Init()
[2026.08.30-14.04.02:804][  0]LogLoad: (Engine Initialization) Total time: 54.95 seconds
[2026.08.30-14.04.02:829][  0]LogLyraExperience: Identified experience LyraExperienceDefinition:B_ShooterGame_Elimination (Source: WorldSettings)
[2026.08.30-14.04.09:701][  0]LogLyraExperience: EXPERIENCE: StartExperienceLoad(CurrentExperience = LyraExperienceDefinition:B_ShooterGame_Elimination, Server)
[2026.08.30-14.04.09:922][  0]Running Python start-up script 'D:/UE_Engine/UE_.5.4/UE_5.4/Engine/Plugins/MovieScene/MovieRenderPipeline/Content/Python/init_unreal.py': 0.105934 secs
[2026.08.30-14.04.09:994][  0]LogPython: registering <class 'ControlRigWorkflows.workflow_deformation_rig_preset.provider'>

[2026.08.30-14.04.10:005][  0]Running Python start-up script 'D:/UE_Engine/UE_.5.4/UE_5.4/Engine/Plugins/Animation/ControlRig/Content/Python/init_unreal.py': 0.077029 secs
[2026.08.30-14.04.11:949][150]LogLoadingScreen: Loading screen showing: 1. Reason: Experience still loading
[2026.08.30-14.04.15:079][300]LogLoadingScreen: Loading screen showing: 1. Reason: Experience still loading
[2026.08.30-14.04.15:325][307]LogStreaming: Warning: Took 156.53ms to ProcessLoadedPackages
[2026.08.30-14.04.16:331][354]LogLyraExperience: EXPERIENCE: OnExperienceLoadComplete(CurrentExperience = LyraExperienceDefinition:B_ShooterGame_Elimination, Server)
[2026.08.30-14.04.16:340][354]LogStreaming: Display: FlushAsyncLoading(302,303,323,324,325,326): 4 QueuedPackages, 0 AsyncPackages
[2026.08.30-14.04.17:152][354]LogLyraGamePhase: Beginning Phase 'ShooterGame.GamePhase.Warmup' (Phase_Warmup_C_0)
[2026.08.30-14.04.17:679][354]LogScript: Warning: “无访问”正在尝试读取属性 CallFunc_SpawnSystemAttached_ReturnValue
	GCNL_Spawning_C /Game/WeaponSystem/Maps/L_WS_WeaponTest.L_WS_WeaponTest:PersistentLevel.GCNL_Spawning_C_0
	Function /ShooterCore/GameplayCues/GCNL_Spawning.GCNL_Spawning_C:SpawnEffectForEachMeshComponent:03C6
Script call stack:
	Function /ShooterCore/GameplayCues/GCNL_Spawning.GCNL_Spawning_C:OnCharacterPartsChanged
	Function /ShooterCore/GameplayCues/GCNL_Spawning.GCNL_Spawning_C:ExecuteUbergraph_GCNL_Spawning
	Function /ShooterCore/GameplayCues/GCNL_Spawning.GCNL_Spawning_C:SpawnEffectForEachMeshComponent

[2026.08.30-14.04.17:679][354]LogScript: Warning: Script call stack:
	Function /ShooterCore/GameplayCues/GCNL_Spawning.GCNL_Spawning_C:OnCharacterPartsChanged
	Function /ShooterCore/GameplayCues/GCNL_Spawning.GCNL_Spawning_C:ExecuteUbergraph_GCNL_Spawning
	Function /ShooterCore/GameplayCues/GCNL_Spawning.GCNL_Spawning_C:SpawnEffectForEachMeshComponent

[2026.08.30-14.04.17:690][354]LogScript: Warning: “无访问”正在尝试读取属性 CallFunc_SpawnSystemAttached_ReturnValue
	GCNL_Spawning_C /Game/WeaponSystem/Maps/L_WS_WeaponTest.L_WS_WeaponTest:PersistentLevel.GCNL_Spawning_C_0
	Function /ShooterCore/GameplayCues/GCNL_Spawning.GCNL_Spawning_C:SpawnEffectForEachMeshComponent:0421
Script call stack:
	Function /ShooterCore/GameplayCues/GCNL_Spawning.GCNL_Spawning_C:OnCharacterPartsChanged
	Function /ShooterCore/GameplayCues/GCNL_Spawning.GCNL_Spawning_C:ExecuteUbergraph_GCNL_Spawning
	Function /ShooterCore/GameplayCues/GCNL_Spawning.GCNL_Spawning_C:SpawnEffectForEachMeshComponent

[2026.08.30-14.04.17:690][354]LogScript: Warning: Script call stack:
	Function /ShooterCore/GameplayCues/GCNL_Spawning.GCNL_Spawning_C:OnCharacterPartsChanged
	Function /ShooterCore/GameplayCues/GCNL_Spawning.GCNL_Spawning_C:ExecuteUbergraph_GCNL_Spawning
	Function /ShooterCore/GameplayCues/GCNL_Spawning.GCNL_Spawning_C:SpawnEffectForEachMeshComponent

[2026.08.30-14.04.17:711][354]LogScript: Warning: “无访问”正在尝试读取属性 CallFunc_SpawnSystemAttached_ReturnValue
	GCNL_Spawning_C /Game/WeaponSystem/Maps/L_WS_WeaponTest.L_WS_WeaponTest:PersistentLevel.GCNL_Spawning_C_1
	Function /ShooterCore/GameplayCues/GCNL_Spawning.GCNL_Spawning_C:SpawnEffectForEachMeshComponent:03C6
Script call stack:
	Function /ShooterCore/GameplayCues/GCNL_Spawning.GCNL_Spawning_C:OnCharacterPartsChanged
	Function /ShooterCore/GameplayCues/GCNL_Spawning.GCNL_Spawning_C:ExecuteUbergraph_GCNL_Spawning
	Function /ShooterCore/GameplayCues/GCNL_Spawning.GCNL_Spawning_C:SpawnEffectForEachMeshComponent

[2026.08.30-14.04.17:711][354]LogScript: Warning: Script call stack:
	Function /ShooterCore/GameplayCues/GCNL_Spawning.GCNL_Spawning_C:OnCharacterPartsChanged
	Function /ShooterCore/GameplayCues/GCNL_Spawning.GCNL_Spawning_C:ExecuteUbergraph_GCNL_Spawning
	Function /ShooterCore/GameplayCues/GCNL_Spawning.GCNL_Spawning_C:SpawnEffectForEachMeshComponent

[2026.08.30-14.04.17:711][354]LogScript: Warning: “无访问”正在尝试读取属性 CallFunc_SpawnSystemAttached_ReturnValue
	GCNL_Spawning_C /Game/WeaponSystem/Maps/L_WS_WeaponTest.L_WS_WeaponTest:PersistentLevel.GCNL_Spawning_C_1
	Function /ShooterCore/GameplayCues/GCNL_Spawning.GCNL_Spawning_C:SpawnEffectForEachMeshComponent:0421
Script call stack:
	Function /ShooterCore/GameplayCues/GCNL_Spawning.GCNL_Spawning_C:OnCharacterPartsChanged
	Function /ShooterCore/GameplayCues/GCNL_Spawning.GCNL_Spawning_C:ExecuteUbergraph_GCNL_Spawning
	Function /ShooterCore/GameplayCues/GCNL_Spawning.GCNL_Spawning_C:SpawnEffectForEachMeshComponent

[2026.08.30-14.04.17:711][354]LogScript: Warning: Script call stack:
	Function /ShooterCore/GameplayCues/GCNL_Spawning.GCNL_Spawning_C:OnCharacterPartsChanged
	Function /ShooterCore/GameplayCues/GCNL_Spawning.GCNL_Spawning_C:ExecuteUbergraph_GCNL_Spawning
	Function /ShooterCore/GameplayCues/GCNL_Spawning.GCNL_Spawning_C:SpawnEffectForEachMeshComponent

[2026.08.30-14.04.17:721][354]LogScript: Warning: “无访问”正在尝试读取属性 CallFunc_SpawnSystemAttached_ReturnValue
	GCNL_Spawning_C /Game/WeaponSystem/Maps/L_WS_WeaponTest.L_WS_WeaponTest:PersistentLevel.GCNL_Spawning_C_2
	Function /ShooterCore/GameplayCues/GCNL_Spawning.GCNL_Spawning_C:SpawnEffectForEachMeshComponent:03C6
Script call stack:
	Function /ShooterCore/GameplayCues/GCNL_Spawning.GCNL_Spawning_C:OnCharacterPartsChanged
	Function /ShooterCore/GameplayCues/GCNL_Spawning.GCNL_Spawning_C:ExecuteUbergraph_GCNL_Spawning
	Function /ShooterCore/GameplayCues/GCNL_Spawning.GCNL_Spawning_C:SpawnEffectForEachMeshComponent

[2026.08.30-14.04.17:721][354]LogScript: Warning: Script call stack:
	Function /ShooterCore/GameplayCues/GCNL_Spawning.GCNL_Spawning_C:OnCharacterPartsChanged
	Function /ShooterCore/GameplayCues/GCNL_Spawning.GCNL_Spawning_C:ExecuteUbergraph_GCNL_Spawning
	Function /ShooterCore/GameplayCues/GCNL_Spawning.GCNL_Spawning_C:SpawnEffectForEachMeshComponent

[2026.08.30-14.04.17:721][354]LogScript: Warning: “无访问”正在尝试读取属性 CallFunc_SpawnSystemAttached_ReturnValue
	GCNL_Spawning_C /Game/WeaponSystem/Maps/L_WS_WeaponTest.L_WS_WeaponTest:PersistentLevel.GCNL_Spawning_C_2
	Function /ShooterCore/GameplayCues/GCNL_Spawning.GCNL_Spawning_C:SpawnEffectForEachMeshComponent:0421
Script call stack:
	Function /ShooterCore/GameplayCues/GCNL_Spawning.GCNL_Spawning_C:OnCharacterPartsChanged
	Function /ShooterCore/GameplayCues/GCNL_Spawning.GCNL_Spawning_C:ExecuteUbergraph_GCNL_Spawning
	Function /ShooterCore/GameplayCues/GCNL_Spawning.GCNL_Spawning_C:SpawnEffectForEachMeshComponent

[2026.08.30-14.04.17:721][354]LogScript: Warning: Script call stack:
	Function /ShooterCore/GameplayCues/GCNL_Spawning.GCNL_Spawning_C:OnCharacterPartsChanged
	Function /ShooterCore/GameplayCues/GCNL_Spawning.GCNL_Spawning_C:ExecuteUbergraph_GCNL_Spawning
	Function /ShooterCore/GameplayCues/GCNL_Spawning.GCNL_Spawning_C:SpawnEffectForEachMeshComponent

[2026.08.30-14.04.17:741][354]LogScript: Warning: “无访问”正在尝试读取属性 CallFunc_SpawnSystemAttached_ReturnValue
	GCNL_Spawning_C /Game/WeaponSystem/Maps/L_WS_WeaponTest.L_WS_WeaponTest:PersistentLevel.GCNL_Spawning_C_3
	Function /ShooterCore/GameplayCues/GCNL_Spawning.GCNL_Spawning_C:SpawnEffectForEachMeshComponent:03C6
Script call stack:
	Function /ShooterCore/GameplayCues/GCNL_Spawning.GCNL_Spawning_C:OnCharacterPartsChanged
	Function /ShooterCore/GameplayCues/GCNL_Spawning.GCNL_Spawning_C:ExecuteUbergraph_GCNL_Spawning
	Function /ShooterCore/GameplayCues/GCNL_Spawning.GCNL_Spawning_C:SpawnEffectForEachMeshComponent

[2026.08.30-14.04.17:741][354]LogScript: Warning: Script call stack:
	Function /ShooterCore/GameplayCues/GCNL_Spawning.GCNL_Spawning_C:OnCharacterPartsChanged
	Function /ShooterCore/GameplayCues/GCNL_Spawning.GCNL_Spawning_C:ExecuteUbergraph_GCNL_Spawning
	Function /ShooterCore/GameplayCues/GCNL_Spawning.GCNL_Spawning_C:SpawnEffectForEachMeshComponent

[2026.08.30-14.04.17:741][354]LogScript: Warning: “无访问”正在尝试读取属性 CallFunc_SpawnSystemAttached_ReturnValue
	GCNL_Spawning_C /Game/WeaponSystem/Maps/L_WS_WeaponTest.L_WS_WeaponTest:PersistentLevel.GCNL_Spawning_C_3
	Function /ShooterCore/GameplayCues/GCNL_Spawning.GCNL_Spawning_C:SpawnEffectForEachMeshComponent:0421
Script call stack:
	Function /ShooterCore/GameplayCues/GCNL_Spawning.GCNL_Spawning_C:OnCharacterPartsChanged
	Function /ShooterCore/GameplayCues/GCNL_Spawning.GCNL_Spawning_C:ExecuteUbergraph_GCNL_Spawning
	Function /ShooterCore/GameplayCues/GCNL_Spawning.GCNL_Spawning_C:SpawnEffectForEachMeshComponent

[2026.08.30-14.04.17:741][354]LogScript: Warning: Script call stack:
	Function /ShooterCore/GameplayCues/GCNL_Spawning.GCNL_Spawning_C:OnCharacterPartsChanged
	Function /ShooterCore/GameplayCues/GCNL_Spawning.GCNL_Spawning_C:ExecuteUbergraph_GCNL_Spawning
	Function /ShooterCore/GameplayCues/GCNL_Spawning.GCNL_Spawning_C:SpawnEffectForEachMeshComponent

[2026.08.30-14.04.17:810][354]LogUIActionRouter: Display: Applying input config for leaf-most node [W_ShooterHUDLayout_C_0]
[2026.08.30-14.04.17:810][354]LogUIActionRouter: Display: UIInputConfig being changed. bForceRefresh: 1
[2026.08.30-14.04.17:810][354]LogUIActionRouter: Display: 	InputMode: Previous (None), New (ECommonInputMode::All)
[2026.08.30-14.04.17:810][354]LogViewport: Display: Viewport MouseCaptureMode Changed, NoCapture -> CapturePermanently
[2026.08.30-14.04.17:810][354]LogViewport: Display: Viewport HideCursorDuringCapture Changed, False -> True
[2026.08.30-14.04.17:810][354]LogViewport: Display: Viewport MouseLockMode Changed, DoNotLock -> LockOnCapture
[2026.08.30-14.04.17:813][354]LogUIActionRouter: Display: [User 0] No focus target for leaf-most node [W_ShooterHUDLayout_C_0], and the widget isn't focusable - focusing the game viewport.
[2026.08.30-14.04.17:813][354]LogHotfixManager: Display: Hotfix manager re-calling PatchAssetsFromIniFiles due to new plugins
[2026.08.30-14.04.17:813][354]LogHotfixManager: Display: Checking for assets to be patched using data from 'AssetHotfix' section in the Game .ini file
[2026.08.30-14.04.17:813][354]LogStreaming: Display: FlushAsyncLoading(): 0 QueuedPackages, 1 AsyncPackages
[2026.08.30-14.04.17:835][355]LogHotfixManager: Display: No assets were found in the 'AssetHotfix' section in the Game .ini file. No patching needed.
[2026.08.30-14.04.18:193][375]LogScript: Warning: “无访问”正在尝试读取属性 NS_ShellEject
	B_WeaponFire_C /Game/WeaponSystem/Maps/L_WS_WeaponTest.L_WS_WeaponTest:PersistentLevel.B_WeaponFire_C_0
	Function /Game/Effects/Blueprints/B_WeaponFire.B_WeaponFire_C:ExecuteUbergraph_B_WeaponFire:02D7
Script call stack:
	Function /ShooterCore/Weapons/Pistol/GCN_Weapon_Pistol_Fire.GCN_Weapon_Pistol_Fire_C:OnBurst
	Function /Game/Weapons/B_Weapon.B_Weapon_C:Fire
	Function /Game/Weapons/B_Weapon.B_Weapon_C:ExecuteUbergraph_B_Weapon
	Function /Game/Effects/Blueprints/B_WeaponFire.B_WeaponFire_C:Fire
	Function /Game/Effects/Blueprints/B_WeaponFire.B_WeaponFire_C:ExecuteUbergraph_B_WeaponFire

[2026.08.30-14.04.18:193][375]LogScript: Warning: Script call stack:
	Function /ShooterCore/Weapons/Pistol/GCN_Weapon_Pistol_Fire.GCN_Weapon_Pistol_Fire_C:OnBurst
	Function /Game/Weapons/B_Weapon.B_Weapon_C:Fire
	Function /Game/Weapons/B_Weapon.B_Weapon_C:ExecuteUbergraph_B_Weapon
	Function /Game/Effects/Blueprints/B_WeaponFire.B_WeaponFire_C:Fire
	Function /Game/Effects/Blueprints/B_WeaponFire.B_WeaponFire_C:ExecuteUbergraph_B_WeaponFire

[2026.08.30-14.04.18:193][375]LogScript: Warning: “无访问”正在尝试读取属性 NS_ShellEject
	B_WeaponFire_C /Game/WeaponSystem/Maps/L_WS_WeaponTest.L_WS_WeaponTest:PersistentLevel.B_WeaponFire_C_0
	Function /Game/Effects/Blueprints/B_WeaponFire.B_WeaponFire_C:ExecuteUbergraph_B_WeaponFire:01A3
Script call stack:
	Function /ShooterCore/Weapons/Pistol/GCN_Weapon_Pistol_Fire.GCN_Weapon_Pistol_Fire_C:OnBurst
	Function /Game/Weapons/B_Weapon.B_Weapon_C:Fire
	Function /Game/Weapons/B_Weapon.B_Weapon_C:ExecuteUbergraph_B_Weapon
	Function /Game/Effects/Blueprints/B_WeaponFire.B_WeaponFire_C:Fire
	Function /Game/Effects/Blueprints/B_WeaponFire.B_WeaponFire_C:ExecuteUbergraph_B_WeaponFire

[2026.08.30-14.04.18:193][375]LogScript: Warning: Script call stack:
	Function /ShooterCore/Weapons/Pistol/GCN_Weapon_Pistol_Fire.GCN_Weapon_Pistol_Fire_C:OnBurst
	Function /Game/Weapons/B_Weapon.B_Weapon_C:Fire
	Function /Game/Weapons/B_Weapon.B_Weapon_C:ExecuteUbergraph_B_Weapon
	Function /Game/Effects/Blueprints/B_WeaponFire.B_WeaponFire_C:Fire
	Function /Game/Effects/Blueprints/B_WeaponFire.B_WeaponFire_C:ExecuteUbergraph_B_WeaponFire

[2026.08.30-14.04.18:193][375]LogScript: Warning: “无访问”正在尝试读取属性 NS_MuzzleFlash
	B_WeaponFire_C /Game/WeaponSystem/Maps/L_WS_WeaponTest.L_WS_WeaponTest:PersistentLevel.B_WeaponFire_C_0
	Function /Game/Effects/Blueprints/B_WeaponFire.B_WeaponFire_C:ExecuteUbergraph_B_WeaponFire:03B0
Script call stack:
	Function /ShooterCore/Weapons/Pistol/GCN_Weapon_Pistol_Fire.GCN_Weapon_Pistol_Fire_C:OnBurst
	Function /Game/Weapons/B_Weapon.B_Weapon_C:Fire
	Function /Game/Weapons/B_Weapon.B_Weapon_C:ExecuteUbergraph_B_Weapon
	Function /Game/Effects/Blueprints/B_WeaponFire.B_WeaponFire_C:Fire
	Function /Game/Effects/Blueprints/B_WeaponFire.B_WeaponFire_C:ExecuteUbergraph_B_WeaponFire

[2026.08.30-14.04.18:193][375]LogScript: Warning: Script call stack:
	Function /ShooterCore/Weapons/Pistol/GCN_Weapon_Pistol_Fire.GCN_Weapon_Pistol_Fire_C:OnBurst
	Function /Game/Weapons/B_Weapon.B_Weapon_C:Fire
	Function /Game/Weapons/B_Weapon.B_Weapon_C:ExecuteUbergraph_B_Weapon
	Function /Game/Effects/Blueprints/B_WeaponFire.B_WeaponFire_C:Fire
	Function /Game/Effects/Blueprints/B_WeaponFire.B_WeaponFire_C:ExecuteUbergraph_B_WeaponFire

[2026.08.30-14.04.18:193][375]LogScript: Warning: “无访问”正在尝试读取属性 NS_MuzzleFlash
	B_WeaponFire_C /Game/WeaponSystem/Maps/L_WS_WeaponTest.L_WS_WeaponTest:PersistentLevel.B_WeaponFire_C_0
	Function /Game/Effects/Blueprints/B_WeaponFire.B_WeaponFire_C:ExecuteUbergraph_B_WeaponFire:04B7
Script call stack:
	Function /ShooterCore/Weapons/Pistol/GCN_Weapon_Pistol_Fire.GCN_Weapon_Pistol_Fire_C:OnBurst
	Function /Game/Weapons/B_Weapon.B_Weapon_C:Fire
	Function /Game/Weapons/B_Weapon.B_Weapon_C:ExecuteUbergraph_B_Weapon
	Function /Game/Effects/Blueprints/B_WeaponFire.B_WeaponFire_C:Fire
	Function /Game/Effects/Blueprints/B_WeaponFire.B_WeaponFire_C:ExecuteUbergraph_B_WeaponFire

[2026.08.30-14.04.18:193][375]LogScript: Warning: Script call stack:
	Function /ShooterCore/Weapons/Pistol/GCN_Weapon_Pistol_Fire.GCN_Weapon_Pistol_Fire_C:OnBurst
	Function /Game/Weapons/B_Weapon.B_Weapon_C:Fire
	Function /Game/Weapons/B_Weapon.B_Weapon_C:ExecuteUbergraph_B_Weapon
	Function /Game/Effects/Blueprints/B_WeaponFire.B_WeaponFire_C:Fire
	Function /Game/Effects/Blueprints/B_WeaponFire.B_WeaponFire_C:ExecuteUbergraph_B_WeaponFire

[2026.08.30-14.04.18:193][375]LogScript: Warning: “无访问”正在尝试读取属性 NS_Tracer
	B_WeaponFire_C /Game/WeaponSystem/Maps/L_WS_WeaponTest.L_WS_WeaponTest:PersistentLevel.B_WeaponFire_C_0
	Function /Game/Effects/Blueprints/B_WeaponFire.B_WeaponFire_C:ExecuteUbergraph_B_WeaponFire:06C5
Script call stack:
	Function /ShooterCore/Weapons/Pistol/GCN_Weapon_Pistol_Fire.GCN_Weapon_Pistol_Fire_C:OnBurst
	Function /Game/Weapons/B_Weapon.B_Weapon_C:Fire
	Function /Game/Weapons/B_Weapon.B_Weapon_C:ExecuteUbergraph_B_Weapon
	Function /Game/Effects/Blueprints/B_WeaponFire.B_WeaponFire_C:Fire
	Function /Game/Effects/Blueprints/B_WeaponFire.B_WeaponFire_C:ExecuteUbergraph_B_WeaponFire

[2026.08.30-14.04.18:193][375]LogScript: Warning: Script call stack:
	Function /ShooterCore/Weapons/Pistol/GCN_Weapon_Pistol_Fire.GCN_Weapon_Pistol_Fire_C:OnBurst
	Function /Game/Weapons/B_Weapon.B_Weapon_C:Fire
	Function /Game/Weapons/B_Weapon.B_Weapon_C:ExecuteUbergraph_B_Weapon
	Function /Game/Effects/Blueprints/B_WeaponFire.B_WeaponFire_C:Fire
	Function /Game/Effects/Blueprints/B_WeaponFire.B_WeaponFire_C:ExecuteUbergraph_B_WeaponFire

[2026.08.30-14.04.18:193][375]LogNiagara: Warning: NiagaraSystem was nullptr for OverrideName "User.ImpactPositions".
[2026.08.30-14.04.18:193][375]LogScript: Warning: “无访问”正在尝试读取属性 Decal
	B_WeaponDecals_C /Game/WeaponSystem/Maps/L_WS_WeaponTest.L_WS_WeaponTest:PersistentLevel.B_WeaponDecals_C_0
	Function /Game/Effects/Blueprints/B_WeaponDecals.B_WeaponDecals_C:ExecuteUbergraph_B_WeaponDecals:0123
Script call stack:
	Function /ShooterCore/Weapons/Pistol/GCN_Weapon_Pistol_Fire.GCN_Weapon_Pistol_Fire_C:OnBurst
	Function /Game/Weapons/B_Weapon.B_Weapon_C:Fire
	Function /Game/Weapons/B_Weapon.B_Weapon_C:ExecuteUbergraph_B_Weapon
	Function /Game/Effects/Blueprints/B_WeaponDecals.B_WeaponDecals_C:fire
	Function /Game/Effects/Blueprints/B_WeaponDecals.B_WeaponDecals_C:ExecuteUbergraph_B_WeaponDecals

[2026.08.30-14.04.18:193][375]LogScript: Warning: Script call stack:
	Function /ShooterCore/Weapons/Pistol/GCN_Weapon_Pistol_Fire.GCN_Weapon_Pistol_Fire_C:OnBurst
	Function /Game/Weapons/B_Weapon.B_Weapon_C:Fire
	Function /Game/Weapons/B_Weapon.B_Weapon_C:ExecuteUbergraph_B_Weapon
	Function /Game/Effects/Blueprints/B_WeaponDecals.B_WeaponDecals_C:fire
	Function /Game/Effects/Blueprints/B_WeaponDecals.B_WeaponDecals_C:ExecuteUbergraph_B_WeaponDecals

[2026.08.30-14.04.18:193][375]LogNiagara: Warning: NiagaraSystem was nullptr for OverrideName "User.ImpactSurfaces".
[2026.08.30-14.04.18:193][375]LogNiagara: Warning: NiagaraSystem was nullptr for OverrideName "User.ImpactPositions".
[2026.08.30-14.04.18:193][375]LogNiagara: Warning: NiagaraSystem was nullptr for OverrideName "User.ImpactNormals".
[2026.08.30-14.04.18:201][375]LogScript: Warning: “无访问”正在尝试读取属性 Decal
	B_WeaponDecals_C /Game/WeaponSystem/Maps/L_WS_WeaponTest.L_WS_WeaponTest:PersistentLevel.B_WeaponDecals_C_0
	Function /Game/Effects/Blueprints/B_WeaponDecals.B_WeaponDecals_C:ExecuteUbergraph_B_WeaponDecals:03FA
Script call stack:
	Function /ShooterCore/Weapons/Pistol/GCN_Weapon_Pistol_Fire.GCN_Weapon_Pistol_Fire_C:OnBurst
	Function /Game/Weapons/B_Weapon.B_Weapon_C:Fire
	Function /Game/Weapons/B_Weapon.B_Weapon_C:ExecuteUbergraph_B_Weapon
	Function /Game/Effects/Blueprints/B_WeaponDecals.B_WeaponDecals_C:fire
	Function /Game/Effects/Blueprints/B_WeaponDecals.B_WeaponDecals_C:ExecuteUbergraph_B_WeaponDecals

[2026.08.30-14.04.18:201][375]LogScript: Warning: Script call stack:
	Function /ShooterCore/Weapons/Pistol/GCN_Weapon_Pistol_Fire.GCN_Weapon_Pistol_Fire_C:OnBurst
	Function /Game/Weapons/B_Weapon.B_Weapon_C:Fire
	Function /Game/Weapons/B_Weapon.B_Weapon_C:ExecuteUbergraph_B_Weapon
	Function /Game/Effects/Blueprints/B_WeaponDecals.B_WeaponDecals_C:fire
	Function /Game/Effects/Blueprints/B_WeaponDecals.B_WeaponDecals_C:ExecuteUbergraph_B_WeaponDecals

[2026.08.30-14.04.18:244][382]LogScript: Warning: “无访问”正在尝试读取属性 NS_ShellEject
	B_WeaponFire_C /Game/WeaponSystem/Maps/L_WS_WeaponTest.L_WS_WeaponTest:PersistentLevel.B_WeaponFire_C_1
	Function /Game/Effects/Blueprints/B_WeaponFire.B_WeaponFire_C:ExecuteUbergraph_B_WeaponFire:02D7
Script call stack:
	Function /ShooterCore/Weapons/Pistol/GCN_Weapon_Pistol_Fire.GCN_Weapon_Pistol_Fire_C:OnBurst
	Function /Game/Weapons/B_Weapon.B_Weapon_C:Fire
	Function /Game/Weapons/B_Weapon.B_Weapon_C:ExecuteUbergraph_B_Weapon
	Function /Game/Effects/Blueprints/B_WeaponFire.B_WeaponFire_C:Fire
	Function /Game/Effects/Blueprints/B_WeaponFire.B_WeaponFire_C:ExecuteUbergraph_B_WeaponFire

[2026.08.30-14.04.18:244][382]LogScript: Warning: Script call stack:
	Function /ShooterCore/Weapons/Pistol/GCN_Weapon_Pistol_Fire.GCN_Weapon_Pistol_Fire_C:OnBurst
	Function /Game/Weapons/B_Weapon.B_Weapon_C:Fire
	Function /Game/Weapons/B_Weapon.B_Weapon_C:ExecuteUbergraph_B_Weapon
	Function /Game/Effects/Blueprints/B_WeaponFire.B_WeaponFire_C:Fire
	Function /Game/Effects/Blueprints/B_WeaponFire.B_WeaponFire_C:ExecuteUbergraph_B_WeaponFire

[2026.08.30-14.04.18:244][382]LogScript: Warning: “无访问”正在尝试读取属性 NS_ShellEject
	B_WeaponFire_C /Game/WeaponSystem/Maps/L_WS_WeaponTest.L_WS_WeaponTest:PersistentLevel.B_WeaponFire_C_1
	Function /Game/Effects/Blueprints/B_WeaponFire.B_WeaponFire_C:ExecuteUbergraph_B_WeaponFire:01A3
Script call stack:
	Function /ShooterCore/Weapons/Pistol/GCN_Weapon_Pistol_Fire.GCN_Weapon_Pistol_Fire_C:OnBurst
	Function /Game/Weapons/B_Weapon.B_Weapon_C:Fire
	Function /Game/Weapons/B_Weapon.B_Weapon_C:ExecuteUbergraph_B_Weapon
	Function /Game/Effects/Blueprints/B_WeaponFire.B_WeaponFire_C:Fire
	Function /Game/Effects/Blueprints/B_WeaponFire.B_WeaponFire_C:ExecuteUbergraph_B_WeaponFire

[2026.08.30-14.04.18:244][382]LogScript: Warning: Script call stack:
	Function /ShooterCore/Weapons/Pistol/GCN_Weapon_Pistol_Fire.GCN_Weapon_Pistol_Fire_C:OnBurst
	Function /Game/Weapons/B_Weapon.B_Weapon_C:Fire
	Function /Game/Weapons/B_Weapon.B_Weapon_C:ExecuteUbergraph_B_Weapon
	Function /Game/Effects/Blueprints/B_WeaponFire.B_WeaponFire_C:Fire
	Function /Game/Effects/Blueprints/B_WeaponFire.B_WeaponFire_C:ExecuteUbergraph_B_WeaponFire

[2026.08.30-14.04.18:244][382]LogScript: Warning: “无访问”正在尝试读取属性 NS_MuzzleFlash
	B_WeaponFire_C /Game/WeaponSystem/Maps/L_WS_WeaponTest.L_WS_WeaponTest:PersistentLevel.B_WeaponFire_C_1
	Function /Game/Effects/Blueprints/B_WeaponFire.B_WeaponFire_C:ExecuteUbergraph_B_WeaponFire:03B0
Script call stack:
	Function /ShooterCore/Weapons/Pistol/GCN_Weapon_Pistol_Fire.GCN_Weapon_Pistol_Fire_C:OnBurst
	Function /Game/Weapons/B_Weapon.B_Weapon_C:Fire
	Function /Game/Weapons/B_Weapon.B_Weapon_C:ExecuteUbergraph_B_Weapon
	Function /Game/Effects/Blueprints/B_WeaponFire.B_WeaponFire_C:Fire
	Function /Game/Effects/Blueprints/B_WeaponFire.B_WeaponFire_C:ExecuteUbergraph_B_WeaponFire

[2026.08.30-14.04.18:244][382]LogScript: Warning: Script call stack:
	Function /ShooterCore/Weapons/Pistol/GCN_Weapon_Pistol_Fire.GCN_Weapon_Pistol_Fire_C:OnBurst
	Function /Game/Weapons/B_Weapon.B_Weapon_C:Fire
	Function /Game/Weapons/B_Weapon.B_Weapon_C:ExecuteUbergraph_B_Weapon
	Function /Game/Effects/Blueprints/B_WeaponFire.B_WeaponFire_C:Fire
	Function /Game/Effects/Blueprints/B_WeaponFire.B_WeaponFire_C:ExecuteUbergraph_B_WeaponFire

[2026.08.30-14.04.18:244][382]LogScript: Warning: “无访问”正在尝试读取属性 NS_MuzzleFlash
	B_WeaponFire_C /Game/WeaponSystem/Maps/L_WS_WeaponTest.L_WS_WeaponTest:PersistentLevel.B_WeaponFire_C_1
	Function /Game/Effects/Blueprints/B_WeaponFire.B_WeaponFire_C:ExecuteUbergraph_B_WeaponFire:04B7
Script call stack:
	Function /ShooterCore/Weapons/Pistol/GCN_Weapon_Pistol_Fire.GCN_Weapon_Pistol_Fire_C:OnBurst
	Function /Game/Weapons/B_Weapon.B_Weapon_C:Fire
	Function /Game/Weapons/B_Weapon.B_Weapon_C:ExecuteUbergraph_B_Weapon
	Function /Game/Effects/Blueprints/B_WeaponFire.B_WeaponFire_C:Fire
	Function /Game/Effects/Blueprints/B_WeaponFire.B_WeaponFire_C:ExecuteUbergraph_B_WeaponFire

[2026.08.30-14.04.18:244][382]LogScript: Warning: Script call stack:
	Function /ShooterCore/Weapons/Pistol/GCN_Weapon_Pistol_Fire.GCN_Weapon_Pistol_Fire_C:OnBurst
	Function /Game/Weapons/B_Weapon.B_Weapon_C:Fire
	Function /Game/Weapons/B_Weapon.B_Weapon_C:ExecuteUbergraph_B_Weapon
	Function /Game/Effects/Blueprints/B_WeaponFire.B_WeaponFire_C:Fire
	Function /Game/Effects/Blueprints/B_WeaponFire.B_WeaponFire_C:ExecuteUbergraph_B_WeaponFire

[2026.08.30-14.04.18:244][382]LogScript: Warning: “无访问”正在尝试读取属性 NS_Tracer
	B_WeaponFire_C /Game/WeaponSystem/Maps/L_WS_WeaponTest.L_WS_WeaponTest:PersistentLevel.B_WeaponFire_C_1
	Function /Game/Effects/Blueprints/B_WeaponFire.B_WeaponFire_C:ExecuteUbergraph_B_WeaponFire:06C5
Script call stack:
	Function /ShooterCore/Weapons/Pistol/GCN_Weapon_Pistol_Fire.GCN_Weapon_Pistol_Fire_C:OnBurst
	Function /Game/Weapons/B_Weapon.B_Weapon_C:Fire
	Function /Game/Weapons/B_Weapon.B_Weapon_C:ExecuteUbergraph_B_Weapon
	Function /Game/Effects/Blueprints/B_WeaponFire.B_WeaponFire_C:Fire
	Function /Game/Effects/Blueprints/B_WeaponFire.B_WeaponFire_C:ExecuteUbergraph_B_WeaponFire

[2026.08.30-14.04.18:244][382]LogScript: Warning: Script call stack:
	Function /ShooterCore/Weapons/Pistol/GCN_Weapon_Pistol_Fire.GCN_Weapon_Pistol_Fire_C:OnBurst
	Function /Game/Weapons/B_Weapon.B_Weapon_C:Fire
	Function /Game/Weapons/B_Weapon.B_Weapon_C:ExecuteUbergraph_B_Weapon
	Function /Game/Effects/Blueprints/B_WeaponFire.B_WeaponFire_C:Fire
	Function /Game/Effects/Blueprints/B_WeaponFire.B_WeaponFire_C:ExecuteUbergraph_B_WeaponFire

[2026.08.30-14.04.18:244][382]LogNiagara: Warning: NiagaraSystem was nullptr for OverrideName "User.ImpactPositions".
[2026.08.30-14.04.18:244][382]LogScript: Warning: “无访问”正在尝试读取属性 Decal
	B_WeaponDecals_C /Game/WeaponSystem/Maps/L_WS_WeaponTest.L_WS_WeaponTest:PersistentLevel.B_WeaponDecals_C_1
	Function /Game/Effects/Blueprints/B_WeaponDecals.B_WeaponDecals_C:ExecuteUbergraph_B_WeaponDecals:0123
Script call stack:
	Function /ShooterCore/Weapons/Pistol/GCN_Weapon_Pistol_Fire.GCN_Weapon_Pistol_Fire_C:OnBurst
	Function /Game/Weapons/B_Weapon.B_Weapon_C:Fire
	Function /Game/Weapons/B_Weapon.B_Weapon_C:ExecuteUbergraph_B_Weapon
	Function /Game/Effects/Blueprints/B_WeaponDecals.B_WeaponDecals_C:fire
	Function /Game/Effects/Blueprints/B_WeaponDecals.B_WeaponDecals_C:ExecuteUbergraph_B_WeaponDecals

[2026.08.30-14.04.18:244][382]LogScript: Warning: Script call stack:
	Function /ShooterCore/Weapons/Pistol/GCN_Weapon_Pistol_Fire.GCN_Weapon_Pistol_Fire_C:OnBurst
	Function /Game/Weapons/B_Weapon.B_Weapon_C:Fire
	Function /Game/Weapons/B_Weapon.B_Weapon_C:ExecuteUbergraph_B_Weapon
	Function /Game/Effects/Blueprints/B_WeaponDecals.B_WeaponDecals_C:fire
	Function /Game/Effects/Blueprints/B_WeaponDecals.B_WeaponDecals_C:ExecuteUbergraph_B_WeaponDecals

[2026.08.30-14.04.18:244][382]LogNiagara: Warning: NiagaraSystem was nullptr for OverrideName "User.ImpactSurfaces".
[2026.08.30-14.04.18:244][382]LogNiagara: Warning: NiagaraSystem was nullptr for OverrideName "User.ImpactPositions".
[2026.08.30-14.04.18:244][382]LogNiagara: Warning: NiagaraSystem was nullptr for OverrideName "User.ImpactNormals".
[2026.08.30-14.04.18:244][382]LogScript: Warning: “无访问”正在尝试读取属性 Decal
	B_WeaponDecals_C /Game/WeaponSystem/Maps/L_WS_WeaponTest.L_WS_WeaponTest:PersistentLevel.B_WeaponDecals_C_1
	Function /Game/Effects/Blueprints/B_WeaponDecals.B_WeaponDecals_C:ExecuteUbergraph_B_WeaponDecals:03FA
Script call stack:
	Function /ShooterCore/Weapons/Pistol/GCN_Weapon_Pistol_Fire.GCN_Weapon_Pistol_Fire_C:OnBurst
	Function /Game/Weapons/B_Weapon.B_Weapon_C:Fire
	Function /Game/Weapons/B_Weapon.B_Weapon_C:ExecuteUbergraph_B_Weapon
	Function /Game/Effects/Blueprints/B_WeaponDecals.B_WeaponDecals_C:fire
	Function /Game/Effects/Blueprints/B_WeaponDecals.B_WeaponDecals_C:ExecuteUbergraph_B_WeaponDecals

[2026.08.30-14.04.18:244][382]LogScript: Warning: Script call stack:
	Function /ShooterCore/Weapons/Pistol/GCN_Weapon_Pistol_Fire.GCN_Weapon_Pistol_Fire_C:OnBurst
	Function /Game/Weapons/B_Weapon.B_Weapon_C:Fire
	Function /Game/Weapons/B_Weapon.B_Weapon_C:ExecuteUbergraph_B_Weapon
	Function /Game/Effects/Blueprints/B_WeaponDecals.B_WeaponDecals_C:fire
	Function /Game/Effects/Blueprints/B_WeaponDecals.B_WeaponDecals_C:ExecuteUbergraph_B_WeaponDecals

[2026.08.30-14.04.18:248][382]LogScript: Warning: “无访问”正在尝试读取属性 NS_ShellEject
	B_WeaponFire_C /Game/WeaponSystem/Maps/L_WS_WeaponTest.L_WS_WeaponTest:PersistentLevel.B_WeaponFire_C_0
	Function /Game/Effects/Blueprints/B_WeaponFire.B_WeaponFire_C:ExecuteUbergraph_B_WeaponFire:02D7
Script call stack:
	Function /ShooterCore/Weapons/Pistol/GCN_Weapon_Pistol_Fire.GCN_Weapon_Pistol_Fire_C:OnBurst
	Function /Game/Weapons/B_Weapon.B_Weapon_C:Fire
	Function /Game/Weapons/B_Weapon.B_Weapon_C:ExecuteUbergraph_B_Weapon
	Function /Game/Effects/Blueprints/B_WeaponFire.B_WeaponFire_C:Fire
	Function /Game/Effects/Blueprints/B_WeaponFire.B_WeaponFire_C:ExecuteUbergraph_B_WeaponFire

[2026.08.30-14.04.18:248][382]LogScript: Warning: Script call stack:
	Function /ShooterCore/Weapons/Pistol/GCN_Weapon_Pistol_Fire.GCN_Weapon_Pistol_Fire_C:OnBurst
	Function /Game/Weapons/B_Weapon.B_Weapon_C:Fire
	Function /Game/Weapons/B_Weapon.B_Weapon_C:ExecuteUbergraph_B_Weapon
	Function /Game/Effects/Blueprints/B_WeaponFire.B_WeaponFire_C:Fire
	Function /Game/Effects/Blueprints/B_WeaponFire.B_WeaponFire_C:ExecuteUbergraph_B_WeaponFire

[2026.08.30-14.04.18:248][382]LogScript: Warning: “无访问”正在尝试读取属性 NS_ShellEject
	B_WeaponFire_C /Game/WeaponSystem/Maps/L_WS_WeaponTest.L_WS_WeaponTest:PersistentLevel.B_WeaponFire_C_0
	Function /Game/Effects/Blueprints/B_WeaponFire.B_WeaponFire_C:ExecuteUbergraph_B_WeaponFire:01A3
Script call stack:
	Function /ShooterCore/Weapons/Pistol/GCN_Weapon_Pistol_Fire.GCN_Weapon_Pistol_Fire_C:OnBurst
	Function /Game/Weapons/B_Weapon.B_Weapon_C:Fire
	Function /Game/Weapons/B_Weapon.B_Weapon_C:ExecuteUbergraph_B_Weapon
	Function /Game/Effects/Blueprints/B_WeaponFire.B_WeaponFire_C:Fire
	Function /Game/Effects/Blueprints/B_WeaponFire.B_WeaponFire_C:ExecuteUbergraph_B_WeaponFire

[2026.08.30-14.04.18:248][382]LogScript: Warning: Script call stack:
	Function /ShooterCore/Weapons/Pistol/GCN_Weapon_Pistol_Fire.GCN_Weapon_Pistol_Fire_C:OnBurst
	Function /Game/Weapons/B_Weapon.B_Weapon_C:Fire
	Function /Game/Weapons/B_Weapon.B_Weapon_C:ExecuteUbergraph_B_Weapon
	Function /Game/Effects/Blueprints/B_WeaponFire.B_WeaponFire_C:Fire
	Function /Game/Effects/Blueprints/B_WeaponFire.B_WeaponFire_C:ExecuteUbergraph_B_WeaponFire

[2026.08.30-14.04.18:248][382]LogScript: Warning: “无访问”正在尝试读取属性 NS_MuzzleFlash
	B_WeaponFire_C /Game/WeaponSystem/Maps/L_WS_WeaponTest.L_WS_WeaponTest:PersistentLevel.B_WeaponFire_C_0
	Function /Game/Effects/Blueprints/B_WeaponFire.B_WeaponFire_C:ExecuteUbergraph_B_WeaponFire:03B0
Script call stack:
	Function /ShooterCore/Weapons/Pistol/GCN_Weapon_Pistol_Fire.GCN_Weapon_Pistol_Fire_C:OnBurst
	Function /Game/Weapons/B_Weapon.B_Weapon_C:Fire
	Function /Game/Weapons/B_Weapon.B_Weapon_C:ExecuteUbergraph_B_Weapon
	Function /Game/Effects/Blueprints/B_WeaponFire.B_WeaponFire_C:Fire
	Function /Game/Effects/Blueprints/B_WeaponFire.B_WeaponFire_C:ExecuteUbergraph_B_WeaponFire

[2026.08.30-14.04.18:248][382]LogScript: Warning: Script call stack:
	Function /ShooterCore/Weapons/Pistol/GCN_Weapon_Pistol_Fire.GCN_Weapon_Pistol_Fire_C:OnBurst
	Function /Game/Weapons/B_Weapon.B_Weapon_C:Fire
	Function /Game/Weapons/B_Weapon.B_Weapon_C:ExecuteUbergraph_B_Weapon
	Function /Game/Effects/Blueprints/B_WeaponFire.B_WeaponFire_C:Fire
	Function /Game/Effects/Blueprints/B_WeaponFire.B_WeaponFire_C:ExecuteUbergraph_B_WeaponFire

[2026.08.30-14.04.18:248][382]LogScript: Warning: “无访问”正在尝试读取属性 NS_MuzzleFlash
	B_WeaponFire_C /Game/WeaponSystem/Maps/L_WS_WeaponTest.L_WS_WeaponTest:PersistentLevel.B_WeaponFire_C_0
	Function /Game/Effects/Blueprints/B_WeaponFire.B_WeaponFire_C:ExecuteUbergraph_B_WeaponFire:04B7
Script call stack:
	Function /ShooterCore/Weapons/Pistol/GCN_Weapon_Pistol_Fire.GCN_Weapon_Pistol_Fire_C:OnBurst
	Function /Game/Weapons/B_Weapon.B_Weapon_C:Fire
	Function /Game/Weapons/B_Weapon.B_Weapon_C:ExecuteUbergraph_B_Weapon
	Function /Game/Effects/Blueprints/B_WeaponFire.B_WeaponFire_C:Fire
	Function /Game/Effects/Blueprints/B_WeaponFire.B_WeaponFire_C:ExecuteUbergraph_B_WeaponFire

[2026.08.30-14.04.18:248][382]LogScript: Warning: Script call stack:
	Function /ShooterCore/Weapons/Pistol/GCN_Weapon_Pistol_Fire.GCN_Weapon_Pistol_Fire_C:OnBurst
	Function /Game/Weapons/B_Weapon.B_Weapon_C:Fire
	Function /Game/Weapons/B_Weapon.B_Weapon_C:ExecuteUbergraph_B_Weapon
	Function /Game/Effects/Blueprints/B_WeaponFire.B_WeaponFire_C:Fire
	Function /Game/Effects/Blueprints/B_WeaponFire.B_WeaponFire_C:ExecuteUbergraph_B_WeaponFire

[2026.08.30-14.04.18:248][382]LogScript: Warning: “无访问”正在尝试读取属性 NS_Tracer
	B_WeaponFire_C /Game/WeaponSystem/Maps/L_WS_WeaponTest.L_WS_WeaponTest:PersistentLevel.B_WeaponFire_C_0
	Function /Game/Effects/Blueprints/B_WeaponFire.B_WeaponFire_C:ExecuteUbergraph_B_WeaponFire:06C5
Script call stack:
	Function /ShooterCore/Weapons/Pistol/GCN_Weapon_Pistol_Fire.GCN_Weapon_Pistol_Fire_C:OnBurst
	Function /Game/Weapons/B_Weapon.B_Weapon_C:Fire
	Function /Game/Weapons/B_Weapon.B_Weapon_C:ExecuteUbergraph_B_Weapon
	Function /Game/Effects/Blueprints/B_WeaponFire.B_WeaponFire_C:Fire
	Function /Game/Effects/Blueprints/B_WeaponFire.B_WeaponFire_C:ExecuteUbergraph_B_WeaponFire

[2026.08.30-14.04.18:248][382]LogScript: Warning: Script call stack:
	Function /ShooterCore/Weapons/Pistol/GCN_Weapon_Pistol_Fire.GCN_Weapon_Pistol_Fire_C:OnBurst
	Function /Game/Weapons/B_Weapon.B_Weapon_C:Fire
	Function /Game/Weapons/B_Weapon.B_Weapon_C:ExecuteUbergraph_B_Weapon
	Function /Game/Effects/Blueprints/B_WeaponFire.B_WeaponFire_C:Fire
	Function /Game/Effects/Blueprints/B_WeaponFire.B_WeaponFire_C:ExecuteUbergraph_B_WeaponFire

[2026.08.30-14.04.18:248][382]LogNiagara: Warning: NiagaraSystem was nullptr for OverrideName "User.ImpactPositions".
[2026.08.30-14.04.18:248][382]LogScript: Warning: “无访问”正在尝试读取属性 Decal
	B_WeaponDecals_C /Game/WeaponSystem/Maps/L_WS_WeaponTest.L_WS_WeaponTest:PersistentLevel.B_WeaponDecals_C_0
	Function /Game/Effects/Blueprints/B_WeaponDecals.B_WeaponDecals_C:ExecuteUbergraph_B_WeaponDecals:0123
Script call stack:
	Function /ShooterCore/Weapons/Pistol/GCN_Weapon_Pistol_Fire.GCN_Weapon_Pistol_Fire_C:OnBurst
	Function /Game/Weapons/B_Weapon.B_Weapon_C:Fire
	Function /Game/Weapons/B_Weapon.B_Weapon_C:ExecuteUbergraph_B_Weapon
	Function /Game/Effects/Blueprints/B_WeaponDecals.B_WeaponDecals_C:fire
	Function /Game/Effects/Blueprints/B_WeaponDecals.B_WeaponDecals_C:ExecuteUbergraph_B_WeaponDecals

[2026.08.30-14.04.18:248][382]LogScript: Warning: Script call stack:
	Function /ShooterCore/Weapons/Pistol/GCN_Weapon_Pistol_Fire.GCN_Weapon_Pistol_Fire_C:OnBurst
	Function /Game/Weapons/B_Weapon.B_Weapon_C:Fire
	Function /Game/Weapons/B_Weapon.B_Weapon_C:ExecuteUbergraph_B_Weapon
	Function /Game/Effects/Blueprints/B_WeaponDecals.B_WeaponDecals_C:fire
	Function /Game/Effects/Blueprints/B_WeaponDecals.B_WeaponDecals_C:ExecuteUbergraph_B_WeaponDecals

[2026.08.30-14.04.18:248][382]LogNiagara: Warning: NiagaraSystem was nullptr for OverrideName "User.ImpactSurfaces".
[2026.08.30-14.04.18:248][382]LogNiagara: Warning: NiagaraSystem was nullptr for OverrideName "User.ImpactPositions".
[2026.08.30-14.04.18:248][382]LogNiagara: Warning: NiagaraSystem was nullptr for OverrideName "User.ImpactNormals".
[2026.08.30-14.04.18:248][382]LogScript: Warning: “无访问”正在尝试读取属性 Decal
	B_WeaponDecals_C /Game/WeaponSystem/Maps/L_WS_WeaponTest.L_WS_WeaponTest:PersistentLevel.B_WeaponDecals_C_0
	Function /Game/Effects/Blueprints/B_WeaponDecals.B_WeaponDecals_C:ExecuteUbergraph_B_WeaponDecals:03FA
Script call stack:
	Function /ShooterCore/Weapons/Pistol/GCN_Weapon_Pistol_Fire.GCN_Weapon_Pistol_Fire_C:OnBurst
	Function /Game/Weapons/B_Weapon.B_Weapon_C:Fire
	Function /Game/Weapons/B_Weapon.B_Weapon_C:ExecuteUbergraph_B_Weapon
	Function /Game/Effects/Blueprints/B_WeaponDecals.B_WeaponDecals_C:fire
	Function /Game/Effects/Blueprints/B_WeaponDecals.B_WeaponDecals_C:ExecuteUbergraph_B_WeaponDecals

[2026.08.30-14.04.18:248][382]LogScript: Warning: Script call stack:
	Function /ShooterCore/Weapons/Pistol/GCN_Weapon_Pistol_Fire.GCN_Weapon_Pistol_Fire_C:OnBurst
	Function /Game/Weapons/B_Weapon.B_Weapon_C:Fire
	Function /Game/Weapons/B_Weapon.B_Weapon_C:ExecuteUbergraph_B_Weapon
	Function /Game/Effects/Blueprints/B_WeaponDecals.B_WeaponDecals_C:fire
	Function /Game/Effects/Blueprints/B_WeaponDecals.B_WeaponDecals_C:ExecuteUbergraph_B_WeaponDecals

[2026.08.30-14.04.18:285][389]LogScript: Warning: “无访问”正在尝试读取属性 NS_ShellEject
	B_WeaponFire_C /Game/WeaponSystem/Maps/L_WS_WeaponTest.L_WS_WeaponTest:PersistentLevel.B_WeaponFire_C_1
	Function /Game/Effects/Blueprints/B_WeaponFire.B_WeaponFire_C:ExecuteUbergraph_B_WeaponFire:02D7
Script call stack:
	Function /ShooterCore/Weapons/Pistol/GCN_Weapon_Pistol_Fire.GCN_Weapon_Pistol_Fire_C:OnBurst
	Function /Game/Weapons/B_Weapon.B_Weapon_C:Fire
	Function /Game/Weapons/B_Weapon.B_Weapon_C:ExecuteUbergraph_B_Weapon
	Function /Game/Effects/Blueprints/B_WeaponFire.B_WeaponFire_C:Fire
	Function /Game/Effects/Blueprints/B_WeaponFire.B_WeaponFire_C:ExecuteUbergraph_B_WeaponFire

[2026.08.30-14.04.18:285][389]LogScript: Warning: Script call stack:
	Function /ShooterCore/Weapons/Pistol/GCN_Weapon_Pistol_Fire.GCN_Weapon_Pistol_Fire_C:OnBurst
	Function /Game/Weapons/B_Weapon.B_Weapon_C:Fire
	Function /Game/Weapons/B_Weapon.B_Weapon_C:ExecuteUbergraph_B_Weapon
	Function /Game/Effects/Blueprints/B_WeaponFire.B_WeaponFire_C:Fire
	Function /Game/Effects/Blueprints/B_WeaponFire.B_WeaponFire_C:ExecuteUbergraph_B_WeaponFire

[2026.08.30-14.04.18:285][389]LogScript: Warning: “无访问”正在尝试读取属性 NS_ShellEject
	B_WeaponFire_C /Game/WeaponSystem/Maps/L_WS_WeaponTest.L_WS_WeaponTest:PersistentLevel.B_WeaponFire_C_1
	Function /Game/Effects/Blueprints/B_WeaponFire.B_WeaponFire_C:ExecuteUbergraph_B_WeaponFire:01A3
Script call stack:
	Function /ShooterCore/Weapons/Pistol/GCN_Weapon_Pistol_Fire.GCN_Weapon_Pistol_Fire_C:OnBurst
	Function /Game/Weapons/B_Weapon.B_Weapon_C:Fire
	Function /Game/Weapons/B_Weapon.B_Weapon_C:ExecuteUbergraph_B_Weapon
	Function /Game/Effects/Blueprints/B_WeaponFire.B_WeaponFire_C:Fire
	Function /Game/Effects/Blueprints/B_WeaponFire.B_WeaponFire_C:ExecuteUbergraph_B_WeaponFire

[2026.08.30-14.04.18:285][389]LogScript: Warning: Script call stack:
	Function /ShooterCore/Weapons/Pistol/GCN_Weapon_Pistol_Fire.GCN_Weapon_Pistol_Fire_C:OnBurst
	Function /Game/Weapons/B_Weapon.B_Weapon_C:Fire
	Function /Game/Weapons/B_Weapon.B_Weapon_C:ExecuteUbergraph_B_Weapon
	Function /Game/Effects/Blueprints/B_WeaponFire.B_WeaponFire_C:Fire
	Function /Game/Effects/Blueprints/B_WeaponFire.B_WeaponFire_C:ExecuteUbergraph_B_WeaponFire

[2026.08.30-14.04.18:285][389]LogScript: Warning: “无访问”正在尝试读取属性 NS_MuzzleFlash
	B_WeaponFire_C /Game/WeaponSystem/Maps/L_WS_WeaponTest.L_WS_WeaponTest:PersistentLevel.B_WeaponFire_C_1
	Function /Game/Effects/Blueprints/B_WeaponFire.B_WeaponFire_C:ExecuteUbergraph_B_WeaponFire:03B0
Script call stack:
	Function /ShooterCore/Weapons/Pistol/GCN_Weapon_Pistol_Fire.GCN_Weapon_Pistol_Fire_C:OnBurst
	Function /Game/Weapons/B_Weapon.B_Weapon_C:Fire
	Function /Game/Weapons/B_Weapon.B_Weapon_C:ExecuteUbergraph_B_Weapon
	Function /Game/Effects/Blueprints/B_WeaponFire.B_WeaponFire_C:Fire
	Function /Game/Effects/Blueprints/B_WeaponFire.B_WeaponFire_C:ExecuteUbergraph_B_WeaponFire

[2026.08.30-14.04.18:285][389]LogScript: Warning: Script call stack:
	Function /ShooterCore/Weapons/Pistol/GCN_Weapon_Pistol_Fire.GCN_Weapon_Pistol_Fire_C:OnBurst
	Function /Game/Weapons/B_Weapon.B_Weapon_C:Fire
	Function /Game/Weapons/B_Weapon.B_Weapon_C:ExecuteUbergraph_B_Weapon
	Function /Game/Effects/Blueprints/B_WeaponFire.B_WeaponFire_C:Fire
	Function /Game/Effects/Blueprints/B_WeaponFire.B_WeaponFire_C:ExecuteUbergraph_B_WeaponFire

[2026.08.30-14.04.18:285][389]LogScript: Warning: “无访问”正在尝试读取属性 NS_MuzzleFlash
	B_WeaponFire_C /Game/WeaponSystem/Maps/L_WS_WeaponTest.L_WS_WeaponTest:PersistentLevel.B_WeaponFire_C_1
	Function /Game/Effects/Blueprints/B_WeaponFire.B_WeaponFire_C:ExecuteUbergraph_B_WeaponFire:04B7
Script call stack:
	Function /ShooterCore/Weapons/Pistol/GCN_Weapon_Pistol_Fire.GCN_Weapon_Pistol_Fire_C:OnBurst
	Function /Game/Weapons/B_Weapon.B_Weapon_C:Fire
	Function /Game/Weapons/B_Weapon.B_Weapon_C:ExecuteUbergraph_B_Weapon
	Function /Game/Effects/Blueprints/B_WeaponFire.B_WeaponFire_C:Fire
	Function /Game/Effects/Blueprints/B_WeaponFire.B_WeaponFire_C:ExecuteUbergraph_B_WeaponFire

[2026.08.30-14.04.18:285][389]LogScript: Warning: Script call stack:
	Function /ShooterCore/Weapons/Pistol/GCN_Weapon_Pistol_Fire.GCN_Weapon_Pistol_Fire_C:OnBurst
	Function /Game/Weapons/B_Weapon.B_Weapon_C:Fire
	Function /Game/Weapons/B_Weapon.B_Weapon_C:ExecuteUbergraph_B_Weapon
	Function /Game/Effects/Blueprints/B_WeaponFire.B_WeaponFire_C:Fire
	Function /Game/Effects/Blueprints/B_WeaponFire.B_WeaponFire_C:ExecuteUbergraph_B_WeaponFire

[2026.08.30-14.04.18:285][389]LogScript: Warning: “无访问”正在尝试读取属性 NS_Tracer
	B_WeaponFire_C /Game/WeaponSystem/Maps/L_WS_WeaponTest.L_WS_WeaponTest:PersistentLevel.B_WeaponFire_C_1
	Function /Game/Effects/Blueprints/B_WeaponFire.B_WeaponFire_C:ExecuteUbergraph_B_WeaponFire:06C5
Script call stack:
	Function /ShooterCore/Weapons/Pistol/GCN_Weapon_Pistol_Fire.GCN_Weapon_Pistol_Fire_C:OnBurst
	Function /Game/Weapons/B_Weapon.B_Weapon_C:Fire
	Function /Game/Weapons/B_Weapon.B_Weapon_C:ExecuteUbergraph_B_Weapon
	Function /Game/Effects/Blueprints/B_WeaponFire.B_WeaponFire_C:Fire
	Function /Game/Effects/Blueprints/B_WeaponFire.B_WeaponFire_C:ExecuteUbergraph_B_WeaponFire

[2026.08.30-14.04.18:285][389]LogScript: Warning: Script call stack:
	Function /ShooterCore/Weapons/Pistol/GCN_Weapon_Pistol_Fire.GCN_Weapon_Pistol_Fire_C:OnBurst
	Function /Game/Weapons/B_Weapon.B_Weapon_C:Fire
	Function /Game/Weapons/B_Weapon.B_Weapon_C:ExecuteUbergraph_B_Weapon
	Function /Game/Effects/Blueprints/B_WeaponFire.B_WeaponFire_C:Fire
	Function /Game/Effects/Blueprints/B_WeaponFire.B_WeaponFire_C:ExecuteUbergraph_B_WeaponFire

[2026.08.30-14.04.18:285][389]LogNiagara: Warning: NiagaraSystem was nullptr for OverrideName "User.ImpactPositions".
[2026.08.30-14.04.18:285][389]LogScript: Warning: “无访问”正在尝试读取属性 Decal
	B_WeaponDecals_C /Game/WeaponSystem/Maps/L_WS_WeaponTest.L_WS_WeaponTest:PersistentLevel.B_WeaponDecals_C_1
	Function /Game/Effects/Blueprints/B_WeaponDecals.B_WeaponDecals_C:ExecuteUbergraph_B_WeaponDecals:0123
Script call stack:
	Function /ShooterCore/Weapons/Pistol/GCN_Weapon_Pistol_Fire.GCN_Weapon_Pistol_Fire_C:OnBurst
	Function /Game/Weapons/B_Weapon.B_Weapon_C:Fire
	Function /Game/Weapons/B_Weapon.B_Weapon_C:ExecuteUbergraph_B_Weapon
	Function /Game/Effects/Blueprints/B_WeaponDecals.B_WeaponDecals_C:fire
	Function /Game/Effects/Blueprints/B_WeaponDecals.B_WeaponDecals_C:ExecuteUbergraph_B_WeaponDecals

[2026.08.30-14.04.18:285][389]LogScript: Warning: Script call stack:
	Function /ShooterCore/Weapons/Pistol/GCN_Weapon_Pistol_Fire.GCN_Weapon_Pistol_Fire_C:OnBurst
	Function /Game/Weapons/B_Weapon.B_Weapon_C:Fire
	Function /Game/Weapons/B_Weapon.B_Weapon_C:ExecuteUbergraph_B_Weapon
	Function /Game/Effects/Blueprints/B_WeaponDecals.B_WeaponDecals_C:fire
	Function /Game/Effects/Blueprints/B_WeaponDecals.B_WeaponDecals_C:ExecuteUbergraph_B_WeaponDecals

[2026.08.30-14.04.18:285][389]LogNiagara: Warning: NiagaraSystem was nullptr for OverrideName "User.ImpactSurfaces".
[2026.08.30-14.04.18:285][389]LogNiagara: Warning: NiagaraSystem was nullptr for OverrideName "User.ImpactPositions".
[2026.08.30-14.04.18:285][389]LogNiagara: Warning: NiagaraSystem was nullptr for OverrideName "User.ImpactNormals".
[2026.08.30-14.04.18:285][389]LogScript: Warning: “无访问”正在尝试读取属性 Decal
	B_WeaponDecals_C /Game/WeaponSystem/Maps/L_WS_WeaponTest.L_WS_WeaponTest:PersistentLevel.B_WeaponDecals_C_1
	Function /Game/Effects/Blueprints/B_WeaponDecals.B_WeaponDecals_C:ExecuteUbergraph_B_WeaponDecals:03FA
Script call stack:
	Function /ShooterCore/Weapons/Pistol/GCN_Weapon_Pistol_Fire.GCN_Weapon_Pistol_Fire_C:OnBurst
	Function /Game/Weapons/B_Weapon.B_Weapon_C:Fire
	Function /Game/Weapons/B_Weapon.B_Weapon_C:ExecuteUbergraph_B_Weapon
	Function /Game/Effects/Blueprints/B_WeaponDecals.B_WeaponDecals_C:fire
	Function /Game/Effects/Blueprints/B_WeaponDecals.B_WeaponDecals_C:ExecuteUbergraph_B_WeaponDecals

[2026.08.30-14.04.18:285][389]LogScript: Warning: Script call stack:
	Function /ShooterCore/Weapons/Pistol/GCN_Weapon_Pistol_Fire.GCN_Weapon_Pistol_Fire_C:OnBurst
	Function /Game/Weapons/B_Weapon.B_Weapon_C:Fire
	Function /Game/Weapons/B_Weapon.B_Weapon_C:ExecuteUbergraph_B_Weapon
	Function /Game/Effects/Blueprints/B_WeaponDecals.B_WeaponDecals_C:fire
	Function /Game/Effects/Blueprints/B_WeaponDecals.B_WeaponDecals_C:ExecuteUbergraph_B_WeaponDecals

[2026.08.30-14.04.18:315][396]LogScript: Warning: “无访问”正在尝试读取属性 NS_ShellEject
	B_WeaponFire_C /Game/WeaponSystem/Maps/L_WS_WeaponTest.L_WS_WeaponTest:PersistentLevel.B_WeaponFire_C_1
	Function /Game/Effects/Blueprints/B_WeaponFire.B_WeaponFire_C:ExecuteUbergraph_B_WeaponFire:02D7
Script call stack:
	Function /ShooterCore/Weapons/Pistol/GCN_Weapon_Pistol_Fire.GCN_Weapon_Pistol_Fire_C:OnBurst
	Function /Game/Weapons/B_Weapon.B_Weapon_C:Fire
	Function /Game/Weapons/B_Weapon.B_Weapon_C:ExecuteUbergraph_B_Weapon
	Function /Game/Effects/Blueprints/B_WeaponFire.B_WeaponFire_C:Fire
	Function /Game/Effects/Blueprints/B_WeaponFire.B_WeaponFire_C:ExecuteUbergraph_B_WeaponFire

[2026.08.30-14.04.18:315][396]LogScript: Warning: Script call stack:
	Function /ShooterCore/Weapons/Pistol/GCN_Weapon_Pistol_Fire.GCN_Weapon_Pistol_Fire_C:OnBurst
	Function /Game/Weapons/B_Weapon.B_Weapon_C:Fire
	Function /Game/Weapons/B_Weapon.B_Weapon_C:ExecuteUbergraph_B_Weapon
	Function /Game/Effects/Blueprints/B_WeaponFire.B_WeaponFire_C:Fire
	Function /Game/Effects/Blueprints/B_WeaponFire.B_WeaponFire_C:ExecuteUbergraph_B_WeaponFire

[2026.08.30-14.04.18:315][396]LogScript: Warning: “无访问”正在尝试读取属性 NS_ShellEject
	B_WeaponFire_C /Game/WeaponSystem/Maps/L_WS_WeaponTest.L_WS_WeaponTest:PersistentLevel.B_WeaponFire_C_1
	Function /Game/Effects/Blueprints/B_WeaponFire.B_WeaponFire_C:ExecuteUbergraph_B_WeaponFire:01A3
Script call stack:
	Function /ShooterCore/Weapons/Pistol/GCN_Weapon_Pistol_Fire.GCN_Weapon_Pistol_Fire_C:OnBurst
	Function /Game/Weapons/B_Weapon.B_Weapon_C:Fire
	Function /Game/Weapons/B_Weapon.B_Weapon_C:ExecuteUbergraph_B_Weapon
	Function /Game/Effects/Blueprints/B_WeaponFire.B_WeaponFire_C:Fire
	Function /Game/Effects/Blueprints/B_WeaponFire.B_WeaponFire_C:ExecuteUbergraph_B_WeaponFire

[2026.08.30-14.04.18:315][396]LogScript: Warning: Script call stack:
	Function /ShooterCore/Weapons/Pistol/GCN_Weapon_Pistol_Fire.GCN_Weapon_Pistol_Fire_C:OnBurst
	Function /Game/Weapons/B_Weapon.B_Weapon_C:Fire
	Function /Game/Weapons/B_Weapon.B_Weapon_C:ExecuteUbergraph_B_Weapon
	Function /Game/Effects/Blueprints/B_WeaponFire.B_WeaponFire_C:Fire
	Function /Game/Effects/Blueprints/B_WeaponFire.B_WeaponFire_C:ExecuteUbergraph_B_WeaponFire

[2026.08.30-14.04.18:315][396]LogScript: Warning: “无访问”正在尝试读取属性 NS_MuzzleFlash
	B_WeaponFire_C /Game/WeaponSystem/Maps/L_WS_WeaponTest.L_WS_WeaponTest:PersistentLevel.B_WeaponFire_C_1
	Function /Game/Effects/Blueprints/B_WeaponFire.B_WeaponFire_C:ExecuteUbergraph_B_WeaponFire:03B0
Script call stack:
	Function /ShooterCore/Weapons/Pistol/GCN_Weapon_Pistol_Fire.GCN_Weapon_Pistol_Fire_C:OnBurst
	Function /Game/Weapons/B_Weapon.B_Weapon_C:Fire
	Function /Game/Weapons/B_Weapon.B_Weapon_C:ExecuteUbergraph_B_Weapon
	Function /Game/Effects/Blueprints/B_WeaponFire.B_WeaponFire_C:Fire
	Function /Game/Effects/Blueprints/B_WeaponFire.B_WeaponFire_C:ExecuteUbergraph_B_WeaponFire

[2026.08.30-14.04.18:315][396]LogScript: Warning: Script call stack:
	Function /ShooterCore/Weapons/Pistol/GCN_Weapon_Pistol_Fire.GCN_Weapon_Pistol_Fire_C:OnBurst
	Function /Game/Weapons/B_Weapon.B_Weapon_C:Fire
	Function /Game/Weapons/B_Weapon.B_Weapon_C:ExecuteUbergraph_B_Weapon
	Function /Game/Effects/Blueprints/B_WeaponFire.B_WeaponFire_C:Fire
	Function /Game/Effects/Blueprints/B_WeaponFire.B_WeaponFire_C:ExecuteUbergraph_B_WeaponFire

[2026.08.30-14.04.18:315][396]LogScript: Warning: “无访问”正在尝试读取属性 NS_MuzzleFlash
	B_WeaponFire_C /Game/WeaponSystem/Maps/L_WS_WeaponTest.L_WS_WeaponTest:PersistentLevel.B_WeaponFire_C_1
	Function /Game/Effects/Blueprints/B_WeaponFire.B_WeaponFire_C:ExecuteUbergraph_B_WeaponFire:04B7
Script call stack:
	Function /ShooterCore/Weapons/Pistol/GCN_Weapon_Pistol_Fire.GCN_Weapon_Pistol_Fire_C:OnBurst
	Function /Game/Weapons/B_Weapon.B_Weapon_C:Fire
	Function /Game/Weapons/B_Weapon.B_Weapon_C:ExecuteUbergraph_B_Weapon
	Function /Game/Effects/Blueprints/B_WeaponFire.B_WeaponFire_C:Fire
	Function /Game/Effects/Blueprints/B_WeaponFire.B_WeaponFire_C:ExecuteUbergraph_B_WeaponFire

[2026.08.30-14.04.18:315][396]LogScript: Warning: Script call stack:
	Function /ShooterCore/Weapons/Pistol/GCN_Weapon_Pistol_Fire.GCN_Weapon_Pistol_Fire_C:OnBurst
	Function /Game/Weapons/B_Weapon.B_Weapon_C:Fire
	Function /Game/Weapons/B_Weapon.B_Weapon_C:ExecuteUbergraph_B_Weapon
	Function /Game/Effects/Blueprints/B_WeaponFire.B_WeaponFire_C:Fire
	Function /Game/Effects/Blueprints/B_WeaponFire.B_WeaponFire_C:ExecuteUbergraph_B_WeaponFire

[2026.08.30-14.04.18:315][396]LogScript: Warning: “无访问”正在尝试读取属性 NS_Tracer
	B_WeaponFire_C /Game/WeaponSystem/Maps/L_WS_WeaponTest.L_WS_WeaponTest:PersistentLevel.B_WeaponFire_C_1
	Function /Game/Effects/Blueprints/B_WeaponFire.B_WeaponFire_C:ExecuteUbergraph_B_WeaponFire:06C5
Script call stack:
	Function /ShooterCore/Weapons/Pistol/GCN_Weapon_Pistol_Fire.GCN_Weapon_Pistol_Fire_C:OnBurst
	Function /Game/Weapons/B_Weapon.B_Weapon_C:Fire
	Function /Game/Weapons/B_Weapon.B_Weapon_C:ExecuteUbergraph_B_Weapon
	Function /Game/Effects/Blueprints/B_WeaponFire.B_WeaponFire_C:Fire
	Function /Game/Effects/Blueprints/B_WeaponFire.B_WeaponFire_C:ExecuteUbergraph_B_WeaponFire

[2026.08.30-14.04.18:315][396]LogScript: Warning: Script call stack:
	Function /ShooterCore/Weapons/Pistol/GCN_Weapon_Pistol_Fire.GCN_Weapon_Pistol_Fire_C:OnBurst
	Function /Game/Weapons/B_Weapon.B_Weapon_C:Fire
	Function /Game/Weapons/B_Weapon.B_Weapon_C:ExecuteUbergraph_B_Weapon
	Function /Game/Effects/Blueprints/B_WeaponFire.B_WeaponFire_C:Fire
	Function /Game/Effects/Blueprints/B_WeaponFire.B_WeaponFire_C:ExecuteUbergraph_B_WeaponFire

[2026.08.30-14.04.18:315][396]LogNiagara: Warning: NiagaraSystem was nullptr for OverrideName "User.ImpactPositions".
[2026.08.30-14.04.18:315][396]LogScript: Warning: “无访问”正在尝试读取属性 Impact System
	B_WeaponImpacts_C /Game/WeaponSystem/Maps/L_WS_WeaponTest.L_WS_WeaponTest:PersistentLevel.B_WeaponImpacts_C_1
	Function /Game/Effects/Blueprints/B_WeaponImpacts.B_WeaponImpacts_C:SpawnFromArrays:03C8
Script call stack:
	Function /ShooterCore/Weapons/Pistol/GCN_Weapon_Pistol_Fire.GCN_Weapon_Pistol_Fire_C:OnBurst
	Function /Game/Weapons/B_Weapon.B_Weapon_C:Fire
	Function /Game/Weapons/B_Weapon.B_Weapon_C:ExecuteUbergraph_B_Weapon
	Function /Game/Effects/Blueprints/B_WeaponImpacts.B_WeaponImpacts_C:Fire
	Function /Game/Effects/Blueprints/B_WeaponImpacts.B_WeaponImpacts_C:ExecuteUbergraph_B_WeaponImpacts
	Function /Game/Effects/Blueprints/B_WeaponImpacts.B_WeaponImpacts_C:SpawnParticlesFromImpacts
	Function /Game/Effects/Blueprints/B_WeaponImpacts.B_WeaponImpacts_C:SpawnFromArrays

[2026.08.30-14.04.18:315][396]LogScript: Warning: Script call stack:
	Function /ShooterCore/Weapons/Pistol/GCN_Weapon_Pistol_Fire.GCN_Weapon_Pistol_Fire_C:OnBurst
	Function /Game/Weapons/B_Weapon.B_Weapon_C:Fire
	Function /Game/Weapons/B_Weapon.B_Weapon_C:ExecuteUbergraph_B_Weapon
	Function /Game/Effects/Blueprints/B_WeaponImpacts.B_WeaponImpacts_C:Fire
	Function /Game/Effects/Blueprints/B_WeaponImpacts.B_WeaponImpacts_C:ExecuteUbergraph_B_WeaponImpacts
	Function /Game/Effects/Blueprints/B_WeaponImpacts.B_WeaponImpacts_C:SpawnParticlesFromImpacts
	Function /Game/Effects/Blueprints/B_WeaponImpacts.B_WeaponImpacts_C:SpawnFromArrays

[2026.08.30-14.04.18:315][396]LogNiagara: Warning: NiagaraSystem was nullptr for OverrideName "User.ImpactPositions".
[2026.08.30-14.04.18:315][396]LogScript: Warning: “无访问”正在尝试读取属性 Impact System
	B_WeaponImpacts_C /Game/WeaponSystem/Maps/L_WS_WeaponTest.L_WS_WeaponTest:PersistentLevel.B_WeaponImpacts_C_1
	Function /Game/Effects/Blueprints/B_WeaponImpacts.B_WeaponImpacts_C:SpawnFromArrays:04D0
Script call stack:
	Function /ShooterCore/Weapons/Pistol/GCN_Weapon_Pistol_Fire.GCN_Weapon_Pistol_Fire_C:OnBurst
	Function /Game/Weapons/B_Weapon.B_Weapon_C:Fire
	Function /Game/Weapons/B_Weapon.B_Weapon_C:ExecuteUbergraph_B_Weapon
	Function /Game/Effects/Blueprints/B_WeaponImpacts.B_WeaponImpacts_C:Fire
	Function /Game/Effects/Blueprints/B_WeaponImpacts.B_WeaponImpacts_C:ExecuteUbergraph_B_WeaponImpacts
	Function /Game/Effects/Blueprints/B_WeaponImpacts.B_WeaponImpacts_C:SpawnParticlesFromImpacts
	Function /Game/Effects/Blueprints/B_WeaponImpacts.B_WeaponImpacts_C:SpawnFromArrays

[2026.08.30-14.04.18:315][396]LogScript: Warning: Script call stack:
	Function /ShooterCore/Weapons/Pistol/GCN_Weapon_Pistol_Fire.GCN_Weapon_Pistol_Fire_C:OnBurst
	Function /Game/Weapons/B_Weapon.B_Weapon_C:Fire
	Function /Game/Weapons/B_Weapon.B_Weapon_C:ExecuteUbergraph_B_Weapon
	Function /Game/Effects/Blueprints/B_WeaponImpacts.B_WeaponImpacts_C:Fire
	Function /Game/Effects/Blueprints/B_WeaponImpacts.B_WeaponImpacts_C:ExecuteUbergraph_B_WeaponImpacts
	Function /Game/Effects/Blueprints/B_WeaponImpacts.B_WeaponImpacts_C:SpawnParticlesFromImpacts
	Function /Game/Effects/Blueprints/B_WeaponImpacts.B_WeaponImpacts_C:SpawnFromArrays

[2026.08.30-14.04.18:315][396]LogNiagara: Warning: NiagaraSystem was nullptr for OverrideName "User.ImpactNormals".
[2026.08.30-14.04.18:315][396]LogScript: Warning: “无访问”正在尝试读取属性 Impact System
	B_WeaponImpacts_C /Game/WeaponSystem/Maps/L_WS_WeaponTest.L_WS_WeaponTest:PersistentLevel.B_WeaponImpacts_C_1
	Function /Game/Effects/Blueprints/B_WeaponImpacts.B_WeaponImpacts_C:SpawnFromArrays:0567
Script call stack:
	Function /ShooterCore/Weapons/Pistol/GCN_Weapon_Pistol_Fire.GCN_Weapon_Pistol_Fire_C:OnBurst
	Function /Game/Weapons/B_Weapon.B_Weapon_C:Fire
	Function /Game/Weapons/B_Weapon.B_Weapon_C:ExecuteUbergraph_B_Weapon
	Function /Game/Effects/Blueprints/B_WeaponImpacts.B_WeaponImpacts_C:Fire
	Function /Game/Effects/Blueprints/B_WeaponImpacts.B_WeaponImpacts_C:ExecuteUbergraph_B_WeaponImpacts
	Function /Game/Effects/Blueprints/B_WeaponImpacts.B_WeaponImpacts_C:SpawnParticlesFromImpacts
	Function /Game/Effects/Blueprints/B_WeaponImpacts.B_WeaponImpacts_C:SpawnFromArrays

[2026.08.30-14.04.18:315][396]LogScript: Warning: Script call stack:
	Function /ShooterCore/Weapons/Pistol/GCN_Weapon_Pistol_Fire.GCN_Weapon_Pistol_Fire_C:OnBurst
	Function /Game/Weapons/B_Weapon.B_Weapon_C:Fire
	Function /Game/Weapons/B_Weapon.B_Weapon_C:ExecuteUbergraph_B_Weapon
	Function /Game/Effects/Blueprints/B_WeaponImpacts.B_WeaponImpacts_C:Fire
	Function /Game/Effects/Blueprints/B_WeaponImpacts.B_WeaponImpacts_C:ExecuteUbergraph_B_WeaponImpacts
	Function /Game/Effects/Blueprints/B_WeaponImpacts.B_WeaponImpacts_C:SpawnParticlesFromImpacts
	Function /Game/Effects/Blueprints/B_WeaponImpacts.B_WeaponImpacts_C:SpawnFromArrays

[2026.08.30-14.04.18:315][396]LogScript: Warning: “无访问”正在尝试读取属性 Impact System
	B_WeaponImpacts_C /Game/WeaponSystem/Maps/L_WS_WeaponTest.L_WS_WeaponTest:PersistentLevel.B_WeaponImpacts_C_1
	Function /Game/Effects/Blueprints/B_WeaponImpacts.B_WeaponImpacts_C:SpawnFromArrays:059D
Script call stack:
	Function /ShooterCore/Weapons/Pistol/GCN_Weapon_Pistol_Fire.GCN_Weapon_Pistol_Fire_C:OnBurst
	Function /Game/Weapons/B_Weapon.B_Weapon_C:Fire
	Function /Game/Weapons/B_Weapon.B_Weapon_C:ExecuteUbergraph_B_Weapon
	Function /Game/Effects/Blueprints/B_WeaponImpacts.B_WeaponImpacts_C:Fire
	Function /Game/Effects/Blueprints/B_WeaponImpacts.B_WeaponImpacts_C:ExecuteUbergraph_B_WeaponImpacts
	Function /Game/Effects/Blueprints/B_WeaponImpacts.B_WeaponImpacts_C:SpawnParticlesFromImpacts
	Function /Game/Effects/Blueprints/B_WeaponImpacts.B_WeaponImpacts_C:SpawnFromArrays

[2026.08.30-14.04.18:315][396]LogScript: Warning: Script call stack:
	Function /ShooterCore/Weapons/Pistol/GCN_Weapon_Pistol_Fire.GCN_Weapon_Pistol_Fire_C:OnBurst
	Function /Game/Weapons/B_Weapon.B_Weapon_C:Fire
	Function /Game/Weapons/B_Weapon.B_Weapon_C:ExecuteUbergraph_B_Weapon
	Function /Game/Effects/Blueprints/B_WeaponImpacts.B_WeaponImpacts_C:Fire
	Function /Game/Effects/Blueprints/B_WeaponImpacts.B_WeaponImpacts_C:ExecuteUbergraph_B_WeaponImpacts
	Function /Game/Effects/Blueprints/B_WeaponImpacts.B_WeaponImpacts_C:SpawnParticlesFromImpacts
	Function /Game/Effects/Blueprints/B_WeaponImpacts.B_WeaponImpacts_C:SpawnFromArrays

[2026.08.30-14.04.18:315][396]LogScript: Warning: “无访问”正在尝试读取属性 Decal
	B_WeaponDecals_C /Game/WeaponSystem/Maps/L_WS_WeaponTest.L_WS_WeaponTest:PersistentLevel.B_WeaponDecals_C_1
	Function /Game/Effects/Blueprints/B_WeaponDecals.B_WeaponDecals_C:ExecuteUbergraph_B_WeaponDecals:0123
Script call stack:
	Function /ShooterCore/Weapons/Pistol/GCN_Weapon_Pistol_Fire.GCN_Weapon_Pistol_Fire_C:OnBurst
	Function /Game/Weapons/B_Weapon.B_Weapon_C:Fire
	Function /Game/Weapons/B_Weapon.B_Weapon_C:ExecuteUbergraph_B_Weapon
	Function /Game/Effects/Blueprints/B_WeaponDecals.B_WeaponDecals_C:fire
	Function /Game/Effects/Blueprints/B_WeaponDecals.B_WeaponDecals_C:ExecuteUbergraph_B_WeaponDecals

[2026.08.30-14.04.18:315][396]LogScript: Warning: Script call stack:
	Function /ShooterCore/Weapons/Pistol/GCN_Weapon_Pistol_Fire.GCN_Weapon_Pistol_Fire_C:OnBurst
	Function /Game/Weapons/B_Weapon.B_Weapon_C:Fire
	Function /Game/Weapons/B_Weapon.B_Weapon_C:ExecuteUbergraph_B_Weapon
	Function /Game/Effects/Blueprints/B_WeaponDecals.B_WeaponDecals_C:fire
	Function /Game/Effects/Blueprints/B_WeaponDecals.B_WeaponDecals_C:ExecuteUbergraph_B_WeaponDecals

[2026.08.30-14.04.18:315][396]LogNiagara: Warning: NiagaraSystem was nullptr for OverrideName "User.ImpactSurfaces".
[2026.08.30-14.04.18:315][396]LogNiagara: Warning: NiagaraSystem was nullptr for OverrideName "User.ImpactPositions".
[2026.08.30-14.04.18:315][396]LogNiagara: Warning: NiagaraSystem was nullptr for OverrideName "User.ImpactNormals".
[2026.08.30-14.04.18:315][396]LogScript: Warning: “无访问”正在尝试读取属性 Decal
	B_WeaponDecals_C /Game/WeaponSystem/Maps/L_WS_WeaponTest.L_WS_WeaponTest:PersistentLevel.B_WeaponDecals_C_1
	Function /Game/Effects/Blueprints/B_WeaponDecals.B_WeaponDecals_C:ExecuteUbergraph_B_WeaponDecals:03FA
Script call stack:
	Function /ShooterCore/Weapons/Pistol/GCN_Weapon_Pistol_Fire.GCN_Weapon_Pistol_Fire_C:OnBurst
	Function /Game/Weapons/B_Weapon.B_Weapon_C:Fire
	Function /Game/Weapons/B_Weapon.B_Weapon_C:ExecuteUbergraph_B_Weapon
	Function /Game/Effects/Blueprints/B_WeaponDecals.B_WeaponDecals_C:fire
	Function /Game/Effects/Blueprints/B_WeaponDecals.B_WeaponDecals_C:ExecuteUbergraph_B_WeaponDecals

[2026.08.30-14.04.18:315][396]LogScript: Warning: Script call stack:
	Function /ShooterCore/Weapons/Pistol/GCN_Weapon_Pistol_Fire.GCN_Weapon_Pistol_Fire_C:OnBurst
	Function /Game/Weapons/B_Weapon.B_Weapon_C:Fire
	Function /Game/Weapons/B_Weapon.B_Weapon_C:ExecuteUbergraph_B_Weapon
	Function /Game/Effects/Blueprints/B_WeaponDecals.B_WeaponDecals_C:fire
	Function /Game/Effects/Blueprints/B_WeaponDecals.B_WeaponDecals_C:ExecuteUbergraph_B_WeaponDecals

[2026.08.30-14.04.18:315][396]LogScript: Warning: Script Msg: Attempted to access index 0 from array 'TapIDs' of length 0 in '/ShooterCore/System/Audio/WeaponAudioFunctions.WeaponAudioFunctions_C:EarlyReflections'!
[2026.08.30-14.04.18:315][396]LogScript: Warning: Script call stack:
	/ShooterCore/System/Audio/WeaponAudioFunctions.WeaponAudioFunctions_C.EarlyReflections <---
	/ShooterCore/Weapons/Pistol/GCN_Weapon_Pistol_Fire.GCN_Weapon_Pistol_Fire_C.OnBurst
	/Script/GameplayAbilities.GameplayCueNotify_Static.OnExecute
	/Script/GameplayAbilities.AbilitySystemComponent.NetMulticast_InvokeGameplayCueExecuted_WithParams
	/Game/Weapons/GA_Weapon_Fire.GA_Weapon_Fire_C.ExecuteUbergraph_GA_Weapon_Fire
	/Game/Weapons/GA_Weapon_Fire.GA_Weapon_Fire_C.OnRangedWeaponTargetDataReady
	/Game/Weapons/GA_Weapon_Fire.GA_Weapon_Fire_C.ExecuteUbergraph_GA_Weapon_Fire
	/Game/Weapons/GA_Weapon_Fire.GA_Weapon_Fire_C.K2_ActivateAbility
	/ShooterCore/Bot/Services/BTS_Shoot.BTS_Shoot_C.ExecuteUbergraph_BTS_Shoot
	/ShooterCore/Bot/Services/BTS_Shoot.BTS_Shoot_C.ReceiveTickAI

[2026.08.30-14.04.18:315][396]LogTapDelay: Warning: Tried to set Invalid Tap ID 0!
[2026.08.30-14.04.18:315][396]LogScript: Warning: Script Msg: Attempted to access index 1 from array 'TapIDs' of length 0 in '/ShooterCore/System/Audio/WeaponAudioFunctions.WeaponAudioFunctions_C:EarlyReflections'!
[2026.08.30-14.04.18:315][396]LogScript: Warning: Script call stack:
	/ShooterCore/System/Audio/WeaponAudioFunctions.WeaponAudioFunctions_C.EarlyReflections <---
	/ShooterCore/Weapons/Pistol/GCN_Weapon_Pistol_Fire.GCN_Weapon_Pistol_Fire_C.OnBurst
	/Script/GameplayAbilities.GameplayCueNotify_Static.OnExecute
	/Script/GameplayAbilities.AbilitySystemComponent.NetMulticast_InvokeGameplayCueExecuted_WithParams
	/Game/Weapons/GA_Weapon_Fire.GA_Weapon_Fire_C.ExecuteUbergraph_GA_Weapon_Fire
	/Game/Weapons/GA_Weapon_Fire.GA_Weapon_Fire_C.OnRangedWeaponTargetDataReady
	/Game/Weapons/GA_Weapon_Fire.GA_Weapon_Fire_C.ExecuteUbergraph_GA_Weapon_Fire
	/Game/Weapons/GA_Weapon_Fire.GA_Weapon_Fire_C.K2_ActivateAbility
	/ShooterCore/Bot/Services/BTS_Shoot.BTS_Shoot_C.ExecuteUbergraph_BTS_Shoot
	/ShooterCore/Bot/Services/BTS_Shoot.BTS_Shoot_C.ReceiveTickAI

[2026.08.30-14.04.18:315][396]LogTapDelay: Warning: Tried to set Invalid Tap ID 0!
[2026.08.30-14.04.18:315][396]LogScript: Warning: Script Msg: Attempted to access index 4 from array 'TapIDs' of length 0 in '/ShooterCore/System/Audio/WeaponAudioFunctions.WeaponAudioFunctions_C:EarlyReflections'!
[2026.08.30-14.04.18:315][396]LogScript: Warning: Script call stack:
	/ShooterCore/System/Audio/WeaponAudioFunctions.WeaponAudioFunctions_C.EarlyReflections <---
	/ShooterCore/Weapons/Pistol/GCN_Weapon_Pistol_Fire.GCN_Weapon_Pistol_Fire_C.OnBurst
	/Script/GameplayAbilities.GameplayCueNotify_Static.OnExecute
	/Script/GameplayAbilities.AbilitySystemComponent.NetMulticast_InvokeGameplayCueExecuted_WithParams
	/Game/Weapons/GA_Weapon_Fire.GA_Weapon_Fire_C.ExecuteUbergraph_GA_Weapon_Fire
	/Game/Weapons/GA_Weapon_Fire.GA_Weapon_Fire_C.OnRangedWeaponTargetDataReady
	/Game/Weapons/GA_Weapon_Fire.GA_Weapon_Fire_C.ExecuteUbergraph_GA_Weapon_Fire
	/Game/Weapons/GA_Weapon_Fire.GA_Weapon_Fire_C.K2_ActivateAbility
	/ShooterCore/Bot/Services/BTS_Shoot.BTS_Shoot_C.ExecuteUbergraph_BTS_Shoot
	/ShooterCore/Bot/Services/BTS_Shoot.BTS_Shoot_C.ReceiveTickAI

[2026.08.30-14.04.18:315][396]LogTapDelay: Warning: Tried to set Invalid Tap ID 0!
[2026.08.30-14.04.18:315][396]LogScript: Warning: Script Msg: Attempted to access index 5 from array 'TapIDs' of length 0 in '/ShooterCore/System/Audio/WeaponAudioFunctions.WeaponAudioFunctions_C:EarlyReflections'!
[2026.08.30-14.04.18:315][396]LogScript: Warning: Script call stack:
	/ShooterCore/System/Audio/WeaponAudioFunctions.WeaponAudioFunctions_C.EarlyReflections <---
	/ShooterCore/Weapons/Pistol/GCN_Weapon_Pistol_Fire.GCN_Weapon_Pistol_Fire_C.OnBurst
	/Script/GameplayAbilities.GameplayCueNotify_Static.OnExecute
	/Script/GameplayAbilities.AbilitySystemComponent.NetMulticast_InvokeGameplayCueExecuted_WithParams
	/Game/Weapons/GA_Weapon_Fire.GA_Weapon_Fire_C.ExecuteUbergraph_GA_Weapon_Fire
	/Game/Weapons/GA_Weapon_Fire.GA_Weapon_Fire_C.OnRangedWeaponTargetDataReady
	/Game/Weapons/GA_Weapon_Fire.GA_Weapon_Fire_C.ExecuteUbergraph_GA_Weapon_Fire
	/Game/Weapons/GA_Weapon_Fire.GA_Weapon_Fire_C.K2_ActivateAbility
	/ShooterCore/Bot/Services/BTS_Shoot.BTS_Shoot_C.ExecuteUbergraph_BTS_Shoot
	/ShooterCore/Bot/Services/BTS_Shoot.BTS_Shoot_C.ReceiveTickAI

[2026.08.30-14.04.18:315][396]LogTapDelay: Warning: Tried to set Invalid Tap ID 0!
[2026.08.30-14.04.18:315][396]LogScript: Warning: Script Msg: Attempted to access index 2 from array 'TapIDs' of length 0 in '/ShooterCore/System/Audio/WeaponAudioFunctions.WeaponAudioFunctions_C:EarlyReflections'!
[2026.08.30-14.04.18:315][396]LogScript: Warning: Script call stack:
	/ShooterCore/System/Audio/WeaponAudioFunctions.WeaponAudioFunctions_C.EarlyReflections <---
	/ShooterCore/Weapons/Pistol/GCN_Weapon_Pistol_Fire.GCN_Weapon_Pistol_Fire_C.OnBurst
	/Script/GameplayAbilities.GameplayCueNotify_Static.OnExecute
	/Script/GameplayAbilities.AbilitySystemComponent.NetMulticast_InvokeGameplayCueExecuted_WithParams
	/Game/Weapons/GA_Weapon_Fire.GA_Weapon_Fire_C.ExecuteUbergraph_GA_Weapon_Fire
	/Game/Weapons/GA_Weapon_Fire.GA_Weapon_Fire_C.OnRangedWeaponTargetDataReady
	/Game/Weapons/GA_Weapon_Fire.GA_Weapon_Fire_C.ExecuteUbergraph_GA_Weapon_Fire
	/Game/Weapons/GA_Weapon_Fire.GA_Weapon_Fire_C.K2_ActivateAbility
	/ShooterCore/Bot/Services/BTS_Shoot.BTS_Shoot_C.ExecuteUbergraph_BTS_Shoot
	/ShooterCore/Bot/Services/BTS_Shoot.BTS_Shoot_C.ReceiveTickAI

[2026.08.30-14.04.18:315][396]LogTapDelay: Warning: Tried to set Invalid Tap ID 0!
[2026.08.30-14.04.18:315][396]LogScript: Warning: Script Msg: Attempted to access index 3 from array 'TapIDs' of length 0 in '/ShooterCore/System/Audio/WeaponAudioFunctions.WeaponAudioFunctions_C:EarlyReflections'!
[2026.08.30-14.04.18:315][396]LogScript: Warning: Script call stack:
	/ShooterCore/System/Audio/WeaponAudioFunctions.WeaponAudioFunctions_C.EarlyReflections <---
	/ShooterCore/Weapons/Pistol/GCN_Weapon_Pistol_Fire.GCN_Weapon_Pistol_Fire_C.OnBurst
	/Script/GameplayAbilities.GameplayCueNotify_Static.OnExecute
	/Script/GameplayAbilities.AbilitySystemComponent.NetMulticast_InvokeGameplayCueExecuted_WithParams
	/Game/Weapons/GA_Weapon_Fire.GA_Weapon_Fire_C.ExecuteUbergraph_GA_Weapon_Fire
	/Game/Weapons/GA_Weapon_Fire.GA_Weapon_Fire_C.OnRangedWeaponTargetDataReady
	/Game/Weapons/GA_Weapon_Fire.GA_Weapon_Fire_C.ExecuteUbergraph_GA_Weapon_Fire
	/Game/Weapons/GA_Weapon_Fire.GA_Weapon_Fire_C.K2_ActivateAbility
	/ShooterCore/Bot/Services/BTS_Shoot.BTS_Shoot_C.ExecuteUbergraph_BTS_Shoot
	/ShooterCore/Bot/Services/BTS_Shoot.BTS_Shoot_C.ReceiveTickAI

[2026.08.30-14.04.18:315][396]LogTapDelay: Warning: Tried to set Invalid Tap ID 0!
[2026.08.30-14.04.18:315][396]LogScript: Warning: Script Msg: Attempted to access index 6 from array 'TapIDs' of length 0 in '/ShooterCore/System/Audio/WeaponAudioFunctions.WeaponAudioFunctions_C:EarlyReflections'!
[2026.08.30-14.04.18:315][396]LogScript: Warning: Script call stack:
	/ShooterCore/System/Audio/WeaponAudioFunctions.WeaponAudioFunctions_C.EarlyReflections <---
	/ShooterCore/Weapons/Pistol/GCN_Weapon_Pistol_Fire.GCN_Weapon_Pistol_Fire_C.OnBurst
	/Script/GameplayAbilities.GameplayCueNotify_Static.OnExecute
	/Script/GameplayAbilities.AbilitySystemComponent.NetMulticast_InvokeGameplayCueExecuted_WithParams
	/Game/Weapons/GA_Weapon_Fire.GA_Weapon_Fire_C.ExecuteUbergraph_GA_Weapon_Fire
	/Game/Weapons/GA_Weapon_Fire.GA_Weapon_Fire_C.OnRangedWeaponTargetDataReady
	/Game/Weapons/GA_Weapon_Fire.GA_Weapon_Fire_C.ExecuteUbergraph_GA_Weapon_Fire
	/Game/Weapons/GA_Weapon_Fire.GA_Weapon_Fire_C.K2_ActivateAbility
	/ShooterCore/Bot/Services/BTS_Shoot.BTS_Shoot_C.ExecuteUbergraph_BTS_Shoot
	/ShooterCore/Bot/Services/BTS_Shoot.BTS_Shoot_C.ReceiveTickAI

[2026.08.30-14.04.18:315][396]LogTapDelay: Warning: Tried to set Invalid Tap ID 0!
[2026.08.30-14.04.18:315][396]LogScript: Warning: Script Msg: Attempted to access index 7 from array 'TapIDs' of length 0 in '/ShooterCore/System/Audio/WeaponAudioFunctions.WeaponAudioFunctions_C:EarlyReflections'!
[2026.08.30-14.04.18:315][396]LogScript: Warning: Script call stack:
	/ShooterCore/System/Audio/WeaponAudioFunctions.WeaponAudioFunctions_C.EarlyReflections <---
	/ShooterCore/Weapons/Pistol/GCN_Weapon_Pistol_Fire.GCN_Weapon_Pistol_Fire_C.OnBurst
	/Script/GameplayAbilities.GameplayCueNotify_Static.OnExecute
	/Script/GameplayAbilities.AbilitySystemComponent.NetMulticast_InvokeGameplayCueExecuted_WithParams
	/Game/Weapons/GA_Weapon_Fire.GA_Weapon_Fire_C.ExecuteUbergraph_GA_Weapon_Fire
	/Game/Weapons/GA_Weapon_Fire.GA_Weapon_Fire_C.OnRangedWeaponTargetDataReady
	/Game/Weapons/GA_Weapon_Fire.GA_Weapon_Fire_C.ExecuteUbergraph_GA_Weapon_Fire
	/Game/Weapons/GA_Weapon_Fire.GA_Weapon_Fire_C.K2_ActivateAbility
	/ShooterCore/Bot/Services/BTS_Shoot.BTS_Shoot_C.ExecuteUbergraph_BTS_Shoot
	/ShooterCore/Bot/Services/BTS_Shoot.BTS_Shoot_C.ReceiveTickAI

[2026.08.30-14.04.18:315][396]LogTapDelay: Warning: Tried to set Invalid Tap ID 0!
[2026.08.30-14.04.18:326][397]LogScript: Warning: “无访问”正在尝试读取属性 NS_ShellEject
	B_WeaponFire_C /Game/WeaponSystem/Maps/L_WS_WeaponTest.L_WS_WeaponTest:PersistentLevel.B_WeaponFire_C_0
	Function /Game/Effects/Blueprints/B_WeaponFire.B_WeaponFire_C:ExecuteUbergraph_B_WeaponFire:02D7
Script call stack:
	Function /ShooterCore/Weapons/Pistol/GCN_Weapon_Pistol_Fire.GCN_Weapon_Pistol_Fire_C:OnBurst
	Function /Game/Weapons/B_Weapon.B_Weapon_C:Fire
	Function /Game/Weapons/B_Weapon.B_Weapon_C:ExecuteUbergraph_B_Weapon
	Function /Game/Effects/Blueprints/B_WeaponFire.B_WeaponFire_C:Fire
	Function /Game/Effects/Blueprints/B_WeaponFire.B_WeaponFire_C:ExecuteUbergraph_B_WeaponFire

[2026.08.30-14.04.18:326][397]LogScript: Warning: Script call stack:
	Function /ShooterCore/Weapons/Pistol/GCN_Weapon_Pistol_Fire.GCN_Weapon_Pistol_Fire_C:OnBurst
	Function /Game/Weapons/B_Weapon.B_Weapon_C:Fire
	Function /Game/Weapons/B_Weapon.B_Weapon_C:ExecuteUbergraph_B_Weapon
	Function /Game/Effects/Blueprints/B_WeaponFire.B_WeaponFire_C:Fire
	Function /Game/Effects/Blueprints/B_WeaponFire.B_WeaponFire_C:ExecuteUbergraph_B_WeaponFire

[2026.08.30-14.04.18:326][397]LogScript: Warning: “无访问”正在尝试读取属性 NS_ShellEject
	B_WeaponFire_C /Game/WeaponSystem/Maps/L_WS_WeaponTest.L_WS_WeaponTest:PersistentLevel.B_WeaponFire_C_0
	Function /Game/Effects/Blueprints/B_WeaponFire.B_WeaponFire_C:ExecuteUbergraph_B_WeaponFire:01A3
Script call stack:
	Function /ShooterCore/Weapons/Pistol/GCN_Weapon_Pistol_Fire.GCN_Weapon_Pistol_Fire_C:OnBurst
	Function /Game/Weapons/B_Weapon.B_Weapon_C:Fire
	Function /Game/Weapons/B_Weapon.B_Weapon_C:ExecuteUbergraph_B_Weapon
	Function /Game/Effects/Blueprints/B_WeaponFire.B_WeaponFire_C:Fire
	Function /Game/Effects/Blueprints/B_WeaponFire.B_WeaponFire_C:ExecuteUbergraph_B_WeaponFire

[2026.08.30-14.04.18:326][397]LogScript: Warning: Script call stack:
	Function /ShooterCore/Weapons/Pistol/GCN_Weapon_Pistol_Fire.GCN_Weapon_Pistol_Fire_C:OnBurst
	Function /Game/Weapons/B_Weapon.B_Weapon_C:Fire
	Function /Game/Weapons/B_Weapon.B_Weapon_C:ExecuteUbergraph_B_Weapon
	Function /Game/Effects/Blueprints/B_WeaponFire.B_WeaponFire_C:Fire
	Function /Game/Effects/Blueprints/B_WeaponFire.B_WeaponFire_C:ExecuteUbergraph_B_WeaponFire

[2026.08.30-14.04.18:326][397]LogScript: Warning: “无访问”正在尝试读取属性 NS_MuzzleFlash
	B_WeaponFire_C /Game/WeaponSystem/Maps/L_WS_WeaponTest.L_WS_WeaponTest:PersistentLevel.B_WeaponFire_C_0
	Function /Game/Effects/Blueprints/B_WeaponFire.B_WeaponFire_C:ExecuteUbergraph_B_WeaponFire:03B0
Script call stack:
	Function /ShooterCore/Weapons/Pistol/GCN_Weapon_Pistol_Fire.GCN_Weapon_Pistol_Fire_C:OnBurst
	Function /Game/Weapons/B_Weapon.B_Weapon_C:Fire
	Function /Game/Weapons/B_Weapon.B_Weapon_C:ExecuteUbergraph_B_Weapon
	Function /Game/Effects/Blueprints/B_WeaponFire.B_WeaponFire_C:Fire
	Function /Game/Effects/Blueprints/B_WeaponFire.B_WeaponFire_C:ExecuteUbergraph_B_WeaponFire

[2026.08.30-14.04.18:326][397]LogScript: Warning: Script call stack:
	Function /ShooterCore/Weapons/Pistol/GCN_Weapon_Pistol_Fire.GCN_Weapon_Pistol_Fire_C:OnBurst
	Function /Game/Weapons/B_Weapon.B_Weapon_C:Fire
	Function /Game/Weapons/B_Weapon.B_Weapon_C:ExecuteUbergraph_B_Weapon
	Function /Game/Effects/Blueprints/B_WeaponFire.B_WeaponFire_C:Fire
	Function /Game/Effects/Blueprints/B_WeaponFire.B_WeaponFire_C:ExecuteUbergraph_B_WeaponFire

[2026.08.30-14.04.18:326][397]LogScript: Warning: “无访问”正在尝试读取属性 NS_MuzzleFlash
	B_WeaponFire_C /Game/WeaponSystem/Maps/L_WS_WeaponTest.L_WS_WeaponTest:PersistentLevel.B_WeaponFire_C_0
	Function /Game/Effects/Blueprints/B_WeaponFire.B_WeaponFire_C:ExecuteUbergraph_B_WeaponFire:04B7
Script call stack:
	Function /ShooterCore/Weapons/Pistol/GCN_Weapon_Pistol_Fire.GCN_Weapon_Pistol_Fire_C:OnBurst
	Function /Game/Weapons/B_Weapon.B_Weapon_C:Fire
	Function /Game/Weapons/B_Weapon.B_Weapon_C:ExecuteUbergraph_B_Weapon
	Function /Game/Effects/Blueprints/B_WeaponFire.B_WeaponFire_C:Fire
	Function /Game/Effects/Blueprints/B_WeaponFire.B_WeaponFire_C:ExecuteUbergraph_B_WeaponFire

[2026.08.30-14.04.18:326][397]LogScript: Warning: Script call stack:
	Function /ShooterCore/Weapons/Pistol/GCN_Weapon_Pistol_Fire.GCN_Weapon_Pistol_Fire_C:OnBurst
	Function /Game/Weapons/B_Weapon.B_Weapon_C:Fire
	Function /Game/Weapons/B_Weapon.B_Weapon_C:ExecuteUbergraph_B_Weapon
	Function /Game/Effects/Blueprints/B_WeaponFire.B_WeaponFire_C:Fire
	Function /Game/Effects/Blueprints/B_WeaponFire.B_WeaponFire_C:ExecuteUbergraph_B_WeaponFire

[2026.08.30-14.04.18:326][397]LogScript: Warning: “无访问”正在尝试读取属性 NS_Tracer
	B_WeaponFire_C /Game/WeaponSystem/Maps/L_WS_WeaponTest.L_WS_WeaponTest:PersistentLevel.B_WeaponFire_C_0
	Function /Game/Effects/Blueprints/B_WeaponFire.B_WeaponFire_C:ExecuteUbergraph_B_WeaponFire:06C5
Script call stack:
	Function /ShooterCore/Weapons/Pistol/GCN_Weapon_Pistol_Fire.GCN_Weapon_Pistol_Fire_C:OnBurst
	Function /Game/Weapons/B_Weapon.B_Weapon_C:Fire
	Function /Game/Weapons/B_Weapon.B_Weapon_C:ExecuteUbergraph_B_Weapon
	Function /Game/Effects/Blueprints/B_WeaponFire.B_WeaponFire_C:Fire
	Function /Game/Effects/Blueprints/B_WeaponFire.B_WeaponFire_C:ExecuteUbergraph_B_WeaponFire

[2026.08.30-14.04.18:326][397]LogScript: Warning: Script call stack:
	Function /ShooterCore/Weapons/Pistol/GCN_Weapon_Pistol_Fire.GCN_Weapon_Pistol_Fire_C:OnBurst
	Function /Game/Weapons/B_Weapon.B_Weapon_C:Fire
	Function /Game/Weapons/B_Weapon.B_Weapon_C:ExecuteUbergraph_B_Weapon
	Function /Game/Effects/Blueprints/B_WeaponFire.B_WeaponFire_C:Fire
	Function /Game/Effects/Blueprints/B_WeaponFire.B_WeaponFire_C:ExecuteUbergraph_B_WeaponFire

[2026.08.30-14.04.18:326][397]LogNiagara: Warning: NiagaraSystem was nullptr for OverrideName "User.ImpactPositions".
[2026.08.30-14.04.18:326][397]LogScript: Warning: “无访问”正在尝试读取属性 Decal
	B_WeaponDecals_C /Game/WeaponSystem/Maps/L_WS_WeaponTest.L_WS_WeaponTest:PersistentLevel.B_WeaponDecals_C_0
	Function /Game/Effects/Blueprints/B_WeaponDecals.B_WeaponDecals_C:ExecuteUbergraph_B_WeaponDecals:0123
Script call stack:
	Function /ShooterCore/Weapons/Pistol/GCN_Weapon_Pistol_Fire.GCN_Weapon_Pistol_Fire_C:OnBurst
	Function /Game/Weapons/B_Weapon.B_Weapon_C:Fire
	Function /Game/Weapons/B_Weapon.B_Weapon_C:ExecuteUbergraph_B_Weapon
	Function /Game/Effects/Blueprints/B_WeaponDecals.B_WeaponDecals_C:fire
	Function /Game/Effects/Blueprints/B_WeaponDecals.B_WeaponDecals_C:ExecuteUbergraph_B_WeaponDecals

[2026.08.30-14.04.18:331][397]LogScript: Warning: Script call stack:
	Function /ShooterCore/Weapons/Pistol/GCN_Weapon_Pistol_Fire.GCN_Weapon_Pistol_Fire_C:OnBurst
	Function /Game/Weapons/B_Weapon.B_Weapon_C:Fire
	Function /Game/Weapons/B_Weapon.B_Weapon_C:ExecuteUbergraph_B_Weapon
	Function /Game/Effects/Blueprints/B_WeaponDecals.B_WeaponDecals_C:fire
	Function /Game/Effects/Blueprints/B_WeaponDecals.B_WeaponDecals_C:ExecuteUbergraph_B_WeaponDecals

[2026.08.30-14.04.18:331][397]LogNiagara: Warning: NiagaraSystem was nullptr for OverrideName "User.ImpactSurfaces".
[2026.08.30-14.04.18:331][397]LogNiagara: Warning: NiagaraSystem was nullptr for OverrideName "User.ImpactPositions".
[2026.08.30-14.04.18:331][397]LogNiagara: Warning: NiagaraSystem was nullptr for OverrideName "User.ImpactNormals".
[2026.08.30-14.04.18:331][397]LogScript: Warning: “无访问”正在尝试读取属性 Decal
	B_WeaponDecals_C /Game/WeaponSystem/Maps/L_WS_WeaponTest.L_WS_WeaponTest:PersistentLevel.B_WeaponDecals_C_0
	Function /Game/Effects/Blueprints/B_WeaponDecals.B_WeaponDecals_C:ExecuteUbergraph_B_WeaponDecals:03FA
Script call stack:
	Function /ShooterCore/Weapons/Pistol/GCN_Weapon_Pistol_Fire.GCN_Weapon_Pistol_Fire_C:OnBurst
	Function /Game/Weapons/B_Weapon.B_Weapon_C:Fire
	Function /Game/Weapons/B_Weapon.B_Weapon_C:ExecuteUbergraph_B_Weapon
	Function /Game/Effects/Blueprints/B_WeaponDecals.B_WeaponDecals_C:fire
	Function /Game/Effects/Blueprints/B_WeaponDecals.B_WeaponDecals_C:ExecuteUbergraph_B_WeaponDecals

[2026.08.30-14.04.18:331][397]LogScript: Warning: Script call stack:
	Function /ShooterCore/Weapons/Pistol/GCN_Weapon_Pistol_Fire.GCN_Weapon_Pistol_Fire_C:OnBurst
	Function /Game/Weapons/B_Weapon.B_Weapon_C:Fire
	Function /Game/Weapons/B_Weapon.B_Weapon_C:ExecuteUbergraph_B_Weapon
	Function /Game/Effects/Blueprints/B_WeaponDecals.B_WeaponDecals_C:fire
	Function /Game/Effects/Blueprints/B_WeaponDecals.B_WeaponDecals_C:ExecuteUbergraph_B_WeaponDecals

[2026.08.30-14.04.18:368][404]LogScript: Warning: “无访问”正在尝试读取属性 NS_ShellEject
	B_WeaponFire_C /Game/WeaponSystem/Maps/L_WS_WeaponTest.L_WS_WeaponTest:PersistentLevel.B_WeaponFire_C_1
	Function /Game/Effects/Blueprints/B_WeaponFire.B_WeaponFire_C:ExecuteUbergraph_B_WeaponFire:02D7
Script call stack:
	Function /ShooterCore/Weapons/Pistol/GCN_Weapon_Pistol_Fire.GCN_Weapon_Pistol_Fire_C:OnBurst
	Function /Game/Weapons/B_Weapon.B_Weapon_C:Fire
	Function /Game/Weapons/B_Weapon.B_Weapon_C:ExecuteUbergraph_B_Weapon
	Function /Game/Effects/Blueprints/B_WeaponFire.B_WeaponFire_C:Fire
	Function /Game/Effects/Blueprints/B_WeaponFire.B_WeaponFire_C:ExecuteUbergraph_B_WeaponFire

[2026.08.30-14.04.18:368][404]LogScript: Warning: Script call stack:
	Function /ShooterCore/Weapons/Pistol/GCN_Weapon_Pistol_Fire.GCN_Weapon_Pistol_Fire_C:OnBurst
	Function /Game/Weapons/B_Weapon.B_Weapon_C:Fire
	Function /Game/Weapons/B_Weapon.B_Weapon_C:ExecuteUbergraph_B_Weapon
	Function /Game/Effects/Blueprints/B_WeaponFire.B_WeaponFire_C:Fire
	Function /Game/Effects/Blueprints/B_WeaponFire.B_WeaponFire_C:ExecuteUbergraph_B_WeaponFire

[2026.08.30-14.04.18:368][404]LogNiagara: Warning: NiagaraSystem was nullptr for OverrideName "User.ImpactPositions".
[2026.08.30-14.04.18:368][404]LogScript: Warning: “无访问”正在尝试读取属性 Decal
	B_WeaponDecals_C /Game/WeaponSystem/Maps/L_WS_WeaponTest.L_WS_WeaponTest:PersistentLevel.B_WeaponDecals_C_1
	Function /Game/Effects/Blueprints/B_WeaponDecals.B_WeaponDecals_C:ExecuteUbergraph_B_WeaponDecals:0123
Script call stack:
	Function /ShooterCore/Weapons/Pistol/GCN_Weapon_Pistol_Fire.GCN_Weapon_Pistol_Fire_C:OnBurst
	Function /Game/Weapons/B_Weapon.B_Weapon_C:Fire
	Function /Game/Weapons/B_Weapon.B_Weapon_C:ExecuteUbergraph_B_Weapon
	Function /Game/Effects/Blueprints/B_WeaponDecals.B_WeaponDecals_C:fire
	Function /Game/Effects/Blueprints/B_WeaponDecals.B_WeaponDecals_C:ExecuteUbergraph_B_WeaponDecals

[2026.08.30-14.04.18:368][404]LogScript: Warning: Script call stack:
	Function /ShooterCore/Weapons/Pistol/GCN_Weapon_Pistol_Fire.GCN_Weapon_Pistol_Fire_C:OnBurst
	Function /Game/Weapons/B_Weapon.B_Weapon_C:Fire
	Function /Game/Weapons/B_Weapon.B_Weapon_C:ExecuteUbergraph_B_Weapon
	Function /Game/Effects/Blueprints/B_WeaponDecals.B_WeaponDecals_C:fire
	Function /Game/Effects/Blueprints/B_WeaponDecals.B_WeaponDecals_C:ExecuteUbergraph_B_WeaponDecals

[2026.08.30-14.04.18:368][404]LogNiagara: Warning: NiagaraSystem was nullptr for OverrideName "User.ImpactSurfaces".
[2026.08.30-14.04.18:368][404]LogNiagara: Warning: NiagaraSystem was nullptr for OverrideName "User.ImpactPositions".
[2026.08.30-14.04.18:368][404]LogNiagara: Warning: NiagaraSystem was nullptr for OverrideName "User.ImpactNormals".
[2026.08.30-14.04.18:368][404]LogScript: Warning: “无访问”正在尝试读取属性 Decal
	B_WeaponDecals_C /Game/WeaponSystem/Maps/L_WS_WeaponTest.L_WS_WeaponTest:PersistentLevel.B_WeaponDecals_C_1
	Function /Game/Effects/Blueprints/B_WeaponDecals.B_WeaponDecals_C:ExecuteUbergraph_B_WeaponDecals:03FA
Script call stack:
	Function /ShooterCore/Weapons/Pistol/GCN_Weapon_Pistol_Fire.GCN_Weapon_Pistol_Fire_C:OnBurst
	Function /Game/Weapons/B_Weapon.B_Weapon_C:Fire
	Function /Game/Weapons/B_Weapon.B_Weapon_C:ExecuteUbergraph_B_Weapon
	Function /Game/Effects/Blueprints/B_WeaponDecals.B_WeaponDecals_C:fire
	Function /Game/Effects/Blueprints/B_WeaponDecals.B_WeaponDecals_C:ExecuteUbergraph_B_WeaponDecals

[2026.08.30-14.04.18:368][404]LogScript: Warning: Script call stack:
	Function /ShooterCore/Weapons/Pistol/GCN_Weapon_Pistol_Fire.GCN_Weapon_Pistol_Fire_C:OnBurst
	Function /Game/Weapons/B_Weapon.B_Weapon_C:Fire
	Function /Game/Weapons/B_Weapon.B_Weapon_C:ExecuteUbergraph_B_Weapon
	Function /Game/Effects/Blueprints/B_WeaponDecals.B_WeaponDecals_C:fire
	Function /Game/Effects/Blueprints/B_WeaponDecals.B_WeaponDecals_C:ExecuteUbergraph_B_WeaponDecals

[2026.08.30-14.04.18:378][406]LogScript: Warning: “无访问”正在尝试读取属性 NS_ShellEject
	B_WeaponFire_C /Game/WeaponSystem/Maps/L_WS_WeaponTest.L_WS_WeaponTest:PersistentLevel.B_WeaponFire_C_0
	Function /Game/Effects/Blueprints/B_WeaponFire.B_WeaponFire_C:ExecuteUbergraph_B_WeaponFire:02D7
Script call stack:
	Function /ShooterCore/Weapons/Pistol/GCN_Weapon_Pistol_Fire.GCN_Weapon_Pistol_Fire_C:OnBurst
	Function /Game/Weapons/B_Weapon.B_Weapon_C:Fire
	Function /Game/Weapons/B_Weapon.B_Weapon_C:ExecuteUbergraph_B_Weapon
	Function /Game/Effects/Blueprints/B_WeaponFire.B_WeaponFire_C:Fire
	Function /Game/Effects/Blueprints/B_WeaponFire.B_WeaponFire_C:ExecuteUbergraph_B_WeaponFire

[2026.08.30-14.04.18:378][406]LogScript: Warning: Script call stack:
	Function /ShooterCore/Weapons/Pistol/GCN_Weapon_Pistol_Fire.GCN_Weapon_Pistol_Fire_C:OnBurst
	Function /Game/Weapons/B_Weapon.B_Weapon_C:Fire
	Function /Game/Weapons/B_Weapon.B_Weapon_C:ExecuteUbergraph_B_Weapon
	Function /Game/Effects/Blueprints/B_WeaponFire.B_WeaponFire_C:Fire
	Function /Game/Effects/Blueprints/B_WeaponFire.B_WeaponFire_C:ExecuteUbergraph_B_WeaponFire

[2026.08.30-14.04.18:378][406]LogNiagara: Warning: NiagaraSystem was nullptr for OverrideName "User.ImpactPositions".
[2026.08.30-14.04.18:378][406]LogScript: Warning: “无访问”正在尝试读取属性 Impact System
	B_WeaponImpacts_C /Game/WeaponSystem/Maps/L_WS_WeaponTest.L_WS_WeaponTest:PersistentLevel.B_WeaponImpacts_C_0
	Function /Game/Effects/Blueprints/B_WeaponImpacts.B_WeaponImpacts_C:SpawnFromArrays:03C8
Script call stack:
	Function /ShooterCore/Weapons/Pistol/GCN_Weapon_Pistol_Fire.GCN_Weapon_Pistol_Fire_C:OnBurst
	Function /Game/Weapons/B_Weapon.B_Weapon_C:Fire
	Function /Game/Weapons/B_Weapon.B_Weapon_C:ExecuteUbergraph_B_Weapon
	Function /Game/Effects/Blueprints/B_WeaponImpacts.B_WeaponImpacts_C:Fire
	Function /Game/Effects/Blueprints/B_WeaponImpacts.B_WeaponImpacts_C:ExecuteUbergraph_B_WeaponImpacts
	Function /Game/Effects/Blueprints/B_WeaponImpacts.B_WeaponImpacts_C:SpawnParticlesFromImpacts
	Function /Game/Effects/Blueprints/B_WeaponImpacts.B_WeaponImpacts_C:SpawnFromArrays

[2026.08.30-14.04.18:378][406]LogScript: Warning: Script call stack:
	Function /ShooterCore/Weapons/Pistol/GCN_Weapon_Pistol_Fire.GCN_Weapon_Pistol_Fire_C:OnBurst
	Function /Game/Weapons/B_Weapon.B_Weapon_C:Fire
	Function /Game/Weapons/B_Weapon.B_Weapon_C:ExecuteUbergraph_B_Weapon
	Function /Game/Effects/Blueprints/B_WeaponImpacts.B_WeaponImpacts_C:Fire
	Function /Game/Effects/Blueprints/B_WeaponImpacts.B_WeaponImpacts_C:ExecuteUbergraph_B_WeaponImpacts
	Function /Game/Effects/Blueprints/B_WeaponImpacts.B_WeaponImpacts_C:SpawnParticlesFromImpacts
	Function /Game/Effects/Blueprints/B_WeaponImpacts.B_WeaponImpacts_C:SpawnFromArrays

[2026.08.30-14.04.18:378][406]LogNiagara: Warning: NiagaraSystem was nullptr for OverrideName "User.ImpactPositions".
[2026.08.30-14.04.18:378][406]LogScript: Warning: “无访问”正在尝试读取属性 Impact System
	B_WeaponImpacts_C /Game/WeaponSystem/Maps/L_WS_WeaponTest.L_WS_WeaponTest:PersistentLevel.B_WeaponImpacts_C_0
	Function /Game/Effects/Blueprints/B_WeaponImpacts.B_WeaponImpacts_C:SpawnFromArrays:04D0
Script call stack:
	Function /ShooterCore/Weapons/Pistol/GCN_Weapon_Pistol_Fire.GCN_Weapon_Pistol_Fire_C:OnBurst
	Function /Game/Weapons/B_Weapon.B_Weapon_C:Fire
	Function /Game/Weapons/B_Weapon.B_Weapon_C:ExecuteUbergraph_B_Weapon
	Function /Game/Effects/Blueprints/B_WeaponImpacts.B_WeaponImpacts_C:Fire
	Function /Game/Effects/Blueprints/B_WeaponImpacts.B_WeaponImpacts_C:ExecuteUbergraph_B_WeaponImpacts
	Function /Game/Effects/Blueprints/B_WeaponImpacts.B_WeaponImpacts_C:SpawnParticlesFromImpacts
	Function /Game/Effects/Blueprints/B_WeaponImpacts.B_WeaponImpacts_C:SpawnFromArrays

[2026.08.30-14.04.18:378][406]LogScript: Warning: Script call stack:
	Function /ShooterCore/Weapons/Pistol/GCN_Weapon_Pistol_Fire.GCN_Weapon_Pistol_Fire_C:OnBurst
	Function /Game/Weapons/B_Weapon.B_Weapon_C:Fire
	Function /Game/Weapons/B_Weapon.B_Weapon_C:ExecuteUbergraph_B_Weapon
	Function /Game/Effects/Blueprints/B_WeaponImpacts.B_WeaponImpacts_C:Fire
	Function /Game/Effects/Blueprints/B_WeaponImpacts.B_WeaponImpacts_C:ExecuteUbergraph_B_WeaponImpacts
	Function /Game/Effects/Blueprints/B_WeaponImpacts.B_WeaponImpacts_C:SpawnParticlesFromImpacts
	Function /Game/Effects/Blueprints/B_WeaponImpacts.B_WeaponImpacts_C:SpawnFromArrays

[2026.08.30-14.04.18:378][406]LogNiagara: Warning: NiagaraSystem was nullptr for OverrideName "User.ImpactNormals".
[2026.08.30-14.04.18:378][406]LogScript: Warning: “无访问”正在尝试读取属性 Impact System
	B_WeaponImpacts_C /Game/WeaponSystem/Maps/L_WS_WeaponTest.L_WS_WeaponTest:PersistentLevel.B_WeaponImpacts_C_0
	Function /Game/Effects/Blueprints/B_WeaponImpacts.B_WeaponImpacts_C:SpawnFromArrays:0567
Script call stack:
	Function /ShooterCore/Weapons/Pistol/GCN_Weapon_Pistol_Fire.GCN_Weapon_Pistol_Fire_C:OnBurst
	Function /Game/Weapons/B_Weapon.B_Weapon_C:Fire
	Function /Game/Weapons/B_Weapon.B_Weapon_C:ExecuteUbergraph_B_Weapon
	Function /Game/Effects/Blueprints/B_WeaponImpacts.B_WeaponImpacts_C:Fire
	Function /Game/Effects/Blueprints/B_WeaponImpacts.B_WeaponImpacts_C:ExecuteUbergraph_B_WeaponImpacts
	Function /Game/Effects/Blueprints/B_WeaponImpacts.B_WeaponImpacts_C:SpawnParticlesFromImpacts
	Function /Game/Effects/Blueprints/B_WeaponImpacts.B_WeaponImpacts_C:SpawnFromArrays

[2026.08.30-14.04.18:378][406]LogScript: Warning: Script call stack:
	Function /ShooterCore/Weapons/Pistol/GCN_Weapon_Pistol_Fire.GCN_Weapon_Pistol_Fire_C:OnBurst
	Function /Game/Weapons/B_Weapon.B_Weapon_C:Fire
	Function /Game/Weapons/B_Weapon.B_Weapon_C:ExecuteUbergraph_B_Weapon
	Function /Game/Effects/Blueprints/B_WeaponImpacts.B_WeaponImpacts_C:Fire
	Function /Game/Effects/Blueprints/B_WeaponImpacts.B_WeaponImpacts_C:ExecuteUbergraph_B_WeaponImpacts
	Function /Game/Effects/Blueprints/B_WeaponImpacts.B_WeaponImpacts_C:SpawnParticlesFromImpacts
	Function /Game/Effects/Blueprints/B_WeaponImpacts.B_WeaponImpacts_C:SpawnFromArrays

[2026.08.30-14.04.18:378][406]LogScript: Warning: “无访问”正在尝试读取属性 Impact System
	B_WeaponImpacts_C /Game/WeaponSystem/Maps/L_WS_WeaponTest.L_WS_WeaponTest:PersistentLevel.B_WeaponImpacts_C_0
	Function /Game/Effects/Blueprints/B_WeaponImpacts.B_WeaponImpacts_C:SpawnFromArrays:059D
Script call stack:
	Function /ShooterCore/Weapons/Pistol/GCN_Weapon_Pistol_Fire.GCN_Weapon_Pistol_Fire_C:OnBurst
	Function /Game/Weapons/B_Weapon.B_Weapon_C:Fire
	Function /Game/Weapons/B_Weapon.B_Weapon_C:ExecuteUbergraph_B_Weapon
	Function /Game/Effects/Blueprints/B_WeaponImpacts.B_WeaponImpacts_C:Fire
	Function /Game/Effects/Blueprints/B_WeaponImpacts.B_WeaponImpacts_C:ExecuteUbergraph_B_WeaponImpacts
	Function /Game/Effects/Blueprints/B_WeaponImpacts.B_WeaponImpacts_C:SpawnParticlesFromImpacts
	Function /Game/Effects/Blueprints/B_WeaponImpacts.B_WeaponImpacts_C:SpawnFromArrays

[2026.08.30-14.04.18:378][406]LogScript: Warning: Script call stack:
	Function /ShooterCore/Weapons/Pistol/GCN_Weapon_Pistol_Fire.GCN_Weapon_Pistol_Fire_C:OnBurst
	Function /Game/Weapons/B_Weapon.B_Weapon_C:Fire
	Function /Game/Weapons/B_Weapon.B_Weapon_C:ExecuteUbergraph_B_Weapon
	Function /Game/Effects/Blueprints/B_WeaponImpacts.B_WeaponImpacts_C:Fire
	Function /Game/Effects/Blueprints/B_WeaponImpacts.B_WeaponImpacts_C:ExecuteUbergraph_B_WeaponImpacts
	Function /Game/Effects/Blueprints/B_WeaponImpacts.B_WeaponImpacts_C:SpawnParticlesFromImpacts
	Function /Game/Effects/Blueprints/B_WeaponImpacts.B_WeaponImpacts_C:SpawnFromArrays

[2026.08.30-14.04.18:378][406]LogScript: Warning: “无访问”正在尝试读取属性 Decal
	B_WeaponDecals_C /Game/WeaponSystem/Maps/L_WS_WeaponTest.L_WS_WeaponTest:PersistentLevel.B_WeaponDecals_C_0
	Function /Game/Effects/Blueprints/B_WeaponDecals.B_WeaponDecals_C:ExecuteUbergraph_B_WeaponDecals:0123
Script call stack:
	Function /ShooterCore/Weapons/Pistol/GCN_Weapon_Pistol_Fire.GCN_Weapon_Pistol_Fire_C:OnBurst
	Function /Game/Weapons/B_Weapon.B_Weapon_C:Fire
	Function /Game/Weapons/B_Weapon.B_Weapon_C:ExecuteUbergraph_B_Weapon
	Function /Game/Effects/Blueprints/B_WeaponDecals.B_WeaponDecals_C:fire
	Function /Game/Effects/Blueprints/B_WeaponDecals.B_WeaponDecals_C:ExecuteUbergraph_B_WeaponDecals

[2026.08.30-14.04.18:378][406]LogScript: Warning: Script call stack:
	Function /ShooterCore/Weapons/Pistol/GCN_Weapon_Pistol_Fire.GCN_Weapon_Pistol_Fire_C:OnBurst
	Function /Game/Weapons/B_Weapon.B_Weapon_C:Fire
	Function /Game/Weapons/B_Weapon.B_Weapon_C:ExecuteUbergraph_B_Weapon
	Function /Game/Effects/Blueprints/B_WeaponDecals.B_WeaponDecals_C:fire
	Function /Game/Effects/Blueprints/B_WeaponDecals.B_WeaponDecals_C:ExecuteUbergraph_B_WeaponDecals

[2026.08.30-14.04.18:378][406]LogNiagara: Warning: NiagaraSystem was nullptr for OverrideName "User.ImpactSurfaces".
[2026.08.30-14.04.18:378][406]LogNiagara: Warning: NiagaraSystem was nullptr for OverrideName "User.ImpactPositions".
[2026.08.30-14.04.18:378][406]LogNiagara: Warning: NiagaraSystem was nullptr for OverrideName "User.ImpactNormals".
[2026.08.30-14.04.18:378][406]LogScript: Warning: “无访问”正在尝试读取属性 Decal
	B_WeaponDecals_C /Game/WeaponSystem/Maps/L_WS_WeaponTest.L_WS_WeaponTest:PersistentLevel.B_WeaponDecals_C_0
	Function /Game/Effects/Blueprints/B_WeaponDecals.B_WeaponDecals_C:ExecuteUbergraph_B_WeaponDecals:03FA
Script call stack:
	Function /ShooterCore/Weapons/Pistol/GCN_Weapon_Pistol_Fire.GCN_Weapon_Pistol_Fire_C:OnBurst
	Function /Game/Weapons/B_Weapon.B_Weapon_C:Fire
	Function /Game/Weapons/B_Weapon.B_Weapon_C:ExecuteUbergraph_B_Weapon
	Function /Game/Effects/Blueprints/B_WeaponDecals.B_WeaponDecals_C:fire
	Function /Game/Effects/Blueprints/B_WeaponDecals.B_WeaponDecals_C:ExecuteUbergraph_B_WeaponDecals

[2026.08.30-14.04.18:378][406]LogScript: Warning: Script call stack:
	Function /ShooterCore/Weapons/Pistol/GCN_Weapon_Pistol_Fire.GCN_Weapon_Pistol_Fire_C:OnBurst
	Function /Game/Weapons/B_Weapon.B_Weapon_C:Fire
	Function /Game/Weapons/B_Weapon.B_Weapon_C:ExecuteUbergraph_B_Weapon
	Function /Game/Effects/Blueprints/B_WeaponDecals.B_WeaponDecals_C:fire
	Function /Game/Effects/Blueprints/B_WeaponDecals.B_WeaponDecals_C:ExecuteUbergraph_B_WeaponDecals

[2026.08.30-14.04.18:378][406]LogScript: Warning: Script Msg: Attempted to access index 0 from array 'TapIDs' of length 0 in '/ShooterCore/System/Audio/WeaponAudioFunctions.WeaponAudioFunctions_C:EarlyReflections'!
[2026.08.30-14.04.18:378][406]LogScript: Warning: Script call stack:
	/ShooterCore/System/Audio/WeaponAudioFunctions.WeaponAudioFunctions_C.EarlyReflections <---
	/ShooterCore/Weapons/Pistol/GCN_Weapon_Pistol_Fire.GCN_Weapon_Pistol_Fire_C.OnBurst
	/Script/GameplayAbilities.GameplayCueNotify_Static.OnExecute
	/Script/GameplayAbilities.AbilitySystemComponent.NetMulticast_InvokeGameplayCueExecuted_WithParams
	/Game/Weapons/GA_Weapon_Fire.GA_Weapon_Fire_C.ExecuteUbergraph_GA_Weapon_Fire
	/Game/Weapons/GA_Weapon_Fire.GA_Weapon_Fire_C.OnRangedWeaponTargetDataReady
	/Game/Weapons/GA_Weapon_Fire.GA_Weapon_Fire_C.ExecuteUbergraph_GA_Weapon_Fire
	/Game/Weapons/GA_Weapon_Fire.GA_Weapon_Fire_C.K2_ActivateAbility
	/ShooterCore/Bot/Services/BTS_Shoot.BTS_Shoot_C.ExecuteUbergraph_BTS_Shoot
	/ShooterCore/Bot/Services/BTS_Shoot.BTS_Shoot_C.ReceiveTickAI

[2026.08.30-14.04.18:378][406]LogTapDelay: Warning: Tried to set Invalid Tap ID 0!
[2026.08.30-14.04.18:378][406]LogScript: Warning: Script Msg: Attempted to access index 1 from array 'TapIDs' of length 0 in '/ShooterCore/System/Audio/WeaponAudioFunctions.WeaponAudioFunctions_C:EarlyReflections'!
[2026.08.30-14.04.18:378][406]LogScript: Warning: Script call stack:
	/ShooterCore/System/Audio/WeaponAudioFunctions.WeaponAudioFunctions_C.EarlyReflections <---
	/ShooterCore/Weapons/Pistol/GCN_Weapon_Pistol_Fire.GCN_Weapon_Pistol_Fire_C.OnBurst
	/Script/GameplayAbilities.GameplayCueNotify_Static.OnExecute
	/Script/GameplayAbilities.AbilitySystemComponent.NetMulticast_InvokeGameplayCueExecuted_WithParams
	/Game/Weapons/GA_Weapon_Fire.GA_Weapon_Fire_C.ExecuteUbergraph_GA_Weapon_Fire
	/Game/Weapons/GA_Weapon_Fire.GA_Weapon_Fire_C.OnRangedWeaponTargetDataReady
	/Game/Weapons/GA_Weapon_Fire.GA_Weapon_Fire_C.ExecuteUbergraph_GA_Weapon_Fire
	/Game/Weapons/GA_Weapon_Fire.GA_Weapon_Fire_C.K2_ActivateAbility
	/ShooterCore/Bot/Services/BTS_Shoot.BTS_Shoot_C.ExecuteUbergraph_BTS_Shoot
	/ShooterCore/Bot/Services/BTS_Shoot.BTS_Shoot_C.ReceiveTickAI

[2026.08.30-14.04.18:378][406]LogTapDelay: Warning: Tried to set Invalid Tap ID 0!
[2026.08.30-14.04.18:378][406]LogScript: Warning: Script Msg: Attempted to access index 4 from array 'TapIDs' of length 0 in '/ShooterCore/System/Audio/WeaponAudioFunctions.WeaponAudioFunctions_C:EarlyReflections'!
[2026.08.30-14.04.18:378][406]LogScript: Warning: Script call stack:
	/ShooterCore/System/Audio/WeaponAudioFunctions.WeaponAudioFunctions_C.EarlyReflections <---
	/ShooterCore/Weapons/Pistol/GCN_Weapon_Pistol_Fire.GCN_Weapon_Pistol_Fire_C.OnBurst
	/Script/GameplayAbilities.GameplayCueNotify_Static.OnExecute
	/Script/GameplayAbilities.AbilitySystemComponent.NetMulticast_InvokeGameplayCueExecuted_WithParams
	/Game/Weapons/GA_Weapon_Fire.GA_Weapon_Fire_C.ExecuteUbergraph_GA_Weapon_Fire
	/Game/Weapons/GA_Weapon_Fire.GA_Weapon_Fire_C.OnRangedWeaponTargetDataReady
	/Game/Weapons/GA_Weapon_Fire.GA_Weapon_Fire_C.ExecuteUbergraph_GA_Weapon_Fire
	/Game/Weapons/GA_Weapon_Fire.GA_Weapon_Fire_C.K2_ActivateAbility
	/ShooterCore/Bot/Services/BTS_Shoot.BTS_Shoot_C.ExecuteUbergraph_BTS_Shoot
	/ShooterCore/Bot/Services/BTS_Shoot.BTS_Shoot_C.ReceiveTickAI

[2026.08.30-14.04.18:378][406]LogTapDelay: Warning: Tried to set Invalid Tap ID 0!
[2026.08.30-14.04.18:378][406]LogScript: Warning: Script Msg: Attempted to access index 5 from array 'TapIDs' of length 0 in '/ShooterCore/System/Audio/WeaponAudioFunctions.WeaponAudioFunctions_C:EarlyReflections'!
[2026.08.30-14.04.18:378][406]LogScript: Warning: Script call stack:
	/ShooterCore/System/Audio/WeaponAudioFunctions.WeaponAudioFunctions_C.EarlyReflections <---
	/ShooterCore/Weapons/Pistol/GCN_Weapon_Pistol_Fire.GCN_Weapon_Pistol_Fire_C.OnBurst
	/Script/GameplayAbilities.GameplayCueNotify_Static.OnExecute
	/Script/GameplayAbilities.AbilitySystemComponent.NetMulticast_InvokeGameplayCueExecuted_WithParams
	/Game/Weapons/GA_Weapon_Fire.GA_Weapon_Fire_C.ExecuteUbergraph_GA_Weapon_Fire
	/Game/Weapons/GA_Weapon_Fire.GA_Weapon_Fire_C.OnRangedWeaponTargetDataReady
	/Game/Weapons/GA_Weapon_Fire.GA_Weapon_Fire_C.ExecuteUbergraph_GA_Weapon_Fire
	/Game/Weapons/GA_Weapon_Fire.GA_Weapon_Fire_C.K2_ActivateAbility
	/ShooterCore/Bot/Services/BTS_Shoot.BTS_Shoot_C.ExecuteUbergraph_BTS_Shoot
	/ShooterCore/Bot/Services/BTS_Shoot.BTS_Shoot_C.ReceiveTickAI

[2026.08.30-14.04.18:378][406]LogTapDelay: Warning: Tried to set Invalid Tap ID 0!
[2026.08.30-14.04.18:378][406]LogScript: Warning: Script Msg: Attempted to access index 2 from array 'TapIDs' of length 0 in '/ShooterCore/System/Audio/WeaponAudioFunctions.WeaponAudioFunctions_C:EarlyReflections'!
[2026.08.30-14.04.18:378][406]LogScript: Warning: Script call stack:
	/ShooterCore/System/Audio/WeaponAudioFunctions.WeaponAudioFunctions_C.EarlyReflections <---
	/ShooterCore/Weapons/Pistol/GCN_Weapon_Pistol_Fire.GCN_Weapon_Pistol_Fire_C.OnBurst
	/Script/GameplayAbilities.GameplayCueNotify_Static.OnExecute
	/Script/GameplayAbilities.AbilitySystemComponent.NetMulticast_InvokeGameplayCueExecuted_WithParams
	/Game/Weapons/GA_Weapon_Fire.GA_Weapon_Fire_C.ExecuteUbergraph_GA_Weapon_Fire
	/Game/Weapons/GA_Weapon_Fire.GA_Weapon_Fire_C.OnRangedWeaponTargetDataReady
	/Game/Weapons/GA_Weapon_Fire.GA_Weapon_Fire_C.ExecuteUbergraph_GA_Weapon_Fire
	/Game/Weapons/GA_Weapon_Fire.GA_Weapon_Fire_C.K2_ActivateAbility
	/ShooterCore/Bot/Services/BTS_Shoot.BTS_Shoot_C.ExecuteUbergraph_BTS_Shoot
	/ShooterCore/Bot/Services/BTS_Shoot.BTS_Shoot_C.ReceiveTickAI

[2026.08.30-14.04.18:378][406]LogTapDelay: Warning: Tried to set Invalid Tap ID 0!
[2026.08.30-14.04.18:378][406]LogScript: Warning: Script Msg: Attempted to access index 3 from array 'TapIDs' of length 0 in '/ShooterCore/System/Audio/WeaponAudioFunctions.WeaponAudioFunctions_C:EarlyReflections'!
[2026.08.30-14.04.18:378][406]LogScript: Warning: Script call stack:
	/ShooterCore/System/Audio/WeaponAudioFunctions.WeaponAudioFunctions_C.EarlyReflections <---
	/ShooterCore/Weapons/Pistol/GCN_Weapon_Pistol_Fire.GCN_Weapon_Pistol_Fire_C.OnBurst
	/Script/GameplayAbilities.GameplayCueNotify_Static.OnExecute
	/Script/GameplayAbilities.AbilitySystemComponent.NetMulticast_InvokeGameplayCueExecuted_WithParams
	/Game/Weapons/GA_Weapon_Fire.GA_Weapon_Fire_C.ExecuteUbergraph_GA_Weapon_Fire
	/Game/Weapons/GA_Weapon_Fire.GA_Weapon_Fire_C.OnRangedWeaponTargetDataReady
	/Game/Weapons/GA_Weapon_Fire.GA_Weapon_Fire_C.ExecuteUbergraph_GA_Weapon_Fire
	/Game/Weapons/GA_Weapon_Fire.GA_Weapon_Fire_C.K2_ActivateAbility
	/ShooterCore/Bot/Services/BTS_Shoot.BTS_Shoot_C.ExecuteUbergraph_BTS_Shoot
	/ShooterCore/Bot/Services/BTS_Shoot.BTS_Shoot_C.ReceiveTickAI

[2026.08.30-14.04.18:378][406]LogTapDelay: Warning: Tried to set Invalid Tap ID 0!
[2026.08.30-14.04.18:378][406]LogScript: Warning: Script Msg: Attempted to access index 6 from array 'TapIDs' of length 0 in '/ShooterCore/System/Audio/WeaponAudioFunctions.WeaponAudioFunctions_C:EarlyReflections'!
[2026.08.30-14.04.18:378][406]LogScript: Warning: Script call stack:
	/ShooterCore/System/Audio/WeaponAudioFunctions.WeaponAudioFunctions_C.EarlyReflections <---
	/ShooterCore/Weapons/Pistol/GCN_Weapon_Pistol_Fire.GCN_Weapon_Pistol_Fire_C.OnBurst
	/Script/GameplayAbilities.GameplayCueNotify_Static.OnExecute
	/Script/GameplayAbilities.AbilitySystemComponent.NetMulticast_InvokeGameplayCueExecuted_WithParams
	/Game/Weapons/GA_Weapon_Fire.GA_Weapon_Fire_C.ExecuteUbergraph_GA_Weapon_Fire
	/Game/Weapons/GA_Weapon_Fire.GA_Weapon_Fire_C.OnRangedWeaponTargetDataReady
	/Game/Weapons/GA_Weapon_Fire.GA_Weapon_Fire_C.ExecuteUbergraph_GA_Weapon_Fire
	/Game/Weapons/GA_Weapon_Fire.GA_Weapon_Fire_C.K2_ActivateAbility
	/ShooterCore/Bot/Services/BTS_Shoot.BTS_Shoot_C.ExecuteUbergraph_BTS_Shoot
	/ShooterCore/Bot/Services/BTS_Shoot.BTS_Shoot_C.ReceiveTickAI

[2026.08.30-14.04.18:378][406]LogTapDelay: Warning: Tried to set Invalid Tap ID 0!
[2026.08.30-14.04.18:378][406]LogScript: Warning: Script Msg: Attempted to access index 7 from array 'TapIDs' of length 0 in '/ShooterCore/System/Audio/WeaponAudioFunctions.WeaponAudioFunctions_C:EarlyReflections'!
[2026.08.30-14.04.18:378][406]LogScript: Warning: Script call stack:
	/ShooterCore/System/Audio/WeaponAudioFunctions.WeaponAudioFunctions_C.EarlyReflections <---
	/ShooterCore/Weapons/Pistol/GCN_Weapon_Pistol_Fire.GCN_Weapon_Pistol_Fire_C.OnBurst
	/Script/GameplayAbilities.GameplayCueNotify_Static.OnExecute
	/Script/GameplayAbilities.AbilitySystemComponent.NetMulticast_InvokeGameplayCueExecuted_WithParams
	/Game/Weapons/GA_Weapon_Fire.GA_Weapon_Fire_C.ExecuteUbergraph_GA_Weapon_Fire
	/Game/Weapons/GA_Weapon_Fire.GA_Weapon_Fire_C.OnRangedWeaponTargetDataReady
	/Game/Weapons/GA_Weapon_Fire.GA_Weapon_Fire_C.ExecuteUbergraph_GA_Weapon_Fire
	/Game/Weapons/GA_Weapon_Fire.GA_Weapon_Fire_C.K2_ActivateAbility
	/ShooterCore/Bot/Services/BTS_Shoot.BTS_Shoot_C.ExecuteUbergraph_BTS_Shoot
	/ShooterCore/Bot/Services/BTS_Shoot.BTS_Shoot_C.ReceiveTickAI

[2026.08.30-14.04.18:378][406]LogTapDelay: Warning: Tried to set Invalid Tap ID 0!
[2026.08.30-14.04.18:401][411]LogNiagara: Warning: NiagaraSystem was nullptr for OverrideName "User.ImpactPositions".
[2026.08.30-14.04.18:401][411]LogScript: Warning: “无访问”正在尝试读取属性 Impact System
	B_WeaponImpacts_C /Game/WeaponSystem/Maps/L_WS_WeaponTest.L_WS_WeaponTest:PersistentLevel.B_WeaponImpacts_C_1
	Function /Game/Effects/Blueprints/B_WeaponImpacts.B_WeaponImpacts_C:SpawnFromArrays:03C8
Script call stack:
	Function /ShooterCore/Weapons/Pistol/GCN_Weapon_Pistol_Fire.GCN_Weapon_Pistol_Fire_C:OnBurst
	Function /Game/Weapons/B_Weapon.B_Weapon_C:Fire
	Function /Game/Weapons/B_Weapon.B_Weapon_C:ExecuteUbergraph_B_Weapon
	Function /Game/Effects/Blueprints/B_WeaponImpacts.B_WeaponImpacts_C:Fire
	Function /Game/Effects/Blueprints/B_WeaponImpacts.B_WeaponImpacts_C:ExecuteUbergraph_B_WeaponImpacts
	Function /Game/Effects/Blueprints/B_WeaponImpacts.B_WeaponImpacts_C:SpawnParticlesFromImpacts
	Function /Game/Effects/Blueprints/B_WeaponImpacts.B_WeaponImpacts_C:SpawnFromArrays

[2026.08.30-14.04.18:401][411]LogScript: Warning: Script call stack:
	Function /ShooterCore/Weapons/Pistol/GCN_Weapon_Pistol_Fire.GCN_Weapon_Pistol_Fire_C:OnBurst
	Function /Game/Weapons/B_Weapon.B_Weapon_C:Fire
	Function /Game/Weapons/B_Weapon.B_Weapon_C:ExecuteUbergraph_B_Weapon
	Function /Game/Effects/Blueprints/B_WeaponImpacts.B_WeaponImpacts_C:Fire
	Function /Game/Effects/Blueprints/B_WeaponImpacts.B_WeaponImpacts_C:ExecuteUbergraph_B_WeaponImpacts
	Function /Game/Effects/Blueprints/B_WeaponImpacts.B_WeaponImpacts_C:SpawnParticlesFromImpacts
	Function /Game/Effects/Blueprints/B_WeaponImpacts.B_WeaponImpacts_C:SpawnFromArrays

[2026.08.30-14.04.18:401][411]LogNiagara: Warning: NiagaraSystem was nullptr for OverrideName "User.ImpactPositions".
[2026.08.30-14.04.18:401][411]LogScript: Warning: “无访问”正在尝试读取属性 Impact System
	B_WeaponImpacts_C /Game/WeaponSystem/Maps/L_WS_WeaponTest.L_WS_WeaponTest:PersistentLevel.B_WeaponImpacts_C_1
	Function /Game/Effects/Blueprints/B_WeaponImpacts.B_WeaponImpacts_C:SpawnFromArrays:04D0
Script call stack:
	Function /ShooterCore/Weapons/Pistol/GCN_Weapon_Pistol_Fire.GCN_Weapon_Pistol_Fire_C:OnBurst
	Function /Game/Weapons/B_Weapon.B_Weapon_C:Fire
	Function /Game/Weapons/B_Weapon.B_Weapon_C:ExecuteUbergraph_B_Weapon
	Function /Game/Effects/Blueprints/B_WeaponImpacts.B_WeaponImpacts_C:Fire
	Function /Game/Effects/Blueprints/B_WeaponImpacts.B_WeaponImpacts_C:ExecuteUbergraph_B_WeaponImpacts
	Function /Game/Effects/Blueprints/B_WeaponImpacts.B_WeaponImpacts_C:SpawnParticlesFromImpacts
	Function /Game/Effects/Blueprints/B_WeaponImpacts.B_WeaponImpacts_C:SpawnFromArrays

[2026.08.30-14.04.18:401][411]LogScript: Warning: Script call stack:
	Function /ShooterCore/Weapons/Pistol/GCN_Weapon_Pistol_Fire.GCN_Weapon_Pistol_Fire_C:OnBurst
	Function /Game/Weapons/B_Weapon.B_Weapon_C:Fire
	Function /Game/Weapons/B_Weapon.B_Weapon_C:ExecuteUbergraph_B_Weapon
	Function /Game/Effects/Blueprints/B_WeaponImpacts.B_WeaponImpacts_C:Fire
	Function /Game/Effects/Blueprints/B_WeaponImpacts.B_WeaponImpacts_C:ExecuteUbergraph_B_WeaponImpacts
	Function /Game/Effects/Blueprints/B_WeaponImpacts.B_WeaponImpacts_C:SpawnParticlesFromImpacts
	Function /Game/Effects/Blueprints/B_WeaponImpacts.B_WeaponImpacts_C:SpawnFromArrays

[2026.08.30-14.04.18:401][411]LogNiagara: Warning: NiagaraSystem was nullptr for OverrideName "User.ImpactNormals".
[2026.08.30-14.04.18:401][411]LogScript: Warning: “无访问”正在尝试读取属性 Impact System
	B_WeaponImpacts_C /Game/WeaponSystem/Maps/L_WS_WeaponTest.L_WS_WeaponTest:PersistentLevel.B_WeaponImpacts_C_1
	Function /Game/Effects/Blueprints/B_WeaponImpacts.B_WeaponImpacts_C:SpawnFromArrays:0567
Script call stack:
	Function /ShooterCore/Weapons/Pistol/GCN_Weapon_Pistol_Fire.GCN_Weapon_Pistol_Fire_C:OnBurst
	Function /Game/Weapons/B_Weapon.B_Weapon_C:Fire
	Function /Game/Weapons/B_Weapon.B_Weapon_C:ExecuteUbergraph_B_Weapon
	Function /Game/Effects/Blueprints/B_WeaponImpacts.B_WeaponImpacts_C:Fire
	Function /Game/Effects/Blueprints/B_WeaponImpacts.B_WeaponImpacts_C:ExecuteUbergraph_B_WeaponImpacts
	Function /Game/Effects/Blueprints/B_WeaponImpacts.B_WeaponImpacts_C:SpawnParticlesFromImpacts
	Function /Game/Effects/Blueprints/B_WeaponImpacts.B_WeaponImpacts_C:SpawnFromArrays

[2026.08.30-14.04.18:401][411]LogScript: Warning: Script call stack:
	Function /ShooterCore/Weapons/Pistol/GCN_Weapon_Pistol_Fire.GCN_Weapon_Pistol_Fire_C:OnBurst
	Function /Game/Weapons/B_Weapon.B_Weapon_C:Fire
	Function /Game/Weapons/B_Weapon.B_Weapon_C:ExecuteUbergraph_B_Weapon
	Function /Game/Effects/Blueprints/B_WeaponImpacts.B_WeaponImpacts_C:Fire
	Function /Game/Effects/Blueprints/B_WeaponImpacts.B_WeaponImpacts_C:ExecuteUbergraph_B_WeaponImpacts
	Function /Game/Effects/Blueprints/B_WeaponImpacts.B_WeaponImpacts_C:SpawnParticlesFromImpacts
	Function /Game/Effects/Blueprints/B_WeaponImpacts.B_WeaponImpacts_C:SpawnFromArrays

[2026.08.30-14.04.18:401][411]LogScript: Warning: “无访问”正在尝试读取属性 Impact System
	B_WeaponImpacts_C /Game/WeaponSystem/Maps/L_WS_WeaponTest.L_WS_WeaponTest:PersistentLevel.B_WeaponImpacts_C_1
	Function /Game/Effects/Blueprints/B_WeaponImpacts.B_WeaponImpacts_C:SpawnFromArrays:059D
Script call stack:
	Function /ShooterCore/Weapons/Pistol/GCN_Weapon_Pistol_Fire.GCN_Weapon_Pistol_Fire_C:OnBurst
	Function /Game/Weapons/B_Weapon.B_Weapon_C:Fire
	Function /Game/Weapons/B_Weapon.B_Weapon_C:ExecuteUbergraph_B_Weapon
	Function /Game/Effects/Blueprints/B_WeaponImpacts.B_WeaponImpacts_C:Fire
	Function /Game/Effects/Blueprints/B_WeaponImpacts.B_WeaponImpacts_C:ExecuteUbergraph_B_WeaponImpacts
	Function /Game/Effects/Blueprints/B_WeaponImpacts.B_WeaponImpacts_C:SpawnParticlesFromImpacts
	Function /Game/Effects/Blueprints/B_WeaponImpacts.B_WeaponImpacts_C:SpawnFromArrays

[2026.08.30-14.04.18:401][411]LogScript: Warning: Script call stack:
	Function /ShooterCore/Weapons/Pistol/GCN_Weapon_Pistol_Fire.GCN_Weapon_Pistol_Fire_C:OnBurst
	Function /Game/Weapons/B_Weapon.B_Weapon_C:Fire
	Function /Game/Weapons/B_Weapon.B_Weapon_C:ExecuteUbergraph_B_Weapon
	Function /Game/Effects/Blueprints/B_WeaponImpacts.B_WeaponImpacts_C:Fire
	Function /Game/Effects/Blueprints/B_WeaponImpacts.B_WeaponImpacts_C:ExecuteUbergraph_B_WeaponImpacts
	Function /Game/Effects/Blueprints/B_WeaponImpacts.B_WeaponImpacts_C:SpawnParticlesFromImpacts
	Function /Game/Effects/Blueprints/B_WeaponImpacts.B_WeaponImpacts_C:SpawnFromArrays

[2026.08.30-14.04.18:401][411]LogScript: Warning: “无访问”正在尝试读取属性 Decal
	B_WeaponDecals_C /Game/WeaponSystem/Maps/L_WS_WeaponTest.L_WS_WeaponTest:PersistentLevel.B_WeaponDecals_C_1
	Function /Game/Effects/Blueprints/B_WeaponDecals.B_WeaponDecals_C:ExecuteUbergraph_B_WeaponDecals:0123
Script call stack:
	Function /ShooterCore/Weapons/Pistol/GCN_Weapon_Pistol_Fire.GCN_Weapon_Pistol_Fire_C:OnBurst
	Function /Game/Weapons/B_Weapon.B_Weapon_C:Fire
	Function /Game/Weapons/B_Weapon.B_Weapon_C:ExecuteUbergraph_B_Weapon
	Function /Game/Effects/Blueprints/B_WeaponDecals.B_WeaponDecals_C:fire
	Function /Game/Effects/Blueprints/B_WeaponDecals.B_WeaponDecals_C:ExecuteUbergraph_B_WeaponDecals

[2026.08.30-14.04.18:401][411]LogScript: Warning: Script call stack:
	Function /ShooterCore/Weapons/Pistol/GCN_Weapon_Pistol_Fire.GCN_Weapon_Pistol_Fire_C:OnBurst
	Function /Game/Weapons/B_Weapon.B_Weapon_C:Fire
	Function /Game/Weapons/B_Weapon.B_Weapon_C:ExecuteUbergraph_B_Weapon
	Function /Game/Effects/Blueprints/B_WeaponDecals.B_WeaponDecals_C:fire
	Function /Game/Effects/Blueprints/B_WeaponDecals.B_WeaponDecals_C:ExecuteUbergraph_B_WeaponDecals

[2026.08.30-14.04.18:401][411]LogNiagara: Warning: NiagaraSystem was nullptr for OverrideName "User.ImpactSurfaces".
[2026.08.30-14.04.18:401][411]LogNiagara: Warning: NiagaraSystem was nullptr for OverrideName "User.ImpactPositions".
[2026.08.30-14.04.18:401][411]LogNiagara: Warning: NiagaraSystem was nullptr for OverrideName "User.ImpactNormals".
[2026.08.30-14.04.18:401][411]LogScript: Warning: “无访问”正在尝试读取属性 Decal
	B_WeaponDecals_C /Game/WeaponSystem/Maps/L_WS_WeaponTest.L_WS_WeaponTest:PersistentLevel.B_WeaponDecals_C_1
	Function /Game/Effects/Blueprints/B_WeaponDecals.B_WeaponDecals_C:ExecuteUbergraph_B_WeaponDecals:03FA
Script call stack:
	Function /ShooterCore/Weapons/Pistol/GCN_Weapon_Pistol_Fire.GCN_Weapon_Pistol_Fire_C:OnBurst
	Function /Game/Weapons/B_Weapon.B_Weapon_C:Fire
	Function /Game/Weapons/B_Weapon.B_Weapon_C:ExecuteUbergraph_B_Weapon
	Function /Game/Effects/Blueprints/B_WeaponDecals.B_WeaponDecals_C:fire
	Function /Game/Effects/Blueprints/B_WeaponDecals.B_WeaponDecals_C:ExecuteUbergraph_B_WeaponDecals

[2026.08.30-14.04.18:401][411]LogScript: Warning: Script call stack:
	Function /ShooterCore/Weapons/Pistol/GCN_Weapon_Pistol_Fire.GCN_Weapon_Pistol_Fire_C:OnBurst
	Function /Game/Weapons/B_Weapon.B_Weapon_C:Fire
	Function /Game/Weapons/B_Weapon.B_Weapon_C:ExecuteUbergraph_B_Weapon
	Function /Game/Effects/Blueprints/B_WeaponDecals.B_WeaponDecals_C:fire
	Function /Game/Effects/Blueprints/B_WeaponDecals.B_WeaponDecals_C:ExecuteUbergraph_B_WeaponDecals

[2026.08.30-14.04.18:401][411]LogScript: Warning: Script Msg: Attempted to access index 0 from array 'TapIDs' of length 0 in '/ShooterCore/System/Audio/WeaponAudioFunctions.WeaponAudioFunctions_C:EarlyReflections'!
[2026.08.30-14.04.18:401][411]LogScript: Warning: Script call stack:
	/ShooterCore/System/Audio/WeaponAudioFunctions.WeaponAudioFunctions_C.EarlyReflections <---
	/ShooterCore/Weapons/Pistol/GCN_Weapon_Pistol_Fire.GCN_Weapon_Pistol_Fire_C.OnBurst
	/Script/GameplayAbilities.GameplayCueNotify_Static.OnExecute
	/Script/GameplayAbilities.AbilitySystemComponent.NetMulticast_InvokeGameplayCueExecuted_WithParams
	/Game/Weapons/GA_Weapon_Fire.GA_Weapon_Fire_C.ExecuteUbergraph_GA_Weapon_Fire
	/Game/Weapons/GA_Weapon_Fire.GA_Weapon_Fire_C.OnRangedWeaponTargetDataReady
	/Game/Weapons/GA_Weapon_Fire.GA_Weapon_Fire_C.ExecuteUbergraph_GA_Weapon_Fire
	/Game/Weapons/GA_Weapon_Fire.GA_Weapon_Fire_C.K2_ActivateAbility
	/ShooterCore/Bot/Services/BTS_Shoot.BTS_Shoot_C.ExecuteUbergraph_BTS_Shoot
	/ShooterCore/Bot/Services/BTS_Shoot.BTS_Shoot_C.ReceiveTickAI

[2026.08.30-14.04.18:401][411]LogTapDelay: Warning: Tried to set Invalid Tap ID 0!
[2026.08.30-14.04.18:407][411]LogScript: Warning: Script Msg: Attempted to access index 1 from array 'TapIDs' of length 0 in '/ShooterCore/System/Audio/WeaponAudioFunctions.WeaponAudioFunctions_C:EarlyReflections'!
[2026.08.30-14.04.18:407][411]LogScript: Warning: Script call stack:
	/ShooterCore/System/Audio/WeaponAudioFunctions.WeaponAudioFunctions_C.EarlyReflections <---
	/ShooterCore/Weapons/Pistol/GCN_Weapon_Pistol_Fire.GCN_Weapon_Pistol_Fire_C.OnBurst
	/Script/GameplayAbilities.GameplayCueNotify_Static.OnExecute
	/Script/GameplayAbilities.AbilitySystemComponent.NetMulticast_InvokeGameplayCueExecuted_WithParams
	/Game/Weapons/GA_Weapon_Fire.GA_Weapon_Fire_C.ExecuteUbergraph_GA_Weapon_Fire
	/Game/Weapons/GA_Weapon_Fire.GA_Weapon_Fire_C.OnRangedWeaponTargetDataReady
	/Game/Weapons/GA_Weapon_Fire.GA_Weapon_Fire_C.ExecuteUbergraph_GA_Weapon_Fire
	/Game/Weapons/GA_Weapon_Fire.GA_Weapon_Fire_C.K2_ActivateAbility
	/ShooterCore/Bot/Services/BTS_Shoot.BTS_Shoot_C.ExecuteUbergraph_BTS_Shoot
	/ShooterCore/Bot/Services/BTS_Shoot.BTS_Shoot_C.ReceiveTickAI

[2026.08.30-14.04.18:407][411]LogTapDelay: Warning: Tried to set Invalid Tap ID 0!
[2026.08.30-14.04.18:407][412]LogScript: Warning: Script Msg: Attempted to access index 4 from array 'TapIDs' of length 0 in '/ShooterCore/System/Audio/WeaponAudioFunctions.WeaponAudioFunctions_C:EarlyReflections'!
[2026.08.30-14.04.18:407][412]LogScript: Warning: Script call stack:
	/ShooterCore/System/Audio/WeaponAudioFunctions.WeaponAudioFunctions_C.EarlyReflections <---
	/ShooterCore/Weapons/Pistol/GCN_Weapon_Pistol_Fire.GCN_Weapon_Pistol_Fire_C.OnBurst
	/Script/GameplayAbilities.GameplayCueNotify_Static.OnExecute
	/Script/GameplayAbilities.AbilitySystemComponent.NetMulticast_InvokeGameplayCueExecuted_WithParams
	/Game/Weapons/GA_Weapon_Fire.GA_Weapon_Fire_C.ExecuteUbergraph_GA_Weapon_Fire
	/Game/Weapons/GA_Weapon_Fire.GA_Weapon_Fire_C.OnRangedWeaponTargetDataReady
	/Game/Weapons/GA_Weapon_Fire.GA_Weapon_Fire_C.ExecuteUbergraph_GA_Weapon_Fire
	/Game/Weapons/GA_Weapon_Fire.GA_Weapon_Fire_C.K2_ActivateAbility
	/ShooterCore/Bot/Services/BTS_Shoot.BTS_Shoot_C.ExecuteUbergraph_BTS_Shoot
	/ShooterCore/Bot/Services/BTS_Shoot.BTS_Shoot_C.ReceiveTickAI

[2026.08.30-14.04.18:407][412]LogTapDelay: Warning: Tried to set Invalid Tap ID 0!
[2026.08.30-14.04.18:407][412]LogScript: Warning: Script Msg: Attempted to access index 5 from array 'TapIDs' of length 0 in '/ShooterCore/System/Audio/WeaponAudioFunctions.WeaponAudioFunctions_C:EarlyReflections'!
[2026.08.30-14.04.18:407][412]LogScript: Warning: Script call stack:
	/ShooterCore/System/Audio/WeaponAudioFunctions.WeaponAudioFunctions_C.EarlyReflections <---
	/ShooterCore/Weapons/Pistol/GCN_Weapon_Pistol_Fire.GCN_Weapon_Pistol_Fire_C.OnBurst
	/Script/GameplayAbilities.GameplayCueNotify_Static.OnExecute
	/Script/GameplayAbilities.AbilitySystemComponent.NetMulticast_InvokeGameplayCueExecuted_WithParams
	/Game/Weapons/GA_Weapon_Fire.GA_Weapon_Fire_C.ExecuteUbergraph_GA_Weapon_Fire
	/Game/Weapons/GA_Weapon_Fire.GA_Weapon_Fire_C.OnRangedWeaponTargetDataReady
	/Game/Weapons/GA_Weapon_Fire.GA_Weapon_Fire_C.ExecuteUbergraph_GA_Weapon_Fire
	/Game/Weapons/GA_Weapon_Fire.GA_Weapon_Fire_C.K2_ActivateAbility
	/ShooterCore/Bot/Services/BTS_Shoot.BTS_Shoot_C.ExecuteUbergraph_BTS_Shoot
	/ShooterCore/Bot/Services/BTS_Shoot.BTS_Shoot_C.ReceiveTickAI

[2026.08.30-14.04.18:407][412]LogTapDelay: Warning: Tried to set Invalid Tap ID 0!
[2026.08.30-14.04.18:407][412]LogScript: Warning: Script Msg: Attempted to access index 2 from array 'TapIDs' of length 0 in '/ShooterCore/System/Audio/WeaponAudioFunctions.WeaponAudioFunctions_C:EarlyReflections'!
[2026.08.30-14.04.18:407][412]LogScript: Warning: Script call stack:
	/ShooterCore/System/Audio/WeaponAudioFunctions.WeaponAudioFunctions_C.EarlyReflections <---
	/ShooterCore/Weapons/Pistol/GCN_Weapon_Pistol_Fire.GCN_Weapon_Pistol_Fire_C.OnBurst
	/Script/GameplayAbilities.GameplayCueNotify_Static.OnExecute
	/Script/GameplayAbilities.AbilitySystemComponent.NetMulticast_InvokeGameplayCueExecuted_WithParams
	/Game/Weapons/GA_Weapon_Fire.GA_Weapon_Fire_C.ExecuteUbergraph_GA_Weapon_Fire
	/Game/Weapons/GA_Weapon_Fire.GA_Weapon_Fire_C.OnRangedWeaponTargetDataReady
	/Game/Weapons/GA_Weapon_Fire.GA_Weapon_Fire_C.ExecuteUbergraph_GA_Weapon_Fire
	/Game/Weapons/GA_Weapon_Fire.GA_Weapon_Fire_C.K2_ActivateAbility
	/ShooterCore/Bot/Services/BTS_Shoot.BTS_Shoot_C.ExecuteUbergraph_BTS_Shoot
	/ShooterCore/Bot/Services/BTS_Shoot.BTS_Shoot_C.ReceiveTickAI

[2026.08.30-14.04.18:407][412]LogTapDelay: Warning: Tried to set Invalid Tap ID 0!
[2026.08.30-14.04.18:408][412]LogScript: Warning: Script Msg: Attempted to access index 3 from array 'TapIDs' of length 0 in '/ShooterCore/System/Audio/WeaponAudioFunctions.WeaponAudioFunctions_C:EarlyReflections'!
[2026.08.30-14.04.18:409][412]LogScript: Warning: Script call stack:
	/ShooterCore/System/Audio/WeaponAudioFunctions.WeaponAudioFunctions_C.EarlyReflections <---
	/ShooterCore/Weapons/Pistol/GCN_Weapon_Pistol_Fire.GCN_Weapon_Pistol_Fire_C.OnBurst
	/Script/GameplayAbilities.GameplayCueNotify_Static.OnExecute
	/Script/GameplayAbilities.AbilitySystemComponent.NetMulticast_InvokeGameplayCueExecuted_WithParams
	/Game/Weapons/GA_Weapon_Fire.GA_Weapon_Fire_C.ExecuteUbergraph_GA_Weapon_Fire
	/Game/Weapons/GA_Weapon_Fire.GA_Weapon_Fire_C.OnRangedWeaponTargetDataReady
	/Game/Weapons/GA_Weapon_Fire.GA_Weapon_Fire_C.ExecuteUbergraph_GA_Weapon_Fire
	/Game/Weapons/GA_Weapon_Fire.GA_Weapon_Fire_C.K2_ActivateAbility
	/ShooterCore/Bot/Services/BTS_Shoot.BTS_Shoot_C.ExecuteUbergraph_BTS_Shoot
	/ShooterCore/Bot/Services/BTS_Shoot.BTS_Shoot_C.ReceiveTickAI

[2026.08.30-14.04.18:409][412]LogTapDelay: Warning: Tried to set Invalid Tap ID 0!
[2026.08.30-14.04.18:409][412]LogScript: Warning: Script Msg: Attempted to access index 6 from array 'TapIDs' of length 0 in '/ShooterCore/System/Audio/WeaponAudioFunctions.WeaponAudioFunctions_C:EarlyReflections'!
[2026.08.30-14.04.18:409][412]LogScript: Warning: Script call stack:
	/ShooterCore/System/Audio/WeaponAudioFunctions.WeaponAudioFunctions_C.EarlyReflections <---
	/ShooterCore/Weapons/Pistol/GCN_Weapon_Pistol_Fire.GCN_Weapon_Pistol_Fire_C.OnBurst
	/Script/GameplayAbilities.GameplayCueNotify_Static.OnExecute
	/Script/GameplayAbilities.AbilitySystemComponent.NetMulticast_InvokeGameplayCueExecuted_WithParams
	/Game/Weapons/GA_Weapon_Fire.GA_Weapon_Fire_C.ExecuteUbergraph_GA_Weapon_Fire
	/Game/Weapons/GA_Weapon_Fire.GA_Weapon_Fire_C.OnRangedWeaponTargetDataReady
	/Game/Weapons/GA_Weapon_Fire.GA_Weapon_Fire_C.ExecuteUbergraph_GA_Weapon_Fire
	/Game/Weapons/GA_Weapon_Fire.GA_Weapon_Fire_C.K2_ActivateAbility
	/ShooterCore/Bot/Services/BTS_Shoot.BTS_Shoot_C.ExecuteUbergraph_BTS_Shoot
	/ShooterCore/Bot/Services/BTS_Shoot.BTS_Shoot_C.ReceiveTickAI

[2026.08.30-14.04.18:409][412]LogTapDelay: Warning: Tried to set Invalid Tap ID 0!
[2026.08.30-14.04.18:409][412]LogScript: Warning: Script Msg: Attempted to access index 7 from array 'TapIDs' of length 0 in '/ShooterCore/System/Audio/WeaponAudioFunctions.WeaponAudioFunctions_C:EarlyReflections'!
[2026.08.30-14.04.18:409][412]LogScript: Warning: Script call stack:
	/ShooterCore/System/Audio/WeaponAudioFunctions.WeaponAudioFunctions_C.EarlyReflections <---
	/ShooterCore/Weapons/Pistol/GCN_Weapon_Pistol_Fire.GCN_Weapon_Pistol_Fire_C.OnBurst
	/Script/GameplayAbilities.GameplayCueNotify_Static.OnExecute
	/Script/GameplayAbilities.AbilitySystemComponent.NetMulticast_InvokeGameplayCueExecuted_WithParams
	/Game/Weapons/GA_Weapon_Fire.GA_Weapon_Fire_C.ExecuteUbergraph_GA_Weapon_Fire
	/Game/Weapons/GA_Weapon_Fire.GA_Weapon_Fire_C.OnRangedWeaponTargetDataReady
	/Game/Weapons/GA_Weapon_Fire.GA_Weapon_Fire_C.ExecuteUbergraph_GA_Weapon_Fire
	/Game/Weapons/GA_Weapon_Fire.GA_Weapon_Fire_C.K2_ActivateAbility
	/ShooterCore/Bot/Services/BTS_Shoot.BTS_Shoot_C.ExecuteUbergraph_BTS_Shoot
	/ShooterCore/Bot/Services/BTS_Shoot.BTS_Shoot_C.ReceiveTickAI

[2026.08.30-14.04.18:409][412]LogTapDelay: Warning: Tried to set Invalid Tap ID 0!
[2026.08.30-14.04.18:419][416]LogNiagara: Warning: NiagaraSystem was nullptr for OverrideName "User.ImpactPositions".
[2026.08.30-14.04.18:419][416]LogScript: Warning: “无访问”正在尝试读取属性 Impact System
	B_WeaponImpacts_C /Game/WeaponSystem/Maps/L_WS_WeaponTest.L_WS_WeaponTest:PersistentLevel.B_WeaponImpacts_C_0
	Function /Game/Effects/Blueprints/B_WeaponImpacts.B_WeaponImpacts_C:SpawnFromArrays:03C8
Script call stack:
	Function /ShooterCore/Weapons/Pistol/GCN_Weapon_Pistol_Fire.GCN_Weapon_Pistol_Fire_C:OnBurst
	Function /Game/Weapons/B_Weapon.B_Weapon_C:Fire
	Function /Game/Weapons/B_Weapon.B_Weapon_C:ExecuteUbergraph_B_Weapon
	Function /Game/Effects/Blueprints/B_WeaponImpacts.B_WeaponImpacts_C:Fire
	Function /Game/Effects/Blueprints/B_WeaponImpacts.B_WeaponImpacts_C:ExecuteUbergraph_B_WeaponImpacts
	Function /Game/Effects/Blueprints/B_WeaponImpacts.B_WeaponImpacts_C:SpawnParticlesFromImpacts
	Function /Game/Effects/Blueprints/B_WeaponImpacts.B_WeaponImpacts_C:SpawnFromArrays

[2026.08.30-14.04.18:419][416]LogScript: Warning: Script call stack:
	Function /ShooterCore/Weapons/Pistol/GCN_Weapon_Pistol_Fire.GCN_Weapon_Pistol_Fire_C:OnBurst
	Function /Game/Weapons/B_Weapon.B_Weapon_C:Fire
	Function /Game/Weapons/B_Weapon.B_Weapon_C:ExecuteUbergraph_B_Weapon
	Function /Game/Effects/Blueprints/B_WeaponImpacts.B_WeaponImpacts_C:Fire
	Function /Game/Effects/Blueprints/B_WeaponImpacts.B_WeaponImpacts_C:ExecuteUbergraph_B_WeaponImpacts
	Function /Game/Effects/Blueprints/B_WeaponImpacts.B_WeaponImpacts_C:SpawnParticlesFromImpacts
	Function /Game/Effects/Blueprints/B_WeaponImpacts.B_WeaponImpacts_C:SpawnFromArrays

[2026.08.30-14.04.18:419][416]LogNiagara: Warning: NiagaraSystem was nullptr for OverrideName "User.ImpactPositions".
[2026.08.30-14.04.18:419][416]LogScript: Warning: “无访问”正在尝试读取属性 Impact System
	B_WeaponImpacts_C /Game/WeaponSystem/Maps/L_WS_WeaponTest.L_WS_WeaponTest:PersistentLevel.B_WeaponImpacts_C_0
	Function /Game/Effects/Blueprints/B_WeaponImpacts.B_WeaponImpacts_C:SpawnFromArrays:04D0
Script call stack:
	Function /ShooterCore/Weapons/Pistol/GCN_Weapon_Pistol_Fire.GCN_Weapon_Pistol_Fire_C:OnBurst
	Function /Game/Weapons/B_Weapon.B_Weapon_C:Fire
	Function /Game/Weapons/B_Weapon.B_Weapon_C:ExecuteUbergraph_B_Weapon
	Function /Game/Effects/Blueprints/B_WeaponImpacts.B_WeaponImpacts_C:Fire
	Function /Game/Effects/Blueprints/B_WeaponImpacts.B_WeaponImpacts_C:ExecuteUbergraph_B_WeaponImpacts
	Function /Game/Effects/Blueprints/B_WeaponImpacts.B_WeaponImpacts_C:SpawnParticlesFromImpacts
	Function /Game/Effects/Blueprints/B_WeaponImpacts.B_WeaponImpacts_C:SpawnFromArrays

[2026.08.30-14.04.18:419][416]LogScript: Warning: Script call stack:
	Function /ShooterCore/Weapons/Pistol/GCN_Weapon_Pistol_Fire.GCN_Weapon_Pistol_Fire_C:OnBurst
	Function /Game/Weapons/B_Weapon.B_Weapon_C:Fire
	Function /Game/Weapons/B_Weapon.B_Weapon_C:ExecuteUbergraph_B_Weapon
	Function /Game/Effects/Blueprints/B_WeaponImpacts.B_WeaponImpacts_C:Fire
	Function /Game/Effects/Blueprints/B_WeaponImpacts.B_WeaponImpacts_C:ExecuteUbergraph_B_WeaponImpacts
	Function /Game/Effects/Blueprints/B_WeaponImpacts.B_WeaponImpacts_C:SpawnParticlesFromImpacts
	Function /Game/Effects/Blueprints/B_WeaponImpacts.B_WeaponImpacts_C:SpawnFromArrays

[2026.08.30-14.04.18:419][416]LogNiagara: Warning: NiagaraSystem was nullptr for OverrideName "User.ImpactNormals".
[2026.08.30-14.04.18:419][416]LogScript: Warning: “无访问”正在尝试读取属性 Impact System
	B_WeaponImpacts_C /Game/WeaponSystem/Maps/L_WS_WeaponTest.L_WS_WeaponTest:PersistentLevel.B_WeaponImpacts_C_0
	Function /Game/Effects/Blueprints/B_WeaponImpacts.B_WeaponImpacts_C:SpawnFromArrays:0567
Script call stack:
	Function /ShooterCore/Weapons/Pistol/GCN_Weapon_Pistol_Fire.GCN_Weapon_Pistol_Fire_C:OnBurst
	Function /Game/Weapons/B_Weapon.B_Weapon_C:Fire
	Function /Game/Weapons/B_Weapon.B_Weapon_C:ExecuteUbergraph_B_Weapon
	Function /Game/Effects/Blueprints/B_WeaponImpacts.B_WeaponImpacts_C:Fire
	Function /Game/Effects/Blueprints/B_WeaponImpacts.B_WeaponImpacts_C:ExecuteUbergraph_B_WeaponImpacts
	Function /Game/Effects/Blueprints/B_WeaponImpacts.B_WeaponImpacts_C:SpawnParticlesFromImpacts
	Function /Game/Effects/Blueprints/B_WeaponImpacts.B_WeaponImpacts_C:SpawnFromArrays

[2026.08.30-14.04.18:419][416]LogScript: Warning: Script call stack:
	Function /ShooterCore/Weapons/Pistol/GCN_Weapon_Pistol_Fire.GCN_Weapon_Pistol_Fire_C:OnBurst
	Function /Game/Weapons/B_Weapon.B_Weapon_C:Fire
	Function /Game/Weapons/B_Weapon.B_Weapon_C:ExecuteUbergraph_B_Weapon
	Function /Game/Effects/Blueprints/B_WeaponImpacts.B_WeaponImpacts_C:Fire
	Function /Game/Effects/Blueprints/B_WeaponImpacts.B_WeaponImpacts_C:ExecuteUbergraph_B_WeaponImpacts
	Function /Game/Effects/Blueprints/B_WeaponImpacts.B_WeaponImpacts_C:SpawnParticlesFromImpacts
	Function /Game/Effects/Blueprints/B_WeaponImpacts.B_WeaponImpacts_C:SpawnFromArrays

[2026.08.30-14.04.18:419][416]LogScript: Warning: “无访问”正在尝试读取属性 Impact System
	B_WeaponImpacts_C /Game/WeaponSystem/Maps/L_WS_WeaponTest.L_WS_WeaponTest:PersistentLevel.B_WeaponImpacts_C_0
	Function /Game/Effects/Blueprints/B_WeaponImpacts.B_WeaponImpacts_C:SpawnFromArrays:059D
Script call stack:
	Function /ShooterCore/Weapons/Pistol/GCN_Weapon_Pistol_Fire.GCN_Weapon_Pistol_Fire_C:OnBurst
	Function /Game/Weapons/B_Weapon.B_Weapon_C:Fire
	Function /Game/Weapons/B_Weapon.B_Weapon_C:ExecuteUbergraph_B_Weapon
	Function /Game/Effects/Blueprints/B_WeaponImpacts.B_WeaponImpacts_C:Fire
	Function /Game/Effects/Blueprints/B_WeaponImpacts.B_WeaponImpacts_C:ExecuteUbergraph_B_WeaponImpacts
	Function /Game/Effects/Blueprints/B_WeaponImpacts.B_WeaponImpacts_C:SpawnParticlesFromImpacts
	Function /Game/Effects/Blueprints/B_WeaponImpacts.B_WeaponImpacts_C:SpawnFromArrays

[2026.08.30-14.04.18:419][416]LogScript: Warning: Script call stack:
	Function /ShooterCore/Weapons/Pistol/GCN_Weapon_Pistol_Fire.GCN_Weapon_Pistol_Fire_C:OnBurst
	Function /Game/Weapons/B_Weapon.B_Weapon_C:Fire
	Function /Game/Weapons/B_Weapon.B_Weapon_C:ExecuteUbergraph_B_Weapon
	Function /Game/Effects/Blueprints/B_WeaponImpacts.B_WeaponImpacts_C:Fire
	Function /Game/Effects/Blueprints/B_WeaponImpacts.B_WeaponImpacts_C:ExecuteUbergraph_B_WeaponImpacts
	Function /Game/Effects/Blueprints/B_WeaponImpacts.B_WeaponImpacts_C:SpawnParticlesFromImpacts
	Function /Game/Effects/Blueprints/B_WeaponImpacts.B_WeaponImpacts_C:SpawnFromArrays

[2026.08.30-14.04.18:419][416]LogScript: Warning: “无访问”正在尝试读取属性 Decal
	B_WeaponDecals_C /Game/WeaponSystem/Maps/L_WS_WeaponTest.L_WS_WeaponTest:PersistentLevel.B_WeaponDecals_C_0
	Function /Game/Effects/Blueprints/B_WeaponDecals.B_WeaponDecals_C:ExecuteUbergraph_B_WeaponDecals:0123
Script call stack:
	Function /ShooterCore/Weapons/Pistol/GCN_Weapon_Pistol_Fire.GCN_Weapon_Pistol_Fire_C:OnBurst
	Function /Game/Weapons/B_Weapon.B_Weapon_C:Fire
	Function /Game/Weapons/B_Weapon.B_Weapon_C:ExecuteUbergraph_B_Weapon
	Function /Game/Effects/Blueprints/B_WeaponDecals.B_WeaponDecals_C:fire
	Function /Game/Effects/Blueprints/B_WeaponDecals.B_WeaponDecals_C:ExecuteUbergraph_B_WeaponDecals

[2026.08.30-14.04.18:419][416]LogScript: Warning: Script call stack:
	Function /ShooterCore/Weapons/Pistol/GCN_Weapon_Pistol_Fire.GCN_Weapon_Pistol_Fire_C:OnBurst
	Function /Game/Weapons/B_Weapon.B_Weapon_C:Fire
	Function /Game/Weapons/B_Weapon.B_Weapon_C:ExecuteUbergraph_B_Weapon
	Function /Game/Effects/Blueprints/B_WeaponDecals.B_WeaponDecals_C:fire
	Function /Game/Effects/Blueprints/B_WeaponDecals.B_WeaponDecals_C:ExecuteUbergraph_B_WeaponDecals

[2026.08.30-14.04.18:419][416]LogNiagara: Warning: NiagaraSystem was nullptr for OverrideName "User.ImpactSurfaces".
[2026.08.30-14.04.18:419][416]LogNiagara: Warning: NiagaraSystem was nullptr for OverrideName "User.ImpactPositions".
[2026.08.30-14.04.18:419][416]LogNiagara: Warning: NiagaraSystem was nullptr for OverrideName "User.ImpactNormals".
[2026.08.30-14.04.18:419][416]LogScript: Warning: “无访问”正在尝试读取属性 Decal
	B_WeaponDecals_C /Game/WeaponSystem/Maps/L_WS_WeaponTest.L_WS_WeaponTest:PersistentLevel.B_WeaponDecals_C_0
	Function /Game/Effects/Blueprints/B_WeaponDecals.B_WeaponDecals_C:ExecuteUbergraph_B_WeaponDecals:03FA
Script call stack:
	Function /ShooterCore/Weapons/Pistol/GCN_Weapon_Pistol_Fire.GCN_Weapon_Pistol_Fire_C:OnBurst
	Function /Game/Weapons/B_Weapon.B_Weapon_C:Fire
	Function /Game/Weapons/B_Weapon.B_Weapon_C:ExecuteUbergraph_B_Weapon
	Function /Game/Effects/Blueprints/B_WeaponDecals.B_WeaponDecals_C:fire
	Function /Game/Effects/Blueprints/B_WeaponDecals.B_WeaponDecals_C:ExecuteUbergraph_B_WeaponDecals

[2026.08.30-14.04.18:419][416]LogScript: Warning: Script call stack:
	Function /ShooterCore/Weapons/Pistol/GCN_Weapon_Pistol_Fire.GCN_Weapon_Pistol_Fire_C:OnBurst
	Function /Game/Weapons/B_Weapon.B_Weapon_C:Fire
	Function /Game/Weapons/B_Weapon.B_Weapon_C:ExecuteUbergraph_B_Weapon
	Function /Game/Effects/Blueprints/B_WeaponDecals.B_WeaponDecals_C:fire
	Function /Game/Effects/Blueprints/B_WeaponDecals.B_WeaponDecals_C:ExecuteUbergraph_B_WeaponDecals

[2026.08.30-14.04.18:419][416]LogScript: Warning: Script Msg: Attempted to access index 0 from array 'TapIDs' of length 0 in '/ShooterCore/System/Audio/WeaponAudioFunctions.WeaponAudioFunctions_C:EarlyReflections'!
[2026.08.30-14.04.18:419][416]LogScript: Warning: Script call stack:
	/ShooterCore/System/Audio/WeaponAudioFunctions.WeaponAudioFunctions_C.EarlyReflections <---
	/ShooterCore/Weapons/Pistol/GCN_Weapon_Pistol_Fire.GCN_Weapon_Pistol_Fire_C.OnBurst
	/Script/GameplayAbilities.GameplayCueNotify_Static.OnExecute
	/Script/GameplayAbilities.AbilitySystemComponent.NetMulticast_InvokeGameplayCueExecuted_WithParams
	/Game/Weapons/GA_Weapon_Fire.GA_Weapon_Fire_C.ExecuteUbergraph_GA_Weapon_Fire
	/Game/Weapons/GA_Weapon_Fire.GA_Weapon_Fire_C.OnRangedWeaponTargetDataReady
	/Game/Weapons/GA_Weapon_Fire.GA_Weapon_Fire_C.ExecuteUbergraph_GA_Weapon_Fire
	/Game/Weapons/GA_Weapon_Fire.GA_Weapon_Fire_C.K2_ActivateAbility
	/ShooterCore/Bot/Services/BTS_Shoot.BTS_Shoot_C.ExecuteUbergraph_BTS_Shoot
	/ShooterCore/Bot/Services/BTS_Shoot.BTS_Shoot_C.ReceiveTickAI

[2026.08.30-14.04.18:419][416]LogTapDelay: Warning: Tried to set Invalid Tap ID 0!
[2026.08.30-14.04.18:419][416]LogScript: Warning: Script Msg: Attempted to access index 1 from array 'TapIDs' of length 0 in '/ShooterCore/System/Audio/WeaponAudioFunctions.WeaponAudioFunctions_C:EarlyReflections'!
[2026.08.30-14.04.18:419][416]LogScript: Warning: Script call stack:
	/ShooterCore/System/Audio/WeaponAudioFunctions.WeaponAudioFunctions_C.EarlyReflections <---
	/ShooterCore/Weapons/Pistol/GCN_Weapon_Pistol_Fire.GCN_Weapon_Pistol_Fire_C.OnBurst
	/Script/GameplayAbilities.GameplayCueNotify_Static.OnExecute
	/Script/GameplayAbilities.AbilitySystemComponent.NetMulticast_InvokeGameplayCueExecuted_WithParams
	/Game/Weapons/GA_Weapon_Fire.GA_Weapon_Fire_C.ExecuteUbergraph_GA_Weapon_Fire
	/Game/Weapons/GA_Weapon_Fire.GA_Weapon_Fire_C.OnRangedWeaponTargetDataReady
	/Game/Weapons/GA_Weapon_Fire.GA_Weapon_Fire_C.ExecuteUbergraph_GA_Weapon_Fire
	/Game/Weapons/GA_Weapon_Fire.GA_Weapon_Fire_C.K2_ActivateAbility
	/ShooterCore/Bot/Services/BTS_Shoot.BTS_Shoot_C.ExecuteUbergraph_BTS_Shoot
	/ShooterCore/Bot/Services/BTS_Shoot.BTS_Shoot_C.ReceiveTickAI

[2026.08.30-14.04.18:419][416]LogTapDelay: Warning: Tried to set Invalid Tap ID 0!
[2026.08.30-14.04.18:429][416]LogScript: Warning: Script Msg: Attempted to access index 4 from array 'TapIDs' of length 0 in '/ShooterCore/System/Audio/WeaponAudioFunctions.WeaponAudioFunctions_C:EarlyReflections'!
[2026.08.30-14.04.18:429][416]LogScript: Warning: Script call stack:
	/ShooterCore/System/Audio/WeaponAudioFunctions.WeaponAudioFunctions_C.EarlyReflections <---
	/ShooterCore/Weapons/Pistol/GCN_Weapon_Pistol_Fire.GCN_Weapon_Pistol_Fire_C.OnBurst
	/Script/GameplayAbilities.GameplayCueNotify_Static.OnExecute
	/Script/GameplayAbilities.AbilitySystemComponent.NetMulticast_InvokeGameplayCueExecuted_WithParams
	/Game/Weapons/GA_Weapon_Fire.GA_Weapon_Fire_C.ExecuteUbergraph_GA_Weapon_Fire
	/Game/Weapons/GA_Weapon_Fire.GA_Weapon_Fire_C.OnRangedWeaponTargetDataReady
	/Game/Weapons/GA_Weapon_Fire.GA_Weapon_Fire_C.ExecuteUbergraph_GA_Weapon_Fire
	/Game/Weapons/GA_Weapon_Fire.GA_Weapon_Fire_C.K2_ActivateAbility
	/ShooterCore/Bot/Services/BTS_Shoot.BTS_Shoot_C.ExecuteUbergraph_BTS_Shoot
	/ShooterCore/Bot/Services/BTS_Shoot.BTS_Shoot_C.ReceiveTickAI

[2026.08.30-14.04.18:429][416]LogTapDelay: Warning: Tried to set Invalid Tap ID 0!
[2026.08.30-14.04.18:429][416]LogScript: Warning: Script Msg: Attempted to access index 5 from array 'TapIDs' of length 0 in '/ShooterCore/System/Audio/WeaponAudioFunctions.WeaponAudioFunctions_C:EarlyReflections'!
[2026.08.30-14.04.18:429][416]LogScript: Warning: Script call stack:
	/ShooterCore/System/Audio/WeaponAudioFunctions.WeaponAudioFunctions_C.EarlyReflections <---
	/ShooterCore/Weapons/Pistol/GCN_Weapon_Pistol_Fire.GCN_Weapon_Pistol_Fire_C.OnBurst
	/Script/GameplayAbilities.GameplayCueNotify_Static.OnExecute
	/Script/GameplayAbilities.AbilitySystemComponent.NetMulticast_InvokeGameplayCueExecuted_WithParams
	/Game/Weapons/GA_Weapon_Fire.GA_Weapon_Fire_C.ExecuteUbergraph_GA_Weapon_Fire
	/Game/Weapons/GA_Weapon_Fire.GA_Weapon_Fire_C.OnRangedWeaponTargetDataReady
	/Game/Weapons/GA_Weapon_Fire.GA_Weapon_Fire_C.ExecuteUbergraph_GA_Weapon_Fire
	/Game/Weapons/GA_Weapon_Fire.GA_Weapon_Fire_C.K2_ActivateAbility
	/ShooterCore/Bot/Services/BTS_Shoot.BTS_Shoot_C.ExecuteUbergraph_BTS_Shoot
	/ShooterCore/Bot/Services/BTS_Shoot.BTS_Shoot_C.ReceiveTickAI

[2026.08.30-14.04.18:429][416]LogTapDelay: Warning: Tried to set Invalid Tap ID 0!
[2026.08.30-14.04.18:430][416]LogScript: Warning: Script Msg: Attempted to access index 2 from array 'TapIDs' of length 0 in '/ShooterCore/System/Audio/WeaponAudioFunctions.WeaponAudioFunctions_C:EarlyReflections'!
[2026.08.30-14.04.18:430][416]LogScript: Warning: Script call stack:
	/ShooterCore/System/Audio/WeaponAudioFunctions.WeaponAudioFunctions_C.EarlyReflections <---
	/ShooterCore/Weapons/Pistol/GCN_Weapon_Pistol_Fire.GCN_Weapon_Pistol_Fire_C.OnBurst
	/Script/GameplayAbilities.GameplayCueNotify_Static.OnExecute
	/Script/GameplayAbilities.AbilitySystemComponent.NetMulticast_InvokeGameplayCueExecuted_WithParams
	/Game/Weapons/GA_Weapon_Fire.GA_Weapon_Fire_C.ExecuteUbergraph_GA_Weapon_Fire
	/Game/Weapons/GA_Weapon_Fire.GA_Weapon_Fire_C.OnRangedWeaponTargetDataReady
	/Game/Weapons/GA_Weapon_Fire.GA_Weapon_Fire_C.ExecuteUbergraph_GA_Weapon_Fire
	/Game/Weapons/GA_Weapon_Fire.GA_Weapon_Fire_C.K2_ActivateAbility
	/ShooterCore/Bot/Services/BTS_Shoot.BTS_Shoot_C.ExecuteUbergraph_BTS_Shoot
	/ShooterCore/Bot/Services/BTS_Shoot.BTS_Shoot_C.ReceiveTickAI

[2026.08.30-14.04.18:430][416]LogTapDelay: Warning: Tried to set Invalid Tap ID 0!
[2026.08.30-14.04.18:430][416]LogScript: Warning: Script Msg: Attempted to access index 3 from array 'TapIDs' of length 0 in '/ShooterCore/System/Audio/WeaponAudioFunctions.WeaponAudioFunctions_C:EarlyReflections'!
[2026.08.30-14.04.18:430][416]LogScript: Warning: Script call stack:
	/ShooterCore/System/Audio/WeaponAudioFunctions.WeaponAudioFunctions_C.EarlyReflections <---
	/ShooterCore/Weapons/Pistol/GCN_Weapon_Pistol_Fire.GCN_Weapon_Pistol_Fire_C.OnBurst
	/Script/GameplayAbilities.GameplayCueNotify_Static.OnExecute
	/Script/GameplayAbilities.AbilitySystemComponent.NetMulticast_InvokeGameplayCueExecuted_WithParams
	/Game/Weapons/GA_Weapon_Fire.GA_Weapon_Fire_C.ExecuteUbergraph_GA_Weapon_Fire
	/Game/Weapons/GA_Weapon_Fire.GA_Weapon_Fire_C.OnRangedWeaponTargetDataReady
	/Game/Weapons/GA_Weapon_Fire.GA_Weapon_Fire_C.ExecuteUbergraph_GA_Weapon_Fire
	/Game/Weapons/GA_Weapon_Fire.GA_Weapon_Fire_C.K2_ActivateAbility
	/ShooterCore/Bot/Services/BTS_Shoot.BTS_Shoot_C.ExecuteUbergraph_BTS_Shoot
	/ShooterCore/Bot/Services/BTS_Shoot.BTS_Shoot_C.ReceiveTickAI

[2026.08.30-14.04.18:430][416]LogTapDelay: Warning: Tried to set Invalid Tap ID 0!
[2026.08.30-14.04.18:430][416]LogScript: Warning: Script Msg: Attempted to access index 6 from array 'TapIDs' of length 0 in '/ShooterCore/System/Audio/WeaponAudioFunctions.WeaponAudioFunctions_C:EarlyReflections'!
[2026.08.30-14.04.18:430][416]LogScript: Warning: Script call stack:
	/ShooterCore/System/Audio/WeaponAudioFunctions.WeaponAudioFunctions_C.EarlyReflections <---
	/ShooterCore/Weapons/Pistol/GCN_Weapon_Pistol_Fire.GCN_Weapon_Pistol_Fire_C.OnBurst
	/Script/GameplayAbilities.GameplayCueNotify_Static.OnExecute
	/Script/GameplayAbilities.AbilitySystemComponent.NetMulticast_InvokeGameplayCueExecuted_WithParams
	/Game/Weapons/GA_Weapon_Fire.GA_Weapon_Fire_C.ExecuteUbergraph_GA_Weapon_Fire
	/Game/Weapons/GA_Weapon_Fire.GA_Weapon_Fire_C.OnRangedWeaponTargetDataReady
	/Game/Weapons/GA_Weapon_Fire.GA_Weapon_Fire_C.ExecuteUbergraph_GA_Weapon_Fire
	/Game/Weapons/GA_Weapon_Fire.GA_Weapon_Fire_C.K2_ActivateAbility
	/ShooterCore/Bot/Services/BTS_Shoot.BTS_Shoot_C.ExecuteUbergraph_BTS_Shoot
	/ShooterCore/Bot/Services/BTS_Shoot.BTS_Shoot_C.ReceiveTickAI

[2026.08.30-14.04.18:430][416]LogTapDelay: Warning: Tried to set Invalid Tap ID 0!
[2026.08.30-14.04.18:430][416]LogScript: Warning: Script Msg: Attempted to access index 7 from array 'TapIDs' of length 0 in '/ShooterCore/System/Audio/WeaponAudioFunctions.WeaponAudioFunctions_C:EarlyReflections'!
[2026.08.30-14.04.18:430][416]LogScript: Warning: Script call stack:
	/ShooterCore/System/Audio/WeaponAudioFunctions.WeaponAudioFunctions_C.EarlyReflections <---
	/ShooterCore/Weapons/Pistol/GCN_Weapon_Pistol_Fire.GCN_Weapon_Pistol_Fire_C.OnBurst
	/Script/GameplayAbilities.GameplayCueNotify_Static.OnExecute
	/Script/GameplayAbilities.AbilitySystemComponent.NetMulticast_InvokeGameplayCueExecuted_WithParams
	/Game/Weapons/GA_Weapon_Fire.GA_Weapon_Fire_C.ExecuteUbergraph_GA_Weapon_Fire
	/Game/Weapons/GA_Weapon_Fire.GA_Weapon_Fire_C.OnRangedWeaponTargetDataReady
	/Game/Weapons/GA_Weapon_Fire.GA_Weapon_Fire_C.ExecuteUbergraph_GA_Weapon_Fire
	/Game/Weapons/GA_Weapon_Fire.GA_Weapon_Fire_C.K2_ActivateAbility
	/ShooterCore/Bot/Services/BTS_Shoot.BTS_Shoot_C.ExecuteUbergraph_BTS_Shoot
	/ShooterCore/Bot/Services/BTS_Shoot.BTS_Shoot_C.ReceiveTickAI

[2026.08.30-14.04.18:430][416]LogTapDelay: Warning: Tried to set Invalid Tap ID 0!
[2026.08.30-14.04.18:471][426]LogNiagara: Warning: NiagaraSystem was nullptr for OverrideName "User.ImpactPositions".
[2026.08.30-14.04.18:471][426]LogScript: Warning: “无访问”正在尝试读取属性 Decal
	B_WeaponDecals_C /Game/WeaponSystem/Maps/L_WS_WeaponTest.L_WS_WeaponTest:PersistentLevel.B_WeaponDecals_C_1
	Function /Game/Effects/Blueprints/B_WeaponDecals.B_WeaponDecals_C:ExecuteUbergraph_B_WeaponDecals:0123
Script call stack:
	Function /ShooterCore/Weapons/Pistol/GCN_Weapon_Pistol_Fire.GCN_Weapon_Pistol_Fire_C:OnBurst
	Function /Game/Weapons/B_Weapon.B_Weapon_C:Fire
	Function /Game/Weapons/B_Weapon.B_Weapon_C:ExecuteUbergraph_B_Weapon
	Function /Game/Effects/Blueprints/B_WeaponDecals.B_WeaponDecals_C:fire
	Function /Game/Effects/Blueprints/B_WeaponDecals.B_WeaponDecals_C:ExecuteUbergraph_B_WeaponDecals

[2026.08.30-14.04.18:471][426]LogScript: Warning: Script call stack:
	Function /ShooterCore/Weapons/Pistol/GCN_Weapon_Pistol_Fire.GCN_Weapon_Pistol_Fire_C:OnBurst
	Function /Game/Weapons/B_Weapon.B_Weapon_C:Fire
	Function /Game/Weapons/B_Weapon.B_Weapon_C:ExecuteUbergraph_B_Weapon
	Function /Game/Effects/Blueprints/B_WeaponDecals.B_WeaponDecals_C:fire
	Function /Game/Effects/Blueprints/B_WeaponDecals.B_WeaponDecals_C:ExecuteUbergraph_B_WeaponDecals

[2026.08.30-14.04.18:471][426]LogNiagara: Warning: NiagaraSystem was nullptr for OverrideName "User.ImpactSurfaces".
[2026.08.30-14.04.18:471][426]LogNiagara: Warning: NiagaraSystem was nullptr for OverrideName "User.ImpactPositions".
[2026.08.30-14.04.18:471][426]LogNiagara: Warning: NiagaraSystem was nullptr for OverrideName "User.ImpactNormals".
[2026.08.30-14.04.18:480][426]LogScript: Warning: “无访问”正在尝试读取属性 Decal
	B_WeaponDecals_C /Game/WeaponSystem/Maps/L_WS_WeaponTest.L_WS_WeaponTest:PersistentLevel.B_WeaponDecals_C_1
	Function /Game/Effects/Blueprints/B_WeaponDecals.B_WeaponDecals_C:ExecuteUbergraph_B_WeaponDecals:03FA
Script call stack:
	Function /ShooterCore/Weapons/Pistol/GCN_Weapon_Pistol_Fire.GCN_Weapon_Pistol_Fire_C:OnBurst
	Function /Game/Weapons/B_Weapon.B_Weapon_C:Fire
	Function /Game/Weapons/B_Weapon.B_Weapon_C:ExecuteUbergraph_B_Weapon
	Function /Game/Effects/Blueprints/B_WeaponDecals.B_WeaponDecals_C:fire
	Function /Game/Effects/Blueprints/B_WeaponDecals.B_WeaponDecals_C:ExecuteUbergraph_B_WeaponDecals

[2026.08.30-14.04.18:480][426]LogScript: Warning: Script call stack:
	Function /ShooterCore/Weapons/Pistol/GCN_Weapon_Pistol_Fire.GCN_Weapon_Pistol_Fire_C:OnBurst
	Function /Game/Weapons/B_Weapon.B_Weapon_C:Fire
	Function /Game/Weapons/B_Weapon.B_Weapon_C:ExecuteUbergraph_B_Weapon
	Function /Game/Effects/Blueprints/B_WeaponDecals.B_WeaponDecals_C:fire
	Function /Game/Effects/Blueprints/B_WeaponDecals.B_WeaponDecals_C:ExecuteUbergraph_B_WeaponDecals

[2026.08.30-14.04.18:491][428]LogNiagara: Warning: NiagaraSystem was nullptr for OverrideName "User.ImpactPositions".
[2026.08.30-14.04.18:491][428]LogScript: Warning: “无访问”正在尝试读取属性 Impact System
	B_WeaponImpacts_C /Game/WeaponSystem/Maps/L_WS_WeaponTest.L_WS_WeaponTest:PersistentLevel.B_WeaponImpacts_C_0
	Function /Game/Effects/Blueprints/B_WeaponImpacts.B_WeaponImpacts_C:SpawnFromArrays:03C8
Script call stack:
	Function /ShooterCore/Weapons/Pistol/GCN_Weapon_Pistol_Fire.GCN_Weapon_Pistol_Fire_C:OnBurst
	Function /Game/Weapons/B_Weapon.B_Weapon_C:Fire
	Function /Game/Weapons/B_Weapon.B_Weapon_C:ExecuteUbergraph_B_Weapon
	Function /Game/Effects/Blueprints/B_WeaponImpacts.B_WeaponImpacts_C:Fire
	Function /Game/Effects/Blueprints/B_WeaponImpacts.B_WeaponImpacts_C:ExecuteUbergraph_B_WeaponImpacts
	Function /Game/Effects/Blueprints/B_WeaponImpacts.B_WeaponImpacts_C:SpawnParticlesFromImpacts
	Function /Game/Effects/Blueprints/B_WeaponImpacts.B_WeaponImpacts_C:SpawnFromArrays

[2026.08.30-14.04.18:491][428]LogScript: Warning: Script call stack:
	Function /ShooterCore/Weapons/Pistol/GCN_Weapon_Pistol_Fire.GCN_Weapon_Pistol_Fire_C:OnBurst
	Function /Game/Weapons/B_Weapon.B_Weapon_C:Fire
	Function /Game/Weapons/B_Weapon.B_Weapon_C:ExecuteUbergraph_B_Weapon
	Function /Game/Effects/Blueprints/B_WeaponImpacts.B_WeaponImpacts_C:Fire
	Function /Game/Effects/Blueprints/B_WeaponImpacts.B_WeaponImpacts_C:ExecuteUbergraph_B_WeaponImpacts
	Function /Game/Effects/Blueprints/B_WeaponImpacts.B_WeaponImpacts_C:SpawnParticlesFromImpacts
	Function /Game/Effects/Blueprints/B_WeaponImpacts.B_WeaponImpacts_C:SpawnFromArrays

[2026.08.30-14.04.18:491][428]LogNiagara: Warning: NiagaraSystem was nullptr for OverrideName "User.ImpactPositions".
[2026.08.30-14.04.18:491][428]LogScript: Warning: “无访问”正在尝试读取属性 Impact System
	B_WeaponImpacts_C /Game/WeaponSystem/Maps/L_WS_WeaponTest.L_WS_WeaponTest:PersistentLevel.B_WeaponImpacts_C_0
	Function /Game/Effects/Blueprints/B_WeaponImpacts.B_WeaponImpacts_C:SpawnFromArrays:04D0
Script call stack:
	Function /ShooterCore/Weapons/Pistol/GCN_Weapon_Pistol_Fire.GCN_Weapon_Pistol_Fire_C:OnBurst
	Function /Game/Weapons/B_Weapon.B_Weapon_C:Fire
	Function /Game/Weapons/B_Weapon.B_Weapon_C:ExecuteUbergraph_B_Weapon
	Function /Game/Effects/Blueprints/B_WeaponImpacts.B_WeaponImpacts_C:Fire
	Function /Game/Effects/Blueprints/B_WeaponImpacts.B_WeaponImpacts_C:ExecuteUbergraph_B_WeaponImpacts
	Function /Game/Effects/Blueprints/B_WeaponImpacts.B_WeaponImpacts_C:SpawnParticlesFromImpacts
	Function /Game/Effects/Blueprints/B_WeaponImpacts.B_WeaponImpacts_C:SpawnFromArrays

[2026.08.30-14.04.18:491][428]LogScript: Warning: Script call stack:
	Function /ShooterCore/Weapons/Pistol/GCN_Weapon_Pistol_Fire.GCN_Weapon_Pistol_Fire_C:OnBurst
	Function /Game/Weapons/B_Weapon.B_Weapon_C:Fire
	Function /Game/Weapons/B_Weapon.B_Weapon_C:ExecuteUbergraph_B_Weapon
	Function /Game/Effects/Blueprints/B_WeaponImpacts.B_WeaponImpacts_C:Fire
	Function /Game/Effects/Blueprints/B_WeaponImpacts.B_WeaponImpacts_C:ExecuteUbergraph_B_WeaponImpacts
	Function /Game/Effects/Blueprints/B_WeaponImpacts.B_WeaponImpacts_C:SpawnParticlesFromImpacts
	Function /Game/Effects/Blueprints/B_WeaponImpacts.B_WeaponImpacts_C:SpawnFromArrays

[2026.08.30-14.04.18:491][428]LogNiagara: Warning: NiagaraSystem was nullptr for OverrideName "User.ImpactNormals".
[2026.08.30-14.04.18:491][428]LogScript: Warning: “无访问”正在尝试读取属性 Impact System
	B_WeaponImpacts_C /Game/WeaponSystem/Maps/L_WS_WeaponTest.L_WS_WeaponTest:PersistentLevel.B_WeaponImpacts_C_0
	Function /Game/Effects/Blueprints/B_WeaponImpacts.B_WeaponImpacts_C:SpawnFromArrays:0567
Script call stack:
	Function /ShooterCore/Weapons/Pistol/GCN_Weapon_Pistol_Fire.GCN_Weapon_Pistol_Fire_C:OnBurst
	Function /Game/Weapons/B_Weapon.B_Weapon_C:Fire
	Function /Game/Weapons/B_Weapon.B_Weapon_C:ExecuteUbergraph_B_Weapon
	Function /Game/Effects/Blueprints/B_WeaponImpacts.B_WeaponImpacts_C:Fire
	Function /Game/Effects/Blueprints/B_WeaponImpacts.B_WeaponImpacts_C:ExecuteUbergraph_B_WeaponImpacts
	Function /Game/Effects/Blueprints/B_WeaponImpacts.B_WeaponImpacts_C:SpawnParticlesFromImpacts
	Function /Game/Effects/Blueprints/B_WeaponImpacts.B_WeaponImpacts_C:SpawnFromArrays

[2026.08.30-14.04.18:491][428]LogScript: Warning: Script call stack:
	Function /ShooterCore/Weapons/Pistol/GCN_Weapon_Pistol_Fire.GCN_Weapon_Pistol_Fire_C:OnBurst
	Function /Game/Weapons/B_Weapon.B_Weapon_C:Fire
	Function /Game/Weapons/B_Weapon.B_Weapon_C:ExecuteUbergraph_B_Weapon
	Function /Game/Effects/Blueprints/B_WeaponImpacts.B_WeaponImpacts_C:Fire
	Function /Game/Effects/Blueprints/B_WeaponImpacts.B_WeaponImpacts_C:ExecuteUbergraph_B_WeaponImpacts
	Function /Game/Effects/Blueprints/B_WeaponImpacts.B_WeaponImpacts_C:SpawnParticlesFromImpacts
	Function /Game/Effects/Blueprints/B_WeaponImpacts.B_WeaponImpacts_C:SpawnFromArrays

[2026.08.30-14.04.18:491][428]LogScript: Warning: “无访问”正在尝试读取属性 Impact System
	B_WeaponImpacts_C /Game/WeaponSystem/Maps/L_WS_WeaponTest.L_WS_WeaponTest:PersistentLevel.B_WeaponImpacts_C_0
	Function /Game/Effects/Blueprints/B_WeaponImpacts.B_WeaponImpacts_C:SpawnFromArrays:059D
Script call stack:
	Function /ShooterCore/Weapons/Pistol/GCN_Weapon_Pistol_Fire.GCN_Weapon_Pistol_Fire_C:OnBurst
	Function /Game/Weapons/B_Weapon.B_Weapon_C:Fire
	Function /Game/Weapons/B_Weapon.B_Weapon_C:ExecuteUbergraph_B_Weapon
	Function /Game/Effects/Blueprints/B_WeaponImpacts.B_WeaponImpacts_C:Fire
	Function /Game/Effects/Blueprints/B_WeaponImpacts.B_WeaponImpacts_C:ExecuteUbergraph_B_WeaponImpacts
	Function /Game/Effects/Blueprints/B_WeaponImpacts.B_WeaponImpacts_C:SpawnParticlesFromImpacts
	Function /Game/Effects/Blueprints/B_WeaponImpacts.B_WeaponImpacts_C:SpawnFromArrays

[2026.08.30-14.04.18:491][428]LogScript: Warning: Script call stack:
	Function /ShooterCore/Weapons/Pistol/GCN_Weapon_Pistol_Fire.GCN_Weapon_Pistol_Fire_C:OnBurst
	Function /Game/Weapons/B_Weapon.B_Weapon_C:Fire
	Function /Game/Weapons/B_Weapon.B_Weapon_C:ExecuteUbergraph_B_Weapon
	Function /Game/Effects/Blueprints/B_WeaponImpacts.B_WeaponImpacts_C:Fire
	Function /Game/Effects/Blueprints/B_WeaponImpacts.B_WeaponImpacts_C:ExecuteUbergraph_B_WeaponImpacts
	Function /Game/Effects/Blueprints/B_WeaponImpacts.B_WeaponImpacts_C:SpawnParticlesFromImpacts
	Function /Game/Effects/Blueprints/B_WeaponImpacts.B_WeaponImpacts_C:SpawnFromArrays

[2026.08.30-14.04.18:491][428]LogScript: Warning: “无访问”正在尝试读取属性 Decal
	B_WeaponDecals_C /Game/WeaponSystem/Maps/L_WS_WeaponTest.L_WS_WeaponTest:PersistentLevel.B_WeaponDecals_C_0
	Function /Game/Effects/Blueprints/B_WeaponDecals.B_WeaponDecals_C:ExecuteUbergraph_B_WeaponDecals:0123
Script call stack:
	Function /ShooterCore/Weapons/Pistol/GCN_Weapon_Pistol_Fire.GCN_Weapon_Pistol_Fire_C:OnBurst
	Function /Game/Weapons/B_Weapon.B_Weapon_C:Fire
	Function /Game/Weapons/B_Weapon.B_Weapon_C:ExecuteUbergraph_B_Weapon
	Function /Game/Effects/Blueprints/B_WeaponDecals.B_WeaponDecals_C:fire
	Function /Game/Effects/Blueprints/B_WeaponDecals.B_WeaponDecals_C:ExecuteUbergraph_B_WeaponDecals

[2026.08.30-14.04.18:491][428]LogScript: Warning: Script call stack:
	Function /ShooterCore/Weapons/Pistol/GCN_Weapon_Pistol_Fire.GCN_Weapon_Pistol_Fire_C:OnBurst
	Function /Game/Weapons/B_Weapon.B_Weapon_C:Fire
	Function /Game/Weapons/B_Weapon.B_Weapon_C:ExecuteUbergraph_B_Weapon
	Function /Game/Effects/Blueprints/B_WeaponDecals.B_WeaponDecals_C:fire
	Function /Game/Effects/Blueprints/B_WeaponDecals.B_WeaponDecals_C:ExecuteUbergraph_B_WeaponDecals

[2026.08.30-14.04.18:491][428]LogNiagara: Warning: NiagaraSystem was nullptr for OverrideName "User.ImpactSurfaces".
[2026.08.30-14.04.18:491][428]LogNiagara: Warning: NiagaraSystem was nullptr for OverrideName "User.ImpactPositions".
[2026.08.30-14.04.18:491][428]LogNiagara: Warning: NiagaraSystem was nullptr for OverrideName "User.ImpactNormals".
[2026.08.30-14.04.18:491][428]LogScript: Warning: “无访问”正在尝试读取属性 Decal
	B_WeaponDecals_C /Game/WeaponSystem/Maps/L_WS_WeaponTest.L_WS_WeaponTest:PersistentLevel.B_WeaponDecals_C_0
	Function /Game/Effects/Blueprints/B_WeaponDecals.B_WeaponDecals_C:ExecuteUbergraph_B_WeaponDecals:03FA
Script call stack:
	Function /ShooterCore/Weapons/Pistol/GCN_Weapon_Pistol_Fire.GCN_Weapon_Pistol_Fire_C:OnBurst
	Function /Game/Weapons/B_Weapon.B_Weapon_C:Fire
	Function /Game/Weapons/B_Weapon.B_Weapon_C:ExecuteUbergraph_B_Weapon
	Function /Game/Effects/Blueprints/B_WeaponDecals.B_WeaponDecals_C:fire
	Function /Game/Effects/Blueprints/B_WeaponDecals.B_WeaponDecals_C:ExecuteUbergraph_B_WeaponDecals

[2026.08.30-14.04.18:491][428]LogScript: Warning: Script call stack:
	Function /ShooterCore/Weapons/Pistol/GCN_Weapon_Pistol_Fire.GCN_Weapon_Pistol_Fire_C:OnBurst
	Function /Game/Weapons/B_Weapon.B_Weapon_C:Fire
	Function /Game/Weapons/B_Weapon.B_Weapon_C:ExecuteUbergraph_B_Weapon
	Function /Game/Effects/Blueprints/B_WeaponDecals.B_WeaponDecals_C:fire
	Function /Game/Effects/Blueprints/B_WeaponDecals.B_WeaponDecals_C:ExecuteUbergraph_B_WeaponDecals

[2026.08.30-14.04.18:491][428]LogScript: Warning: Script Msg: Attempted to access index 0 from array 'TapIDs' of length 0 in '/ShooterCore/System/Audio/WeaponAudioFunctions.WeaponAudioFunctions_C:EarlyReflections'!
[2026.08.30-14.04.18:491][428]LogScript: Warning: Script call stack:
	/ShooterCore/System/Audio/WeaponAudioFunctions.WeaponAudioFunctions_C.EarlyReflections <---
	/ShooterCore/Weapons/Pistol/GCN_Weapon_Pistol_Fire.GCN_Weapon_Pistol_Fire_C.OnBurst
	/Script/GameplayAbilities.GameplayCueNotify_Static.OnExecute
	/Script/GameplayAbilities.AbilitySystemComponent.NetMulticast_InvokeGameplayCueExecuted_WithParams
	/Game/Weapons/GA_Weapon_Fire.GA_Weapon_Fire_C.ExecuteUbergraph_GA_Weapon_Fire
	/Game/Weapons/GA_Weapon_Fire.GA_Weapon_Fire_C.OnRangedWeaponTargetDataReady
	/Game/Weapons/GA_Weapon_Fire.GA_Weapon_Fire_C.ExecuteUbergraph_GA_Weapon_Fire
	/Game/Weapons/GA_Weapon_Fire.GA_Weapon_Fire_C.K2_ActivateAbility
	/ShooterCore/Bot/Services/BTS_Shoot.BTS_Shoot_C.ExecuteUbergraph_BTS_Shoot
	/ShooterCore/Bot/Services/BTS_Shoot.BTS_Shoot_C.ReceiveTickAI

[2026.08.30-14.04.18:491][428]LogTapDelay: Warning: Tried to set Invalid Tap ID 0!
[2026.08.30-14.04.18:491][428]LogScript: Warning: Script Msg: Attempted to access index 1 from array 'TapIDs' of length 0 in '/ShooterCore/System/Audio/WeaponAudioFunctions.WeaponAudioFunctions_C:EarlyReflections'!
[2026.08.30-14.04.18:491][428]LogScript: Warning: Script call stack:
	/ShooterCore/System/Audio/WeaponAudioFunctions.WeaponAudioFunctions_C.EarlyReflections <---
	/ShooterCore/Weapons/Pistol/GCN_Weapon_Pistol_Fire.GCN_Weapon_Pistol_Fire_C.OnBurst
	/Script/GameplayAbilities.GameplayCueNotify_Static.OnExecute
	/Script/GameplayAbilities.AbilitySystemComponent.NetMulticast_InvokeGameplayCueExecuted_WithParams
	/Game/Weapons/GA_Weapon_Fire.GA_Weapon_Fire_C.ExecuteUbergraph_GA_Weapon_Fire
	/Game/Weapons/GA_Weapon_Fire.GA_Weapon_Fire_C.OnRangedWeaponTargetDataReady
	/Game/Weapons/GA_Weapon_Fire.GA_Weapon_Fire_C.ExecuteUbergraph_GA_Weapon_Fire
	/Game/Weapons/GA_Weapon_Fire.GA_Weapon_Fire_C.K2_ActivateAbility
	/ShooterCore/Bot/Services/BTS_Shoot.BTS_Shoot_C.ExecuteUbergraph_BTS_Shoot
	/ShooterCore/Bot/Services/BTS_Shoot.BTS_Shoot_C.ReceiveTickAI

[2026.08.30-14.04.18:491][428]LogTapDelay: Warning: Tried to set Invalid Tap ID 0!
[2026.08.30-14.04.18:491][428]LogScript: Warning: Script Msg: Attempted to access index 4 from array 'TapIDs' of length 0 in '/ShooterCore/System/Audio/WeaponAudioFunctions.WeaponAudioFunctions_C:EarlyReflections'!
[2026.08.30-14.04.18:491][428]LogScript: Warning: Script call stack:
	/ShooterCore/System/Audio/WeaponAudioFunctions.WeaponAudioFunctions_C.EarlyReflections <---
	/ShooterCore/Weapons/Pistol/GCN_Weapon_Pistol_Fire.GCN_Weapon_Pistol_Fire_C.OnBurst
	/Script/GameplayAbilities.GameplayCueNotify_Static.OnExecute
	/Script/GameplayAbilities.AbilitySystemComponent.NetMulticast_InvokeGameplayCueExecuted_WithParams
	/Game/Weapons/GA_Weapon_Fire.GA_Weapon_Fire_C.ExecuteUbergraph_GA_Weapon_Fire
	/Game/Weapons/GA_Weapon_Fire.GA_Weapon_Fire_C.OnRangedWeaponTargetDataReady
	/Game/Weapons/GA_Weapon_Fire.GA_Weapon_Fire_C.ExecuteUbergraph_GA_Weapon_Fire
	/Game/Weapons/GA_Weapon_Fire.GA_Weapon_Fire_C.K2_ActivateAbility
	/ShooterCore/Bot/Services/BTS_Shoot.BTS_Shoot_C.ExecuteUbergraph_BTS_Shoot
	/ShooterCore/Bot/Services/BTS_Shoot.BTS_Shoot_C.ReceiveTickAI

[2026.08.30-14.04.18:491][428]LogTapDelay: Warning: Tried to set Invalid Tap ID 0!
[2026.08.30-14.04.18:491][428]LogScript: Warning: Script Msg: Attempted to access index 5 from array 'TapIDs' of length 0 in '/ShooterCore/System/Audio/WeaponAudioFunctions.WeaponAudioFunctions_C:EarlyReflections'!
[2026.08.30-14.04.18:491][428]LogScript: Warning: Script call stack:
	/ShooterCore/System/Audio/WeaponAudioFunctions.WeaponAudioFunctions_C.EarlyReflections <---
	/ShooterCore/Weapons/Pistol/GCN_Weapon_Pistol_Fire.GCN_Weapon_Pistol_Fire_C.OnBurst
	/Script/GameplayAbilities.GameplayCueNotify_Static.OnExecute
	/Script/GameplayAbilities.AbilitySystemComponent.NetMulticast_InvokeGameplayCueExecuted_WithParams
	/Game/Weapons/GA_Weapon_Fire.GA_Weapon_Fire_C.ExecuteUbergraph_GA_Weapon_Fire
	/Game/Weapons/GA_Weapon_Fire.GA_Weapon_Fire_C.OnRangedWeaponTargetDataReady
	/Game/Weapons/GA_Weapon_Fire.GA_Weapon_Fire_C.ExecuteUbergraph_GA_Weapon_Fire
	/Game/Weapons/GA_Weapon_Fire.GA_Weapon_Fire_C.K2_ActivateAbility
	/ShooterCore/Bot/Services/BTS_Shoot.BTS_Shoot_C.ExecuteUbergraph_BTS_Shoot
	/ShooterCore/Bot/Services/BTS_Shoot.BTS_Shoot_C.ReceiveTickAI

[2026.08.30-14.04.18:491][428]LogTapDelay: Warning: Tried to set Invalid Tap ID 0!
[2026.08.30-14.04.18:491][428]LogScript: Warning: Script Msg: Attempted to access index 2 from array 'TapIDs' of length 0 in '/ShooterCore/System/Audio/WeaponAudioFunctions.WeaponAudioFunctions_C:EarlyReflections'!
[2026.08.30-14.04.18:491][428]LogScript: Warning: Script call stack:
	/ShooterCore/System/Audio/WeaponAudioFunctions.WeaponAudioFunctions_C.EarlyReflections <---
	/ShooterCore/Weapons/Pistol/GCN_Weapon_Pistol_Fire.GCN_Weapon_Pistol_Fire_C.OnBurst
	/Script/GameplayAbilities.GameplayCueNotify_Static.OnExecute
	/Script/GameplayAbilities.AbilitySystemComponent.NetMulticast_InvokeGameplayCueExecuted_WithParams
	/Game/Weapons/GA_Weapon_Fire.GA_Weapon_Fire_C.ExecuteUbergraph_GA_Weapon_Fire
	/Game/Weapons/GA_Weapon_Fire.GA_Weapon_Fire_C.OnRangedWeaponTargetDataReady
	/Game/Weapons/GA_Weapon_Fire.GA_Weapon_Fire_C.ExecuteUbergraph_GA_Weapon_Fire
	/Game/Weapons/GA_Weapon_Fire.GA_Weapon_Fire_C.K2_ActivateAbility
	/ShooterCore/Bot/Services/BTS_Shoot.BTS_Shoot_C.ExecuteUbergraph_BTS_Shoot
	/ShooterCore/Bot/Services/BTS_Shoot.BTS_Shoot_C.ReceiveTickAI

[2026.08.30-14.04.18:491][428]LogTapDelay: Warning: Tried to set Invalid Tap ID 0!
[2026.08.30-14.04.18:491][428]LogScript: Warning: Script Msg: Attempted to access index 3 from array 'TapIDs' of length 0 in '/ShooterCore/System/Audio/WeaponAudioFunctions.WeaponAudioFunctions_C:EarlyReflections'!
[2026.08.30-14.04.18:491][428]LogScript: Warning: Script call stack:
	/ShooterCore/System/Audio/WeaponAudioFunctions.WeaponAudioFunctions_C.EarlyReflections <---
	/ShooterCore/Weapons/Pistol/GCN_Weapon_Pistol_Fire.GCN_Weapon_Pistol_Fire_C.OnBurst
	/Script/GameplayAbilities.GameplayCueNotify_Static.OnExecute
	/Script/GameplayAbilities.AbilitySystemComponent.NetMulticast_InvokeGameplayCueExecuted_WithParams
	/Game/Weapons/GA_Weapon_Fire.GA_Weapon_Fire_C.ExecuteUbergraph_GA_Weapon_Fire
	/Game/Weapons/GA_Weapon_Fire.GA_Weapon_Fire_C.OnRangedWeaponTargetDataReady
	/Game/Weapons/GA_Weapon_Fire.GA_Weapon_Fire_C.ExecuteUbergraph_GA_Weapon_Fire
	/Game/Weapons/GA_Weapon_Fire.GA_Weapon_Fire_C.K2_ActivateAbility
	/ShooterCore/Bot/Services/BTS_Shoot.BTS_Shoot_C.ExecuteUbergraph_BTS_Shoot
	/ShooterCore/Bot/Services/BTS_Shoot.BTS_Shoot_C.ReceiveTickAI

[2026.08.30-14.04.18:491][428]LogTapDelay: Warning: Tried to set Invalid Tap ID 0!
[2026.08.30-14.04.18:491][428]LogScript: Warning: Script Msg: Attempted to access index 6 from array 'TapIDs' of length 0 in '/ShooterCore/System/Audio/WeaponAudioFunctions.WeaponAudioFunctions_C:EarlyReflections'!
[2026.08.30-14.04.18:491][428]LogScript: Warning: Script call stack:
	/ShooterCore/System/Audio/WeaponAudioFunctions.WeaponAudioFunctions_C.EarlyReflections <---
	/ShooterCore/Weapons/Pistol/GCN_Weapon_Pistol_Fire.GCN_Weapon_Pistol_Fire_C.OnBurst
	/Script/GameplayAbilities.GameplayCueNotify_Static.OnExecute
	/Script/GameplayAbilities.AbilitySystemComponent.NetMulticast_InvokeGameplayCueExecuted_WithParams
	/Game/Weapons/GA_Weapon_Fire.GA_Weapon_Fire_C.ExecuteUbergraph_GA_Weapon_Fire
	/Game/Weapons/GA_Weapon_Fire.GA_Weapon_Fire_C.OnRangedWeaponTargetDataReady
	/Game/Weapons/GA_Weapon_Fire.GA_Weapon_Fire_C.ExecuteUbergraph_GA_Weapon_Fire
	/Game/Weapons/GA_Weapon_Fire.GA_Weapon_Fire_C.K2_ActivateAbility
	/ShooterCore/Bot/Services/BTS_Shoot.BTS_Shoot_C.ExecuteUbergraph_BTS_Shoot
	/ShooterCore/Bot/Services/BTS_Shoot.BTS_Shoot_C.ReceiveTickAI

[2026.08.30-14.04.18:491][428]LogTapDelay: Warning: Tried to set Invalid Tap ID 0!
[2026.08.30-14.04.18:491][428]LogScript: Warning: Script Msg: Attempted to access index 7 from array 'TapIDs' of length 0 in '/ShooterCore/System/Audio/WeaponAudioFunctions.WeaponAudioFunctions_C:EarlyReflections'!
[2026.08.30-14.04.18:491][428]LogScript: Warning: Script call stack:
	/ShooterCore/System/Audio/WeaponAudioFunctions.WeaponAudioFunctions_C.EarlyReflections <---
	/ShooterCore/Weapons/Pistol/GCN_Weapon_Pistol_Fire.GCN_Weapon_Pistol_Fire_C.OnBurst
	/Script/GameplayAbilities.GameplayCueNotify_Static.OnExecute
	/Script/GameplayAbilities.AbilitySystemComponent.NetMulticast_InvokeGameplayCueExecuted_WithParams
	/Game/Weapons/GA_Weapon_Fire.GA_Weapon_Fire_C.ExecuteUbergraph_GA_Weapon_Fire
	/Game/Weapons/GA_Weapon_Fire.GA_Weapon_Fire_C.OnRangedWeaponTargetDataReady
	/Game/Weapons/GA_Weapon_Fire.GA_Weapon_Fire_C.ExecuteUbergraph_GA_Weapon_Fire
	/Game/Weapons/GA_Weapon_Fire.GA_Weapon_Fire_C.K2_ActivateAbility
	/ShooterCore/Bot/Services/BTS_Shoot.BTS_Shoot_C.ExecuteUbergraph_BTS_Shoot
	/ShooterCore/Bot/Services/BTS_Shoot.BTS_Shoot_C.ReceiveTickAI

[2026.08.30-14.04.18:491][428]LogTapDelay: Warning: Tried to set Invalid Tap ID 0!
[2026.08.30-14.04.18:532][436]LogNiagara: Warning: NiagaraSystem was nullptr for OverrideName "User.ImpactPositions".
[2026.08.30-14.04.18:532][436]LogScript: Warning: “无访问”正在尝试读取属性 Impact System
	B_WeaponImpacts_C /Game/WeaponSystem/Maps/L_WS_WeaponTest.L_WS_WeaponTest:PersistentLevel.B_WeaponImpacts_C_1
	Function /Game/Effects/Blueprints/B_WeaponImpacts.B_WeaponImpacts_C:SpawnFromArrays:03C8
Script call stack:
	Function /ShooterCore/Weapons/Pistol/GCN_Weapon_Pistol_Fire.GCN_Weapon_Pistol_Fire_C:OnBurst
	Function /Game/Weapons/B_Weapon.B_Weapon_C:Fire
	Function /Game/Weapons/B_Weapon.B_Weapon_C:ExecuteUbergraph_B_Weapon
	Function /Game/Effects/Blueprints/B_WeaponImpacts.B_WeaponImpacts_C:Fire
	Function /Game/Effects/Blueprints/B_WeaponImpacts.B_WeaponImpacts_C:ExecuteUbergraph_B_WeaponImpacts
	Function /Game/Effects/Blueprints/B_WeaponImpacts.B_WeaponImpacts_C:SpawnParticlesFromImpacts
	Function /Game/Effects/Blueprints/B_WeaponImpacts.B_WeaponImpacts_C:SpawnFromArrays

[2026.08.30-14.04.18:532][436]LogScript: Warning: Script call stack:
	Function /ShooterCore/Weapons/Pistol/GCN_Weapon_Pistol_Fire.GCN_Weapon_Pistol_Fire_C:OnBurst
	Function /Game/Weapons/B_Weapon.B_Weapon_C:Fire
	Function /Game/Weapons/B_Weapon.B_Weapon_C:ExecuteUbergraph_B_Weapon
	Function /Game/Effects/Blueprints/B_WeaponImpacts.B_WeaponImpacts_C:Fire
	Function /Game/Effects/Blueprints/B_WeaponImpacts.B_WeaponImpacts_C:ExecuteUbergraph_B_WeaponImpacts
	Function /Game/Effects/Blueprints/B_WeaponImpacts.B_WeaponImpacts_C:SpawnParticlesFromImpacts
	Function /Game/Effects/Blueprints/B_WeaponImpacts.B_WeaponImpacts_C:SpawnFromArrays

[2026.08.30-14.04.18:532][436]LogNiagara: Warning: NiagaraSystem was nullptr for OverrideName "User.ImpactPositions".
[2026.08.30-14.04.18:532][436]LogScript: Warning: “无访问”正在尝试读取属性 Impact System
	B_WeaponImpacts_C /Game/WeaponSystem/Maps/L_WS_WeaponTest.L_WS_WeaponTest:PersistentLevel.B_WeaponImpacts_C_1
	Function /Game/Effects/Blueprints/B_WeaponImpacts.B_WeaponImpacts_C:SpawnFromArrays:04D0
Script call stack:
	Function /ShooterCore/Weapons/Pistol/GCN_Weapon_Pistol_Fire.GCN_Weapon_Pistol_Fire_C:OnBurst
	Function /Game/Weapons/B_Weapon.B_Weapon_C:Fire
	Function /Game/Weapons/B_Weapon.B_Weapon_C:ExecuteUbergraph_B_Weapon
	Function /Game/Effects/Blueprints/B_WeaponImpacts.B_WeaponImpacts_C:Fire
	Function /Game/Effects/Blueprints/B_WeaponImpacts.B_WeaponImpacts_C:ExecuteUbergraph_B_WeaponImpacts
	Function /Game/Effects/Blueprints/B_WeaponImpacts.B_WeaponImpacts_C:SpawnParticlesFromImpacts
	Function /Game/Effects/Blueprints/B_WeaponImpacts.B_WeaponImpacts_C:SpawnFromArrays

[2026.08.30-14.04.18:532][436]LogScript: Warning: Script call stack:
	Function /ShooterCore/Weapons/Pistol/GCN_Weapon_Pistol_Fire.GCN_Weapon_Pistol_Fire_C:OnBurst
	Function /Game/Weapons/B_Weapon.B_Weapon_C:Fire
	Function /Game/Weapons/B_Weapon.B_Weapon_C:ExecuteUbergraph_B_Weapon
	Function /Game/Effects/Blueprints/B_WeaponImpacts.B_WeaponImpacts_C:Fire
	Function /Game/Effects/Blueprints/B_WeaponImpacts.B_WeaponImpacts_C:ExecuteUbergraph_B_WeaponImpacts
	Function /Game/Effects/Blueprints/B_WeaponImpacts.B_WeaponImpacts_C:SpawnParticlesFromImpacts
	Function /Game/Effects/Blueprints/B_WeaponImpacts.B_WeaponImpacts_C:SpawnFromArrays

[2026.08.30-14.04.18:532][436]LogNiagara: Warning: NiagaraSystem was nullptr for OverrideName "User.ImpactNormals".
[2026.08.30-14.04.18:532][436]LogScript: Warning: “无访问”正在尝试读取属性 Impact System
	B_WeaponImpacts_C /Game/WeaponSystem/Maps/L_WS_WeaponTest.L_WS_WeaponTest:PersistentLevel.B_WeaponImpacts_C_1
	Function /Game/Effects/Blueprints/B_WeaponImpacts.B_WeaponImpacts_C:SpawnFromArrays:0567
Script call stack:
	Function /ShooterCore/Weapons/Pistol/GCN_Weapon_Pistol_Fire.GCN_Weapon_Pistol_Fire_C:OnBurst
	Function /Game/Weapons/B_Weapon.B_Weapon_C:Fire
	Function /Game/Weapons/B_Weapon.B_Weapon_C:ExecuteUbergraph_B_Weapon
	Function /Game/Effects/Blueprints/B_WeaponImpacts.B_WeaponImpacts_C:Fire
	Function /Game/Effects/Blueprints/B_WeaponImpacts.B_WeaponImpacts_C:ExecuteUbergraph_B_WeaponImpacts
	Function /Game/Effects/Blueprints/B_WeaponImpacts.B_WeaponImpacts_C:SpawnParticlesFromImpacts
	Function /Game/Effects/Blueprints/B_WeaponImpacts.B_WeaponImpacts_C:SpawnFromArrays

[2026.08.30-14.04.18:532][436]LogScript: Warning: Script call stack:
	Function /ShooterCore/Weapons/Pistol/GCN_Weapon_Pistol_Fire.GCN_Weapon_Pistol_Fire_C:OnBurst
	Function /Game/Weapons/B_Weapon.B_Weapon_C:Fire
	Function /Game/Weapons/B_Weapon.B_Weapon_C:ExecuteUbergraph_B_Weapon
	Function /Game/Effects/Blueprints/B_WeaponImpacts.B_WeaponImpacts_C:Fire
	Function /Game/Effects/Blueprints/B_WeaponImpacts.B_WeaponImpacts_C:ExecuteUbergraph_B_WeaponImpacts
	Function /Game/Effects/Blueprints/B_WeaponImpacts.B_WeaponImpacts_C:SpawnParticlesFromImpacts
	Function /Game/Effects/Blueprints/B_WeaponImpacts.B_WeaponImpacts_C:SpawnFromArrays

[2026.08.30-14.04.18:532][436]LogScript: Warning: “无访问”正在尝试读取属性 Impact System
	B_WeaponImpacts_C /Game/WeaponSystem/Maps/L_WS_WeaponTest.L_WS_WeaponTest:PersistentLevel.B_WeaponImpacts_C_1
	Function /Game/Effects/Blueprints/B_WeaponImpacts.B_WeaponImpacts_C:SpawnFromArrays:059D
Script call stack:
	Function /ShooterCore/Weapons/Pistol/GCN_Weapon_Pistol_Fire.GCN_Weapon_Pistol_Fire_C:OnBurst
	Function /Game/Weapons/B_Weapon.B_Weapon_C:Fire
	Function /Game/Weapons/B_Weapon.B_Weapon_C:ExecuteUbergraph_B_Weapon
	Function /Game/Effects/Blueprints/B_WeaponImpacts.B_WeaponImpacts_C:Fire
	Function /Game/Effects/Blueprints/B_WeaponImpacts.B_WeaponImpacts_C:ExecuteUbergraph_B_WeaponImpacts
	Function /Game/Effects/Blueprints/B_WeaponImpacts.B_WeaponImpacts_C:SpawnParticlesFromImpacts
	Function /Game/Effects/Blueprints/B_WeaponImpacts.B_WeaponImpacts_C:SpawnFromArrays

[2026.08.30-14.04.18:532][436]LogScript: Warning: Script call stack:
	Function /ShooterCore/Weapons/Pistol/GCN_Weapon_Pistol_Fire.GCN_Weapon_Pistol_Fire_C:OnBurst
	Function /Game/Weapons/B_Weapon.B_Weapon_C:Fire
	Function /Game/Weapons/B_Weapon.B_Weapon_C:ExecuteUbergraph_B_Weapon
	Function /Game/Effects/Blueprints/B_WeaponImpacts.B_WeaponImpacts_C:Fire
	Function /Game/Effects/Blueprints/B_WeaponImpacts.B_WeaponImpacts_C:ExecuteUbergraph_B_WeaponImpacts
	Function /Game/Effects/Blueprints/B_WeaponImpacts.B_WeaponImpacts_C:SpawnParticlesFromImpacts
	Function /Game/Effects/Blueprints/B_WeaponImpacts.B_WeaponImpacts_C:SpawnFromArrays

[2026.08.30-14.04.18:532][436]LogScript: Warning: “无访问”正在尝试读取属性 Decal
	B_WeaponDecals_C /Game/WeaponSystem/Maps/L_WS_WeaponTest.L_WS_WeaponTest:PersistentLevel.B_WeaponDecals_C_1
	Function /Game/Effects/Blueprints/B_WeaponDecals.B_WeaponDecals_C:ExecuteUbergraph_B_WeaponDecals:0123
Script call stack:
	Function /ShooterCore/Weapons/Pistol/GCN_Weapon_Pistol_Fire.GCN_Weapon_Pistol_Fire_C:OnBurst
	Function /Game/Weapons/B_Weapon.B_Weapon_C:Fire
	Function /Game/Weapons/B_Weapon.B_Weapon_C:ExecuteUbergraph_B_Weapon
	Function /Game/Effects/Blueprints/B_WeaponDecals.B_WeaponDecals_C:fire
	Function /Game/Effects/Blueprints/B_WeaponDecals.B_WeaponDecals_C:ExecuteUbergraph_B_WeaponDecals

[2026.08.30-14.04.18:532][436]LogScript: Warning: Script call stack:
	Function /ShooterCore/Weapons/Pistol/GCN_Weapon_Pistol_Fire.GCN_Weapon_Pistol_Fire_C:OnBurst
	Function /Game/Weapons/B_Weapon.B_Weapon_C:Fire
	Function /Game/Weapons/B_Weapon.B_Weapon_C:ExecuteUbergraph_B_Weapon
	Function /Game/Effects/Blueprints/B_WeaponDecals.B_WeaponDecals_C:fire
	Function /Game/Effects/Blueprints/B_WeaponDecals.B_WeaponDecals_C:ExecuteUbergraph_B_WeaponDecals

[2026.08.30-14.04.18:532][436]LogNiagara: Warning: NiagaraSystem was nullptr for OverrideName "User.ImpactSurfaces".
[2026.08.30-14.04.18:532][436]LogNiagara: Warning: NiagaraSystem was nullptr for OverrideName "User.ImpactPositions".
[2026.08.30-14.04.18:532][436]LogNiagara: Warning: NiagaraSystem was nullptr for OverrideName "User.ImpactNormals".
[2026.08.30-14.04.18:532][436]LogScript: Warning: “无访问”正在尝试读取属性 Decal
	B_WeaponDecals_C /Game/WeaponSystem/Maps/L_WS_WeaponTest.L_WS_WeaponTest:PersistentLevel.B_WeaponDecals_C_1
	Function /Game/Effects/Blueprints/B_WeaponDecals.B_WeaponDecals_C:ExecuteUbergraph_B_WeaponDecals:03FA
Script call stack:
	Function /ShooterCore/Weapons/Pistol/GCN_Weapon_Pistol_Fire.GCN_Weapon_Pistol_Fire_C:OnBurst
	Function /Game/Weapons/B_Weapon.B_Weapon_C:Fire
	Function /Game/Weapons/B_Weapon.B_Weapon_C:ExecuteUbergraph_B_Weapon
	Function /Game/Effects/Blueprints/B_WeaponDecals.B_WeaponDecals_C:fire
	Function /Game/Effects/Blueprints/B_WeaponDecals.B_WeaponDecals_C:ExecuteUbergraph_B_WeaponDecals

[2026.08.30-14.04.18:532][436]LogScript: Warning: Script call stack:
	Function /ShooterCore/Weapons/Pistol/GCN_Weapon_Pistol_Fire.GCN_Weapon_Pistol_Fire_C:OnBurst
	Function /Game/Weapons/B_Weapon.B_Weapon_C:Fire
	Function /Game/Weapons/B_Weapon.B_Weapon_C:ExecuteUbergraph_B_Weapon
	Function /Game/Effects/Blueprints/B_WeaponDecals.B_WeaponDecals_C:fire
	Function /Game/Effects/Blueprints/B_WeaponDecals.B_WeaponDecals_C:ExecuteUbergraph_B_WeaponDecals

[2026.08.30-14.04.18:532][436]LogScript: Warning: Script Msg: Attempted to access index 0 from array 'TapIDs' of length 0 in '/ShooterCore/System/Audio/WeaponAudioFunctions.WeaponAudioFunctions_C:EarlyReflections'!
[2026.08.30-14.04.18:532][436]LogScript: Warning: Script call stack:
	/ShooterCore/System/Audio/WeaponAudioFunctions.WeaponAudioFunctions_C.EarlyReflections <---
	/ShooterCore/Weapons/Pistol/GCN_Weapon_Pistol_Fire.GCN_Weapon_Pistol_Fire_C.OnBurst
	/Script/GameplayAbilities.GameplayCueNotify_Static.OnExecute
	/Script/GameplayAbilities.AbilitySystemComponent.NetMulticast_InvokeGameplayCueExecuted_WithParams
	/Game/Weapons/GA_Weapon_Fire.GA_Weapon_Fire_C.ExecuteUbergraph_GA_Weapon_Fire
	/Game/Weapons/GA_Weapon_Fire.GA_Weapon_Fire_C.OnRangedWeaponTargetDataReady
	/Game/Weapons/GA_Weapon_Fire.GA_Weapon_Fire_C.ExecuteUbergraph_GA_Weapon_Fire
	/Game/Weapons/GA_Weapon_Fire.GA_Weapon_Fire_C.K2_ActivateAbility
	/ShooterCore/Bot/Services/BTS_Shoot.BTS_Shoot_C.ExecuteUbergraph_BTS_Shoot
	/ShooterCore/Bot/Services/BTS_Shoot.BTS_Shoot_C.ReceiveTickAI

[2026.08.30-14.04.18:532][436]LogTapDelay: Warning: Tried to set Invalid Tap ID 0!
[2026.08.30-14.04.18:532][436]LogScript: Warning: Script Msg: Attempted to access index 1 from array 'TapIDs' of length 0 in '/ShooterCore/System/Audio/WeaponAudioFunctions.WeaponAudioFunctions_C:EarlyReflections'!
[2026.08.30-14.04.18:532][436]LogScript: Warning: Script call stack:
	/ShooterCore/System/Audio/WeaponAudioFunctions.WeaponAudioFunctions_C.EarlyReflections <---
	/ShooterCore/Weapons/Pistol/GCN_Weapon_Pistol_Fire.GCN_Weapon_Pistol_Fire_C.OnBurst
	/Script/GameplayAbilities.GameplayCueNotify_Static.OnExecute
	/Script/GameplayAbilities.AbilitySystemComponent.NetMulticast_InvokeGameplayCueExecuted_WithParams
	/Game/Weapons/GA_Weapon_Fire.GA_Weapon_Fire_C.ExecuteUbergraph_GA_Weapon_Fire
	/Game/Weapons/GA_Weapon_Fire.GA_Weapon_Fire_C.OnRangedWeaponTargetDataReady
	/Game/Weapons/GA_Weapon_Fire.GA_Weapon_Fire_C.ExecuteUbergraph_GA_Weapon_Fire
	/Game/Weapons/GA_Weapon_Fire.GA_Weapon_Fire_C.K2_ActivateAbility
	/ShooterCore/Bot/Services/BTS_Shoot.BTS_Shoot_C.ExecuteUbergraph_BTS_Shoot
	/ShooterCore/Bot/Services/BTS_Shoot.BTS_Shoot_C.ReceiveTickAI

[2026.08.30-14.04.18:532][436]LogTapDelay: Warning: Tried to set Invalid Tap ID 0!
[2026.08.30-14.04.18:532][436]LogScript: Warning: Script Msg: Attempted to access index 4 from array 'TapIDs' of length 0 in '/ShooterCore/System/Audio/WeaponAudioFunctions.WeaponAudioFunctions_C:EarlyReflections'!
[2026.08.30-14.04.18:532][436]LogScript: Warning: Script call stack:
	/ShooterCore/System/Audio/WeaponAudioFunctions.WeaponAudioFunctions_C.EarlyReflections <---
	/ShooterCore/Weapons/Pistol/GCN_Weapon_Pistol_Fire.GCN_Weapon_Pistol_Fire_C.OnBurst
	/Script/GameplayAbilities.GameplayCueNotify_Static.OnExecute
	/Script/GameplayAbilities.AbilitySystemComponent.NetMulticast_InvokeGameplayCueExecuted_WithParams
	/Game/Weapons/GA_Weapon_Fire.GA_Weapon_Fire_C.ExecuteUbergraph_GA_Weapon_Fire
	/Game/Weapons/GA_Weapon_Fire.GA_Weapon_Fire_C.OnRangedWeaponTargetDataReady
	/Game/Weapons/GA_Weapon_Fire.GA_Weapon_Fire_C.ExecuteUbergraph_GA_Weapon_Fire
	/Game/Weapons/GA_Weapon_Fire.GA_Weapon_Fire_C.K2_ActivateAbility
	/ShooterCore/Bot/Services/BTS_Shoot.BTS_Shoot_C.ExecuteUbergraph_BTS_Shoot
	/ShooterCore/Bot/Services/BTS_Shoot.BTS_Shoot_C.ReceiveTickAI

[2026.08.30-14.04.18:532][436]LogTapDelay: Warning: Tried to set Invalid Tap ID 0!
[2026.08.30-14.04.18:532][436]LogScript: Warning: Script Msg: Attempted to access index 5 from array 'TapIDs' of length 0 in '/ShooterCore/System/Audio/WeaponAudioFunctions.WeaponAudioFunctions_C:EarlyReflections'!
[2026.08.30-14.04.18:532][436]LogScript: Warning: Script call stack:
	/ShooterCore/System/Audio/WeaponAudioFunctions.WeaponAudioFunctions_C.EarlyReflections <---
	/ShooterCore/Weapons/Pistol/GCN_Weapon_Pistol_Fire.GCN_Weapon_Pistol_Fire_C.OnBurst
	/Script/GameplayAbilities.GameplayCueNotify_Static.OnExecute
	/Script/GameplayAbilities.AbilitySystemComponent.NetMulticast_InvokeGameplayCueExecuted_WithParams
	/Game/Weapons/GA_Weapon_Fire.GA_Weapon_Fire_C.ExecuteUbergraph_GA_Weapon_Fire
	/Game/Weapons/GA_Weapon_Fire.GA_Weapon_Fire_C.OnRangedWeaponTargetDataReady
	/Game/Weapons/GA_Weapon_Fire.GA_Weapon_Fire_C.ExecuteUbergraph_GA_Weapon_Fire
	/Game/Weapons/GA_Weapon_Fire.GA_Weapon_Fire_C.K2_ActivateAbility
	/ShooterCore/Bot/Services/BTS_Shoot.BTS_Shoot_C.ExecuteUbergraph_BTS_Shoot
	/ShooterCore/Bot/Services/BTS_Shoot.BTS_Shoot_C.ReceiveTickAI

[2026.08.30-14.04.18:532][436]LogTapDelay: Warning: Tried to set Invalid Tap ID 0!
[2026.08.30-14.04.18:532][436]LogScript: Warning: Script Msg: Attempted to access index 2 from array 'TapIDs' of length 0 in '/ShooterCore/System/Audio/WeaponAudioFunctions.WeaponAudioFunctions_C:EarlyReflections'!
[2026.08.30-14.04.18:532][436]LogScript: Warning: Script call stack:
	/ShooterCore/System/Audio/WeaponAudioFunctions.WeaponAudioFunctions_C.EarlyReflections <---
	/ShooterCore/Weapons/Pistol/GCN_Weapon_Pistol_Fire.GCN_Weapon_Pistol_Fire_C.OnBurst
	/Script/GameplayAbilities.GameplayCueNotify_Static.OnExecute
	/Script/GameplayAbilities.AbilitySystemComponent.NetMulticast_InvokeGameplayCueExecuted_WithParams
	/Game/Weapons/GA_Weapon_Fire.GA_Weapon_Fire_C.ExecuteUbergraph_GA_Weapon_Fire
	/Game/Weapons/GA_Weapon_Fire.GA_Weapon_Fire_C.OnRangedWeaponTargetDataReady
	/Game/Weapons/GA_Weapon_Fire.GA_Weapon_Fire_C.ExecuteUbergraph_GA_Weapon_Fire
	/Game/Weapons/GA_Weapon_Fire.GA_Weapon_Fire_C.K2_ActivateAbility
	/ShooterCore/Bot/Services/BTS_Shoot.BTS_Shoot_C.ExecuteUbergraph_BTS_Shoot
	/ShooterCore/Bot/Services/BTS_Shoot.BTS_Shoot_C.ReceiveTickAI

[2026.08.30-14.04.18:532][436]LogTapDelay: Warning: Tried to set Invalid Tap ID 0!
[2026.08.30-14.04.18:532][436]LogScript: Warning: Script Msg: Attempted to access index 3 from array 'TapIDs' of length 0 in '/ShooterCore/System/Audio/WeaponAudioFunctions.WeaponAudioFunctions_C:EarlyReflections'!
[2026.08.30-14.04.18:532][436]LogScript: Warning: Script call stack:
	/ShooterCore/System/Audio/WeaponAudioFunctions.WeaponAudioFunctions_C.EarlyReflections <---
	/ShooterCore/Weapons/Pistol/GCN_Weapon_Pistol_Fire.GCN_Weapon_Pistol_Fire_C.OnBurst
	/Script/GameplayAbilities.GameplayCueNotify_Static.OnExecute
	/Script/GameplayAbilities.AbilitySystemComponent.NetMulticast_InvokeGameplayCueExecuted_WithParams
	/Game/Weapons/GA_Weapon_Fire.GA_Weapon_Fire_C.ExecuteUbergraph_GA_Weapon_Fire
	/Game/Weapons/GA_Weapon_Fire.GA_Weapon_Fire_C.OnRangedWeaponTargetDataReady
	/Game/Weapons/GA_Weapon_Fire.GA_Weapon_Fire_C.ExecuteUbergraph_GA_Weapon_Fire
	/Game/Weapons/GA_Weapon_Fire.GA_Weapon_Fire_C.K2_ActivateAbility
	/ShooterCore/Bot/Services/BTS_Shoot.BTS_Shoot_C.ExecuteUbergraph_BTS_Shoot
	/ShooterCore/Bot/Services/BTS_Shoot.BTS_Shoot_C.ReceiveTickAI

[2026.08.30-14.04.18:532][436]LogTapDelay: Warning: Tried to set Invalid Tap ID 0!
[2026.08.30-14.04.18:532][436]LogScript: Warning: Script Msg: Attempted to access index 6 from array 'TapIDs' of length 0 in '/ShooterCore/System/Audio/WeaponAudioFunctions.WeaponAudioFunctions_C:EarlyReflections'!
[2026.08.30-14.04.18:532][436]LogScript: Warning: Script call stack:
	/ShooterCore/System/Audio/WeaponAudioFunctions.WeaponAudioFunctions_C.EarlyReflections <---
	/ShooterCore/Weapons/Pistol/GCN_Weapon_Pistol_Fire.GCN_Weapon_Pistol_Fire_C.OnBurst
	/Script/GameplayAbilities.GameplayCueNotify_Static.OnExecute
	/Script/GameplayAbilities.AbilitySystemComponent.NetMulticast_InvokeGameplayCueExecuted_WithParams
	/Game/Weapons/GA_Weapon_Fire.GA_Weapon_Fire_C.ExecuteUbergraph_GA_Weapon_Fire
	/Game/Weapons/GA_Weapon_Fire.GA_Weapon_Fire_C.OnRangedWeaponTargetDataReady
	/Game/Weapons/GA_Weapon_Fire.GA_Weapon_Fire_C.ExecuteUbergraph_GA_Weapon_Fire
	/Game/Weapons/GA_Weapon_Fire.GA_Weapon_Fire_C.K2_ActivateAbility
	/ShooterCore/Bot/Services/BTS_Shoot.BTS_Shoot_C.ExecuteUbergraph_BTS_Shoot
	/ShooterCore/Bot/Services/BTS_Shoot.BTS_Shoot_C.ReceiveTickAI

[2026.08.30-14.04.18:532][436]LogTapDelay: Warning: Tried to set Invalid Tap ID 0!
[2026.08.30-14.04.18:532][436]LogScript: Warning: Script Msg: Attempted to access index 7 from array 'TapIDs' of length 0 in '/ShooterCore/System/Audio/WeaponAudioFunctions.WeaponAudioFunctions_C:EarlyReflections'!
[2026.08.30-14.04.18:532][436]LogScript: Warning: Script call stack:
	/ShooterCore/System/Audio/WeaponAudioFunctions.WeaponAudioFunctions_C.EarlyReflections <---
	/ShooterCore/Weapons/Pistol/GCN_Weapon_Pistol_Fire.GCN_Weapon_Pistol_Fire_C.OnBurst
	/Script/GameplayAbilities.GameplayCueNotify_Static.OnExecute
	/Script/GameplayAbilities.AbilitySystemComponent.NetMulticast_InvokeGameplayCueExecuted_WithParams
	/Game/Weapons/GA_Weapon_Fire.GA_Weapon_Fire_C.ExecuteUbergraph_GA_Weapon_Fire
	/Game/Weapons/GA_Weapon_Fire.GA_Weapon_Fire_C.OnRangedWeaponTargetDataReady
	/Game/Weapons/GA_Weapon_Fire.GA_Weapon_Fire_C.ExecuteUbergraph_GA_Weapon_Fire
	/Game/Weapons/GA_Weapon_Fire.GA_Weapon_Fire_C.K2_ActivateAbility
	/ShooterCore/Bot/Services/BTS_Shoot.BTS_Shoot_C.ExecuteUbergraph_BTS_Shoot
	/ShooterCore/Bot/Services/BTS_Shoot.BTS_Shoot_C.ReceiveTickAI

[2026.08.30-14.04.18:532][436]LogTapDelay: Warning: Tried to set Invalid Tap ID 0!
[2026.08.30-14.04.18:542][437]LogNiagara: Warning: NiagaraSystem was nullptr for OverrideName "User.ImpactPositions".
[2026.08.30-14.04.18:542][437]LogScript: Warning: “无访问”正在尝试读取属性 Impact System
	B_WeaponImpacts_C /Game/WeaponSystem/Maps/L_WS_WeaponTest.L_WS_WeaponTest:PersistentLevel.B_WeaponImpacts_C_0
	Function /Game/Effects/Blueprints/B_WeaponImpacts.B_WeaponImpacts_C:SpawnFromArrays:03C8
Script call stack:
	Function /ShooterCore/Weapons/Pistol/GCN_Weapon_Pistol_Fire.GCN_Weapon_Pistol_Fire_C:OnBurst
	Function /Game/Weapons/B_Weapon.B_Weapon_C:Fire
	Function /Game/Weapons/B_Weapon.B_Weapon_C:ExecuteUbergraph_B_Weapon
	Function /Game/Effects/Blueprints/B_WeaponImpacts.B_WeaponImpacts_C:Fire
	Function /Game/Effects/Blueprints/B_WeaponImpacts.B_WeaponImpacts_C:ExecuteUbergraph_B_WeaponImpacts
	Function /Game/Effects/Blueprints/B_WeaponImpacts.B_WeaponImpacts_C:SpawnParticlesFromImpacts
	Function /Game/Effects/Blueprints/B_WeaponImpacts.B_WeaponImpacts_C:SpawnFromArrays

[2026.08.30-14.04.18:542][437]LogScript: Warning: Script call stack:
	Function /ShooterCore/Weapons/Pistol/GCN_Weapon_Pistol_Fire.GCN_Weapon_Pistol_Fire_C:OnBurst
	Function /Game/Weapons/B_Weapon.B_Weapon_C:Fire
	Function /Game/Weapons/B_Weapon.B_Weapon_C:ExecuteUbergraph_B_Weapon
	Function /Game/Effects/Blueprints/B_WeaponImpacts.B_WeaponImpacts_C:Fire
	Function /Game/Effects/Blueprints/B_WeaponImpacts.B_WeaponImpacts_C:ExecuteUbergraph_B_WeaponImpacts
	Function /Game/Effects/Blueprints/B_WeaponImpacts.B_WeaponImpacts_C:SpawnParticlesFromImpacts
	Function /Game/Effects/Blueprints/B_WeaponImpacts.B_WeaponImpacts_C:SpawnFromArrays

[2026.08.30-14.04.18:542][437]LogNiagara: Warning: NiagaraSystem was nullptr for OverrideName "User.ImpactPositions".
[2026.08.30-14.04.18:542][437]LogScript: Warning: “无访问”正在尝试读取属性 Impact System
	B_WeaponImpacts_C /Game/WeaponSystem/Maps/L_WS_WeaponTest.L_WS_WeaponTest:PersistentLevel.B_WeaponImpacts_C_0
	Function /Game/Effects/Blueprints/B_WeaponImpacts.B_WeaponImpacts_C:SpawnFromArrays:04D0
Script call stack:
	Function /ShooterCore/Weapons/Pistol/GCN_Weapon_Pistol_Fire.GCN_Weapon_Pistol_Fire_C:OnBurst
	Function /Game/Weapons/B_Weapon.B_Weapon_C:Fire
	Function /Game/Weapons/B_Weapon.B_Weapon_C:ExecuteUbergraph_B_Weapon
	Function /Game/Effects/Blueprints/B_WeaponImpacts.B_WeaponImpacts_C:Fire
	Function /Game/Effects/Blueprints/B_WeaponImpacts.B_WeaponImpacts_C:ExecuteUbergraph_B_WeaponImpacts
	Function /Game/Effects/Blueprints/B_WeaponImpacts.B_WeaponImpacts_C:SpawnParticlesFromImpacts
	Function /Game/Effects/Blueprints/B_WeaponImpacts.B_WeaponImpacts_C:SpawnFromArrays

[2026.08.30-14.04.18:542][437]LogScript: Warning: Script call stack:
	Function /ShooterCore/Weapons/Pistol/GCN_Weapon_Pistol_Fire.GCN_Weapon_Pistol_Fire_C:OnBurst
	Function /Game/Weapons/B_Weapon.B_Weapon_C:Fire
	Function /Game/Weapons/B_Weapon.B_Weapon_C:ExecuteUbergraph_B_Weapon
	Function /Game/Effects/Blueprints/B_WeaponImpacts.B_WeaponImpacts_C:Fire
	Function /Game/Effects/Blueprints/B_WeaponImpacts.B_WeaponImpacts_C:ExecuteUbergraph_B_WeaponImpacts
	Function /Game/Effects/Blueprints/B_WeaponImpacts.B_WeaponImpacts_C:SpawnParticlesFromImpacts
	Function /Game/Effects/Blueprints/B_WeaponImpacts.B_WeaponImpacts_C:SpawnFromArrays

[2026.08.30-14.04.18:542][437]LogNiagara: Warning: NiagaraSystem was nullptr for OverrideName "User.ImpactNormals".
[2026.08.30-14.04.18:542][437]LogScript: Warning: “无访问”正在尝试读取属性 Impact System
	B_WeaponImpacts_C /Game/WeaponSystem/Maps/L_WS_WeaponTest.L_WS_WeaponTest:PersistentLevel.B_WeaponImpacts_C_0
	Function /Game/Effects/Blueprints/B_WeaponImpacts.B_WeaponImpacts_C:SpawnFromArrays:0567
Script call stack:
	Function /ShooterCore/Weapons/Pistol/GCN_Weapon_Pistol_Fire.GCN_Weapon_Pistol_Fire_C:OnBurst
	Function /Game/Weapons/B_Weapon.B_Weapon_C:Fire
	Function /Game/Weapons/B_Weapon.B_Weapon_C:ExecuteUbergraph_B_Weapon
	Function /Game/Effects/Blueprints/B_WeaponImpacts.B_WeaponImpacts_C:Fire
	Function /Game/Effects/Blueprints/B_WeaponImpacts.B_WeaponImpacts_C:ExecuteUbergraph_B_WeaponImpacts
	Function /Game/Effects/Blueprints/B_WeaponImpacts.B_WeaponImpacts_C:SpawnParticlesFromImpacts
	Function /Game/Effects/Blueprints/B_WeaponImpacts.B_WeaponImpacts_C:SpawnFromArrays

[2026.08.30-14.04.18:542][437]LogScript: Warning: Script call stack:
	Function /ShooterCore/Weapons/Pistol/GCN_Weapon_Pistol_Fire.GCN_Weapon_Pistol_Fire_C:OnBurst
	Function /Game/Weapons/B_Weapon.B_Weapon_C:Fire
	Function /Game/Weapons/B_Weapon.B_Weapon_C:ExecuteUbergraph_B_Weapon
	Function /Game/Effects/Blueprints/B_WeaponImpacts.B_WeaponImpacts_C:Fire
	Function /Game/Effects/Blueprints/B_WeaponImpacts.B_WeaponImpacts_C:ExecuteUbergraph_B_WeaponImpacts
	Function /Game/Effects/Blueprints/B_WeaponImpacts.B_WeaponImpacts_C:SpawnParticlesFromImpacts
	Function /Game/Effects/Blueprints/B_WeaponImpacts.B_WeaponImpacts_C:SpawnFromArrays

[2026.08.30-14.04.18:542][437]LogScript: Warning: “无访问”正在尝试读取属性 Impact System
	B_WeaponImpacts_C /Game/WeaponSystem/Maps/L_WS_WeaponTest.L_WS_WeaponTest:PersistentLevel.B_WeaponImpacts_C_0
	Function /Game/Effects/Blueprints/B_WeaponImpacts.B_WeaponImpacts_C:SpawnFromArrays:059D
Script call stack:
	Function /ShooterCore/Weapons/Pistol/GCN_Weapon_Pistol_Fire.GCN_Weapon_Pistol_Fire_C:OnBurst
	Function /Game/Weapons/B_Weapon.B_Weapon_C:Fire
	Function /Game/Weapons/B_Weapon.B_Weapon_C:ExecuteUbergraph_B_Weapon
	Function /Game/Effects/Blueprints/B_WeaponImpacts.B_WeaponImpacts_C:Fire
	Function /Game/Effects/Blueprints/B_WeaponImpacts.B_WeaponImpacts_C:ExecuteUbergraph_B_WeaponImpacts
	Function /Game/Effects/Blueprints/B_WeaponImpacts.B_WeaponImpacts_C:SpawnParticlesFromImpacts
	Function /Game/Effects/Blueprints/B_WeaponImpacts.B_WeaponImpacts_C:SpawnFromArrays

[2026.08.30-14.04.18:542][437]LogScript: Warning: Script call stack:
	Function /ShooterCore/Weapons/Pistol/GCN_Weapon_Pistol_Fire.GCN_Weapon_Pistol_Fire_C:OnBurst
	Function /Game/Weapons/B_Weapon.B_Weapon_C:Fire
	Function /Game/Weapons/B_Weapon.B_Weapon_C:ExecuteUbergraph_B_Weapon
	Function /Game/Effects/Blueprints/B_WeaponImpacts.B_WeaponImpacts_C:Fire
	Function /Game/Effects/Blueprints/B_WeaponImpacts.B_WeaponImpacts_C:ExecuteUbergraph_B_WeaponImpacts
	Function /Game/Effects/Blueprints/B_WeaponImpacts.B_WeaponImpacts_C:SpawnParticlesFromImpacts
	Function /Game/Effects/Blueprints/B_WeaponImpacts.B_WeaponImpacts_C:SpawnFromArrays

[2026.08.30-14.04.18:542][437]LogScript: Warning: “无访问”正在尝试读取属性 Decal
	B_WeaponDecals_C /Game/WeaponSystem/Maps/L_WS_WeaponTest.L_WS_WeaponTest:PersistentLevel.B_WeaponDecals_C_0
	Function /Game/Effects/Blueprints/B_WeaponDecals.B_WeaponDecals_C:ExecuteUbergraph_B_WeaponDecals:0123
Script call stack:
	Function /ShooterCore/Weapons/Pistol/GCN_Weapon_Pistol_Fire.GCN_Weapon_Pistol_Fire_C:OnBurst
	Function /Game/Weapons/B_Weapon.B_Weapon_C:Fire
	Function /Game/Weapons/B_Weapon.B_Weapon_C:ExecuteUbergraph_B_Weapon
	Function /Game/Effects/Blueprints/B_WeaponDecals.B_WeaponDecals_C:fire
	Function /Game/Effects/Blueprints/B_WeaponDecals.B_WeaponDecals_C:ExecuteUbergraph_B_WeaponDecals

[2026.08.30-14.04.18:542][437]LogScript: Warning: Script call stack:
	Function /ShooterCore/Weapons/Pistol/GCN_Weapon_Pistol_Fire.GCN_Weapon_Pistol_Fire_C:OnBurst
	Function /Game/Weapons/B_Weapon.B_Weapon_C:Fire
	Function /Game/Weapons/B_Weapon.B_Weapon_C:ExecuteUbergraph_B_Weapon
	Function /Game/Effects/Blueprints/B_WeaponDecals.B_WeaponDecals_C:fire
	Function /Game/Effects/Blueprints/B_WeaponDecals.B_WeaponDecals_C:ExecuteUbergraph_B_WeaponDecals

[2026.08.30-14.04.18:542][437]LogNiagara: Warning: NiagaraSystem was nullptr for OverrideName "User.ImpactSurfaces".
[2026.08.30-14.04.18:542][437]LogNiagara: Warning: NiagaraSystem was nullptr for OverrideName "User.ImpactPositions".
[2026.08.30-14.04.18:542][437]LogNiagara: Warning: NiagaraSystem was nullptr for OverrideName "User.ImpactNormals".
[2026.08.30-14.04.18:542][437]LogScript: Warning: “无访问”正在尝试读取属性 Decal
	B_WeaponDecals_C /Game/WeaponSystem/Maps/L_WS_WeaponTest.L_WS_WeaponTest:PersistentLevel.B_WeaponDecals_C_0
	Function /Game/Effects/Blueprints/B_WeaponDecals.B_WeaponDecals_C:ExecuteUbergraph_B_WeaponDecals:03FA
Script call stack:
	Function /ShooterCore/Weapons/Pistol/GCN_Weapon_Pistol_Fire.GCN_Weapon_Pistol_Fire_C:OnBurst
	Function /Game/Weapons/B_Weapon.B_Weapon_C:Fire
	Function /Game/Weapons/B_Weapon.B_Weapon_C:ExecuteUbergraph_B_Weapon
	Function /Game/Effects/Blueprints/B_WeaponDecals.B_WeaponDecals_C:fire
	Function /Game/Effects/Blueprints/B_WeaponDecals.B_WeaponDecals_C:ExecuteUbergraph_B_WeaponDecals

[2026.08.30-14.04.18:542][437]LogScript: Warning: Script call stack:
	Function /ShooterCore/Weapons/Pistol/GCN_Weapon_Pistol_Fire.GCN_Weapon_Pistol_Fire_C:OnBurst
	Function /Game/Weapons/B_Weapon.B_Weapon_C:Fire
	Function /Game/Weapons/B_Weapon.B_Weapon_C:ExecuteUbergraph_B_Weapon
	Function /Game/Effects/Blueprints/B_WeaponDecals.B_WeaponDecals_C:fire
	Function /Game/Effects/Blueprints/B_WeaponDecals.B_WeaponDecals_C:ExecuteUbergraph_B_WeaponDecals

[2026.08.30-14.04.18:542][437]LogScript: Warning: Script Msg: Attempted to access index 0 from array 'TapIDs' of length 0 in '/ShooterCore/System/Audio/WeaponAudioFunctions.WeaponAudioFunctions_C:EarlyReflections'!
[2026.08.30-14.04.18:542][437]LogScript: Warning: Script call stack:
	/ShooterCore/System/Audio/WeaponAudioFunctions.WeaponAudioFunctions_C.EarlyReflections <---
	/ShooterCore/Weapons/Pistol/GCN_Weapon_Pistol_Fire.GCN_Weapon_Pistol_Fire_C.OnBurst
	/Script/GameplayAbilities.GameplayCueNotify_Static.OnExecute
	/Script/GameplayAbilities.AbilitySystemComponent.NetMulticast_InvokeGameplayCueExecuted_WithParams
	/Game/Weapons/GA_Weapon_Fire.GA_Weapon_Fire_C.ExecuteUbergraph_GA_Weapon_Fire
	/Game/Weapons/GA_Weapon_Fire.GA_Weapon_Fire_C.OnRangedWeaponTargetDataReady
	/Game/Weapons/GA_Weapon_Fire.GA_Weapon_Fire_C.ExecuteUbergraph_GA_Weapon_Fire
	/Game/Weapons/GA_Weapon_Fire.GA_Weapon_Fire_C.K2_ActivateAbility
	/ShooterCore/Bot/Services/BTS_Shoot.BTS_Shoot_C.ExecuteUbergraph_BTS_Shoot
	/ShooterCore/Bot/Services/BTS_Shoot.BTS_Shoot_C.ReceiveTickAI

[2026.08.30-14.04.18:542][437]LogTapDelay: Warning: Tried to set Invalid Tap ID 0!
[2026.08.30-14.04.18:542][437]LogScript: Warning: Script Msg: Attempted to access index 1 from array 'TapIDs' of length 0 in '/ShooterCore/System/Audio/WeaponAudioFunctions.WeaponAudioFunctions_C:EarlyReflections'!
[2026.08.30-14.04.18:542][437]LogScript: Warning: Script call stack:
	/ShooterCore/System/Audio/WeaponAudioFunctions.WeaponAudioFunctions_C.EarlyReflections <---
	/ShooterCore/Weapons/Pistol/GCN_Weapon_Pistol_Fire.GCN_Weapon_Pistol_Fire_C.OnBurst
	/Script/GameplayAbilities.GameplayCueNotify_Static.OnExecute
	/Script/GameplayAbilities.AbilitySystemComponent.NetMulticast_InvokeGameplayCueExecuted_WithParams
	/Game/Weapons/GA_Weapon_Fire.GA_Weapon_Fire_C.ExecuteUbergraph_GA_Weapon_Fire
	/Game/Weapons/GA_Weapon_Fire.GA_Weapon_Fire_C.OnRangedWeaponTargetDataReady
	/Game/Weapons/GA_Weapon_Fire.GA_Weapon_Fire_C.ExecuteUbergraph_GA_Weapon_Fire
	/Game/Weapons/GA_Weapon_Fire.GA_Weapon_Fire_C.K2_ActivateAbility
	/ShooterCore/Bot/Services/BTS_Shoot.BTS_Shoot_C.ExecuteUbergraph_BTS_Shoot
	/ShooterCore/Bot/Services/BTS_Shoot.BTS_Shoot_C.ReceiveTickAI

[2026.08.30-14.04.18:542][437]LogTapDelay: Warning: Tried to set Invalid Tap ID 0!
[2026.08.30-14.04.18:542][437]LogScript: Warning: Script Msg: Attempted to access index 4 from array 'TapIDs' of length 0 in '/ShooterCore/System/Audio/WeaponAudioFunctions.WeaponAudioFunctions_C:EarlyReflections'!
[2026.08.30-14.04.18:542][437]LogScript: Warning: Script call stack:
	/ShooterCore/System/Audio/WeaponAudioFunctions.WeaponAudioFunctions_C.EarlyReflections <---
	/ShooterCore/Weapons/Pistol/GCN_Weapon_Pistol_Fire.GCN_Weapon_Pistol_Fire_C.OnBurst
	/Script/GameplayAbilities.GameplayCueNotify_Static.OnExecute
	/Script/GameplayAbilities.AbilitySystemComponent.NetMulticast_InvokeGameplayCueExecuted_WithParams
	/Game/Weapons/GA_Weapon_Fire.GA_Weapon_Fire_C.ExecuteUbergraph_GA_Weapon_Fire
	/Game/Weapons/GA_Weapon_Fire.GA_Weapon_Fire_C.OnRangedWeaponTargetDataReady
	/Game/Weapons/GA_Weapon_Fire.GA_Weapon_Fire_C.ExecuteUbergraph_GA_Weapon_Fire
	/Game/Weapons/GA_Weapon_Fire.GA_Weapon_Fire_C.K2_ActivateAbility
	/ShooterCore/Bot/Services/BTS_Shoot.BTS_Shoot_C.ExecuteUbergraph_BTS_Shoot
	/ShooterCore/Bot/Services/BTS_Shoot.BTS_Shoot_C.ReceiveTickAI

[2026.08.30-14.04.18:542][437]LogTapDelay: Warning: Tried to set Invalid Tap ID 0!
[2026.08.30-14.04.18:542][437]LogScript: Warning: Script Msg: Attempted to access index 5 from array 'TapIDs' of length 0 in '/ShooterCore/System/Audio/WeaponAudioFunctions.WeaponAudioFunctions_C:EarlyReflections'!
[2026.08.30-14.04.18:542][437]LogScript: Warning: Script call stack:
	/ShooterCore/System/Audio/WeaponAudioFunctions.WeaponAudioFunctions_C.EarlyReflections <---
	/ShooterCore/Weapons/Pistol/GCN_Weapon_Pistol_Fire.GCN_Weapon_Pistol_Fire_C.OnBurst
	/Script/GameplayAbilities.GameplayCueNotify_Static.OnExecute
	/Script/GameplayAbilities.AbilitySystemComponent.NetMulticast_InvokeGameplayCueExecuted_WithParams
	/Game/Weapons/GA_Weapon_Fire.GA_Weapon_Fire_C.ExecuteUbergraph_GA_Weapon_Fire
	/Game/Weapons/GA_Weapon_Fire.GA_Weapon_Fire_C.OnRangedWeaponTargetDataReady
	/Game/Weapons/GA_Weapon_Fire.GA_Weapon_Fire_C.ExecuteUbergraph_GA_Weapon_Fire
	/Game/Weapons/GA_Weapon_Fire.GA_Weapon_Fire_C.K2_ActivateAbility
	/ShooterCore/Bot/Services/BTS_Shoot.BTS_Shoot_C.ExecuteUbergraph_BTS_Shoot
	/ShooterCore/Bot/Services/BTS_Shoot.BTS_Shoot_C.ReceiveTickAI

[2026.08.30-14.04.18:542][437]LogTapDelay: Warning: Tried to set Invalid Tap ID 0!
[2026.08.30-14.04.18:542][437]LogScript: Warning: Script Msg: Attempted to access index 2 from array 'TapIDs' of length 0 in '/ShooterCore/System/Audio/WeaponAudioFunctions.WeaponAudioFunctions_C:EarlyReflections'!
[2026.08.30-14.04.18:542][437]LogScript: Warning: Script call stack:
	/ShooterCore/System/Audio/WeaponAudioFunctions.WeaponAudioFunctions_C.EarlyReflections <---
	/ShooterCore/Weapons/Pistol/GCN_Weapon_Pistol_Fire.GCN_Weapon_Pistol_Fire_C.OnBurst
	/Script/GameplayAbilities.GameplayCueNotify_Static.OnExecute
	/Script/GameplayAbilities.AbilitySystemComponent.NetMulticast_InvokeGameplayCueExecuted_WithParams
	/Game/Weapons/GA_Weapon_Fire.GA_Weapon_Fire_C.ExecuteUbergraph_GA_Weapon_Fire
	/Game/Weapons/GA_Weapon_Fire.GA_Weapon_Fire_C.OnRangedWeaponTargetDataReady
	/Game/Weapons/GA_Weapon_Fire.GA_Weapon_Fire_C.ExecuteUbergraph_GA_Weapon_Fire
	/Game/Weapons/GA_Weapon_Fire.GA_Weapon_Fire_C.K2_ActivateAbility
	/ShooterCore/Bot/Services/BTS_Shoot.BTS_Shoot_C.ExecuteUbergraph_BTS_Shoot
	/ShooterCore/Bot/Services/BTS_Shoot.BTS_Shoot_C.ReceiveTickAI

[2026.08.30-14.04.18:542][437]LogTapDelay: Warning: Tried to set Invalid Tap ID 0!
[2026.08.30-14.04.18:542][437]LogScript: Warning: Script Msg: Attempted to access index 3 from array 'TapIDs' of length 0 in '/ShooterCore/System/Audio/WeaponAudioFunctions.WeaponAudioFunctions_C:EarlyReflections'!
[2026.08.30-14.04.18:542][437]LogScript: Warning: Script call stack:
	/ShooterCore/System/Audio/WeaponAudioFunctions.WeaponAudioFunctions_C.EarlyReflections <---
	/ShooterCore/Weapons/Pistol/GCN_Weapon_Pistol_Fire.GCN_Weapon_Pistol_Fire_C.OnBurst
	/Script/GameplayAbilities.GameplayCueNotify_Static.OnExecute
	/Script/GameplayAbilities.AbilitySystemComponent.NetMulticast_InvokeGameplayCueExecuted_WithParams
	/Game/Weapons/GA_Weapon_Fire.GA_Weapon_Fire_C.ExecuteUbergraph_GA_Weapon_Fire
	/Game/Weapons/GA_Weapon_Fire.GA_Weapon_Fire_C.OnRangedWeaponTargetDataReady
	/Game/Weapons/GA_Weapon_Fire.GA_Weapon_Fire_C.ExecuteUbergraph_GA_Weapon_Fire
	/Game/Weapons/GA_Weapon_Fire.GA_Weapon_Fire_C.K2_ActivateAbility
	/ShooterCore/Bot/Services/BTS_Shoot.BTS_Shoot_C.ExecuteUbergraph_BTS_Shoot
	/ShooterCore/Bot/Services/BTS_Shoot.BTS_Shoot_C.ReceiveTickAI

[2026.08.30-14.04.18:542][437]LogTapDelay: Warning: Tried to set Invalid Tap ID 0!
[2026.08.30-14.04.18:542][437]LogScript: Warning: Script Msg: Attempted to access index 6 from array 'TapIDs' of length 0 in '/ShooterCore/System/Audio/WeaponAudioFunctions.WeaponAudioFunctions_C:EarlyReflections'!
[2026.08.30-14.04.18:542][437]LogScript: Warning: Script call stack:
	/ShooterCore/System/Audio/WeaponAudioFunctions.WeaponAudioFunctions_C.EarlyReflections <---
	/ShooterCore/Weapons/Pistol/GCN_Weapon_Pistol_Fire.GCN_Weapon_Pistol_Fire_C.OnBurst
	/Script/GameplayAbilities.GameplayCueNotify_Static.OnExecute
	/Script/GameplayAbilities.AbilitySystemComponent.NetMulticast_InvokeGameplayCueExecuted_WithParams
	/Game/Weapons/GA_Weapon_Fire.GA_Weapon_Fire_C.ExecuteUbergraph_GA_Weapon_Fire
	/Game/Weapons/GA_Weapon_Fire.GA_Weapon_Fire_C.OnRangedWeaponTargetDataReady
	/Game/Weapons/GA_Weapon_Fire.GA_Weapon_Fire_C.ExecuteUbergraph_GA_Weapon_Fire
	/Game/Weapons/GA_Weapon_Fire.GA_Weapon_Fire_C.K2_ActivateAbility
	/ShooterCore/Bot/Services/BTS_Shoot.BTS_Shoot_C.ExecuteUbergraph_BTS_Shoot
	/ShooterCore/Bot/Services/BTS_Shoot.BTS_Shoot_C.ReceiveTickAI

[2026.08.30-14.04.18:542][437]LogTapDelay: Warning: Tried to set Invalid Tap ID 0!
[2026.08.30-14.04.18:542][437]LogScript: Warning: Script Msg: Attempted to access index 7 from array 'TapIDs' of length 0 in '/ShooterCore/System/Audio/WeaponAudioFunctions.WeaponAudioFunctions_C:EarlyReflections'!
[2026.08.30-14.04.18:542][437]LogScript: Warning: Script call stack:
	/ShooterCore/System/Audio/WeaponAudioFunctions.WeaponAudioFunctions_C.EarlyReflections <---
	/ShooterCore/Weapons/Pistol/GCN_Weapon_Pistol_Fire.GCN_Weapon_Pistol_Fire_C.OnBurst
	/Script/GameplayAbilities.GameplayCueNotify_Static.OnExecute
	/Script/GameplayAbilities.AbilitySystemComponent.NetMulticast_InvokeGameplayCueExecuted_WithParams
	/Game/Weapons/GA_Weapon_Fire.GA_Weapon_Fire_C.ExecuteUbergraph_GA_Weapon_Fire
	/Game/Weapons/GA_Weapon_Fire.GA_Weapon_Fire_C.OnRangedWeaponTargetDataReady
	/Game/Weapons/GA_Weapon_Fire.GA_Weapon_Fire_C.ExecuteUbergraph_GA_Weapon_Fire
	/Game/Weapons/GA_Weapon_Fire.GA_Weapon_Fire_C.K2_ActivateAbility
	/ShooterCore/Bot/Services/BTS_Shoot.BTS_Shoot_C.ExecuteUbergraph_BTS_Shoot
	/ShooterCore/Bot/Services/BTS_Shoot.BTS_Shoot_C.ReceiveTickAI

[2026.08.30-14.04.18:542][437]LogTapDelay: Warning: Tried to set Invalid Tap ID 0!
[2026.08.30-14.04.18:574][443]LogNiagara: Warning: NiagaraSystem was nullptr for OverrideName "User.ImpactPositions".
[2026.08.30-14.04.18:574][443]LogScript: Warning: “无访问”正在尝试读取属性 Decal
	B_WeaponDecals_C /Game/WeaponSystem/Maps/L_WS_WeaponTest.L_WS_WeaponTest:PersistentLevel.B_WeaponDecals_C_0
	Function /Game/Effects/Blueprints/B_WeaponDecals.B_WeaponDecals_C:ExecuteUbergraph_B_WeaponDecals:0123
Script call stack:
	Function /ShooterCore/Weapons/Pistol/GCN_Weapon_Pistol_Fire.GCN_Weapon_Pistol_Fire_C:OnBurst
	Function /Game/Weapons/B_Weapon.B_Weapon_C:Fire
	Function /Game/Weapons/B_Weapon.B_Weapon_C:ExecuteUbergraph_B_Weapon
	Function /Game/Effects/Blueprints/B_WeaponDecals.B_WeaponDecals_C:fire
	Function /Game/Effects/Blueprints/B_WeaponDecals.B_WeaponDecals_C:ExecuteUbergraph_B_WeaponDecals

[2026.08.30-14.04.18:574][443]LogScript: Warning: Script call stack:
	Function /ShooterCore/Weapons/Pistol/GCN_Weapon_Pistol_Fire.GCN_Weapon_Pistol_Fire_C:OnBurst
	Function /Game/Weapons/B_Weapon.B_Weapon_C:Fire
	Function /Game/Weapons/B_Weapon.B_Weapon_C:ExecuteUbergraph_B_Weapon
	Function /Game/Effects/Blueprints/B_WeaponDecals.B_WeaponDecals_C:fire
	Function /Game/Effects/Blueprints/B_WeaponDecals.B_WeaponDecals_C:ExecuteUbergraph_B_WeaponDecals

[2026.08.30-14.04.18:574][443]LogNiagara: Warning: NiagaraSystem was nullptr for OverrideName "User.ImpactSurfaces".
[2026.08.30-14.04.18:574][443]LogNiagara: Warning: NiagaraSystem was nullptr for OverrideName "User.ImpactPositions".
[2026.08.30-14.04.18:574][443]LogNiagara: Warning: NiagaraSystem was nullptr for OverrideName "User.ImpactNormals".
[2026.08.30-14.04.18:574][443]LogScript: Warning: “无访问”正在尝试读取属性 Decal
	B_WeaponDecals_C /Game/WeaponSystem/Maps/L_WS_WeaponTest.L_WS_WeaponTest:PersistentLevel.B_WeaponDecals_C_0
	Function /Game/Effects/Blueprints/B_WeaponDecals.B_WeaponDecals_C:ExecuteUbergraph_B_WeaponDecals:03FA
Script call stack:
	Function /ShooterCore/Weapons/Pistol/GCN_Weapon_Pistol_Fire.GCN_Weapon_Pistol_Fire_C:OnBurst
	Function /Game/Weapons/B_Weapon.B_Weapon_C:Fire
	Function /Game/Weapons/B_Weapon.B_Weapon_C:ExecuteUbergraph_B_Weapon
	Function /Game/Effects/Blueprints/B_WeaponDecals.B_WeaponDecals_C:fire
	Function /Game/Effects/Blueprints/B_WeaponDecals.B_WeaponDecals_C:ExecuteUbergraph_B_WeaponDecals

[2026.08.30-14.04.18:574][443]LogScript: Warning: Script call stack:
	Function /ShooterCore/Weapons/Pistol/GCN_Weapon_Pistol_Fire.GCN_Weapon_Pistol_Fire_C:OnBurst
	Function /Game/Weapons/B_Weapon.B_Weapon_C:Fire
	Function /Game/Weapons/B_Weapon.B_Weapon_C:ExecuteUbergraph_B_Weapon
	Function /Game/Effects/Blueprints/B_WeaponDecals.B_WeaponDecals_C:fire
	Function /Game/Effects/Blueprints/B_WeaponDecals.B_WeaponDecals_C:ExecuteUbergraph_B_WeaponDecals

[2026.08.30-14.04.18:586][444]LogBlueprintUserMessages: [Default__GCN_InteractPickUp_C] NOT VALID
[2026.08.30-14.04.18:605][448]LogNiagara: Warning: NiagaraSystem was nullptr for OverrideName "User.ImpactPositions".
[2026.08.30-14.04.18:605][448]LogScript: Warning: “无访问”正在尝试读取属性 Decal
	B_WeaponDecals_C /Game/WeaponSystem/Maps/L_WS_WeaponTest.L_WS_WeaponTest:PersistentLevel.B_WeaponDecals_C_1
	Function /Game/Effects/Blueprints/B_WeaponDecals.B_WeaponDecals_C:ExecuteUbergraph_B_WeaponDecals:0123
Script call stack:
	Function /ShooterCore/Weapons/Pistol/GCN_Weapon_Pistol_Fire.GCN_Weapon_Pistol_Fire_C:OnBurst
	Function /Game/Weapons/B_Weapon.B_Weapon_C:Fire
	Function /Game/Weapons/B_Weapon.B_Weapon_C:ExecuteUbergraph_B_Weapon
	Function /Game/Effects/Blueprints/B_WeaponDecals.B_WeaponDecals_C:fire
	Function /Game/Effects/Blueprints/B_WeaponDecals.B_WeaponDecals_C:ExecuteUbergraph_B_WeaponDecals

[2026.08.30-14.04.18:605][448]LogScript: Warning: Script call stack:
	Function /ShooterCore/Weapons/Pistol/GCN_Weapon_Pistol_Fire.GCN_Weapon_Pistol_Fire_C:OnBurst
	Function /Game/Weapons/B_Weapon.B_Weapon_C:Fire
	Function /Game/Weapons/B_Weapon.B_Weapon_C:ExecuteUbergraph_B_Weapon
	Function /Game/Effects/Blueprints/B_WeaponDecals.B_WeaponDecals_C:fire
	Function /Game/Effects/Blueprints/B_WeaponDecals.B_WeaponDecals_C:ExecuteUbergraph_B_WeaponDecals

[2026.08.30-14.04.18:605][448]LogNiagara: Warning: NiagaraSystem was nullptr for OverrideName "User.ImpactSurfaces".
[2026.08.30-14.04.18:605][448]LogNiagara: Warning: NiagaraSystem was nullptr for OverrideName "User.ImpactPositions".
[2026.08.30-14.04.18:605][448]LogNiagara: Warning: NiagaraSystem was nullptr for OverrideName "User.ImpactNormals".
[2026.08.30-14.04.18:605][448]LogScript: Warning: “无访问”正在尝试读取属性 Decal
	B_WeaponDecals_C /Game/WeaponSystem/Maps/L_WS_WeaponTest.L_WS_WeaponTest:PersistentLevel.B_WeaponDecals_C_1
	Function /Game/Effects/Blueprints/B_WeaponDecals.B_WeaponDecals_C:ExecuteUbergraph_B_WeaponDecals:03FA
Script call stack:
	Function /ShooterCore/Weapons/Pistol/GCN_Weapon_Pistol_Fire.GCN_Weapon_Pistol_Fire_C:OnBurst
	Function /Game/Weapons/B_Weapon.B_Weapon_C:Fire
	Function /Game/Weapons/B_Weapon.B_Weapon_C:ExecuteUbergraph_B_Weapon
	Function /Game/Effects/Blueprints/B_WeaponDecals.B_WeaponDecals_C:fire
	Function /Game/Effects/Blueprints/B_WeaponDecals.B_WeaponDecals_C:ExecuteUbergraph_B_WeaponDecals

[2026.08.30-14.04.18:605][448]LogScript: Warning: Script call stack:
	Function /ShooterCore/Weapons/Pistol/GCN_Weapon_Pistol_Fire.GCN_Weapon_Pistol_Fire_C:OnBurst
	Function /Game/Weapons/B_Weapon.B_Weapon_C:Fire
	Function /Game/Weapons/B_Weapon.B_Weapon_C:ExecuteUbergraph_B_Weapon
	Function /Game/Effects/Blueprints/B_WeaponDecals.B_WeaponDecals_C:fire
	Function /Game/Effects/Blueprints/B_WeaponDecals.B_WeaponDecals_C:ExecuteUbergraph_B_WeaponDecals

[2026.08.30-14.04.18:626][450]LogLoadingScreen: Loading screen showing: 1. Reason: Keeping loading screen up for an additional 2.00 seconds to allow texture streaming
[2026.08.30-14.04.18:626][451]LogWindows: FPlatformMisc::RequestExit(0, FEngineLoop::Tick.Benchmarking)
[2026.08.30-14.04.18:626][451]LogWindows: FPlatformMisc::RequestExitWithStatus(0, 0, FEngineLoop::Tick.Benchmarking)
[2026.08.30-14.04.18:626][451]LogCore: Engine exit requested (reason: Win RequestExit)
[2026.08.30-14.04.18:636][452]LogCore: Engine exit requested (reason: EngineExit() was called; note: exit was already requested)
[2026.08.30-14.04.18:636][452]LogStaticMesh: Abandoning remaining async distance field tasks for shutdown
[2026.08.30-14.04.18:636][452]LogStaticMesh: Abandoning remaining async card representation tasks for shutdown
[2026.08.30-14.04.18:636][452]LogInit: Display: PreExit Game.
[2026.08.30-14.04.18:636][452]LogWorld: BeginTearingDown for /Game/WeaponSystem/Maps/L_WS_WeaponTest
[2026.08.30-14.04.18:667][452]LogBlueprintUserMessages: [NameplateManagerComponent_C] NameplateManager Shutdown
[2026.08.30-14.04.18:667][452]LogCommonGame: RemoveLocalPlayer: Unsetting Primary Player from LyraLocalPlayer_0
[2026.08.30-14.04.18:678][452]LogChartCreation: Stopped creating FPS charts at 16819577.387165 seconds
[2026.08.30-14.04.18:678][452]LogWorld: UWorld::CleanupWorld for L_WS_WeaponTest, bSessionEnded=true, bCleanupResources=true
[2026.08.30-14.04.18:678][452]LogLyraGamePhase: Ended Phase 'ShooterGame.GamePhase.Warmup' (Phase_Warmup_C_0)
[2026.08.30-14.04.18:678][452]LogBlueprintUserMessages: [Phase_Warmup_C_0] Warmup Phase Ended
[2026.08.30-14.04.18:678][452]LogSlate: InvalidateAllWidgets triggered.  All widgets were invalidated
[2026.08.30-14.04.18:678][452]LogWorldMetrics: [UWorldMetricsSubsystem::Deinitialize]
[2026.08.30-14.04.18:678][452]LogWorldMetrics: [UWorldMetricsSubsystem::Clear]
[2026.08.30-14.04.18:723][452]LogGameFeatures: Shutting down game features subsystem
[2026.08.30-14.04.18:723][452]LogSlate: Window 'Lyra （64-位 Development PCD3D_SM5） ' being destroyed
[2026.08.30-14.04.18:729][452]LogSlate: Slate User Destroyed.  User Index 0, Is Virtual User: 0
[2026.08.30-14.04.18:729][452]LogExit: Preparing to exit.
[2026.08.30-14.04.18:881][452]LogUObjectHash: Compacting FUObjectHashTables data took   3.73ms
[2026.08.30-14.04.18:885][452]LogPython: Display: Object '/Engine/PythonTypes.add_controls_for_selected' was externally referenced when shutting down Python. Forcibly releasing its Python resources!
[2026.08.30-14.04.18:885][452]LogPython: Display: Object '/Engine/PythonTypes.add_null_above_selected' was externally referenced when shutting down Python. Forcibly releasing its Python resources!
[2026.08.30-14.04.18:885][452]LogPython: Display: Object '/Engine/PythonTypes.align_translation_rotation' was externally referenced when shutting down Python. Forcibly releasing its Python resources!
[2026.08.30-14.04.18:885][452]LogPython: Display: Object '/Engine/PythonTypes.align_translation_all' was externally referenced when shutting down Python. Forcibly releasing its Python resources!
[2026.08.30-14.04.18:885][452]LogPython: Display: Object '/Engine/PythonTypes.align_translation_x' was externally referenced when shutting down Python. Forcibly releasing its Python resources!
[2026.08.30-14.04.18:885][452]LogPython: Display: Object '/Engine/PythonTypes.align_translation_y' was externally referenced when shutting down Python. Forcibly releasing its Python resources!
[2026.08.30-14.04.18:885][452]LogPython: Display: Object '/Engine/PythonTypes.align_translation_z' was externally referenced when shutting down Python. Forcibly releasing its Python resources!
[2026.08.30-14.04.18:885][452]LogPython: Display: Object '/Engine/PythonTypes.align_rotation' was externally referenced when shutting down Python. Forcibly releasing its Python resources!
[2026.08.30-14.04.18:885][452]LogPython: Display: Object '/Engine/PythonTypes.align_scale' was externally referenced when shutting down Python. Forcibly releasing its Python resources!
[2026.08.30-14.04.18:885][452]LogPython: Display: Object '/Engine/PythonTypes.search_replace_entry' was externally referenced when shutting down Python. Forcibly releasing its Python resources!
[2026.08.30-14.04.18:885][452]LogPython: Display: Object '/Engine/PythonTypes.add_prefix_entry' was externally referenced when shutting down Python. Forcibly releasing its Python resources!
[2026.08.30-14.04.18:885][452]LogPython: Display: Object '/Engine/PythonTypes.add_suffix_entry' was externally referenced when shutting down Python. Forcibly releasing its Python resources!
[2026.08.30-14.04.18:885][452]LogPython: Display: Object '/Engine/PythonTypes.do_rename_entry' was externally referenced when shutting down Python. Forcibly releasing its Python resources!
[2026.08.30-14.04.18:885][452]LogPython: Display: Object '/Engine/PythonTypes.set_bone_reference_pose' was externally referenced when shutting down Python. Forcibly releasing its Python resources!
[2026.08.30-14.04.19:081][452]LogSlate: Updating window title bar state: overlay mode, drag disabled, window buttons hidden, title bar hidden
[2026.08.30-14.04.19:297][452]LogOnline: Display: OSS: Removing 1 named interfaces
[2026.08.30-14.04.19:326][452]LogDemo: Cleaned up 0 splitscreen connections, owner deletion: enabled
[2026.08.30-14.04.19:378][452]LogExit: Game engine shut down
[2026.08.30-14.04.19:905][452]LogExit: Object subsystem successfully closed.
[2026.08.30-14.04.19:966][452]LogShaderCompilers: Display: Shaders left to compile 0
[2026.08.30-14.04.20:321][452]LogOpenImageDenoise: OIDN shutting down
[2026.08.30-14.04.20:341][452]LogSteamShared: Freeing the Steam Loaded Modules...
[2026.08.30-14.04.20:351][452]LogAudioModulation: Audio Modulation Shutdown
[2026.08.30-14.04.20:351][452]LogGauntlet: Gauntlet Shutdown
[2026.08.30-14.04.20:423][452]LogBackChannel: Closing connection FBackChannelConnection Client Socket
[2026.08.30-14.04.20:557][452]LogEOSSDK: FEOSSDKManager::Shutdown EOS_Shutdown Result=[EOS_Success]
[2026.08.30-14.04.20:557][452]LogXGEController: Cleaning working directory: C:/Users/LX/AppData/Local/Temp/UnrealXGEWorkingDir/
[2026.08.30-14.04.20:587][452]LogPakFile: Destroying PakPlatformFile
[2026.08.30-14.04.20:651][452]LogExit: Exiting.
[2026.08.30-14.04.20:692][452]Log file closed, 08/30/26 22:04:20
